Team,Player,x,y,xG,Distance,Outcome,Body Part,Shot Type
Arsenal,Aaron Ramsey,94.5,42.9,0.0388317,25.664372191814863,Blocked,Left Foot,Open Play
Chelsea,Francesc Fàbregas i Soler,93.5,48.4,0.031541128,27.79946042641835,Saved,Right Foot,Open Play
Arsenal,Alexis Alejandro Sánchez Sánchez,89.8,22.3,0.0066598873,35.00471396826433,Off T,Right Foot,Open Play
Chelsea,Diego da Silva Costa,98.2,26.0,0.022901611,25.908299828433357,Saved,Right Foot,Open Play
Arsenal,Theo Walcott,105.7,24.2,0.04974059,21.31032613546775,Saved,Right Foot,Open Play
Chelsea,Pedro Eliezer Rodríguez Ledesma,115.1,45.5,0.40097466,7.366138744281162,Saved,Right Foot,Open Play
Arsenal,Aaron Ramsey,103.9,23.5,0.023206672,23.05341623274086,Off T,Right Foot,Open Play
Chelsea,Kurt Happy Zouma,87.3,42.5,0.020537829,32.79542651041453,Off T,Right Foot,Open Play
Chelsea,Pedro Eliezer Rodríguez Ledesma,92.6,47.4,0.03388771,28.38168423473139,Off T,Right Foot,Open Play
Chelsea,Francesc Fàbregas i Soler,95.7,28.2,0.02670228,27.0135151359463,Blocked,Right Foot,Open Play
Chelsea,Francesc Fàbregas i Soler,109.7,35.7,0.070368364,11.161541112229974,Wayward,Head,Open Play
Chelsea,Branislav Ivanović,88.5,46.8,0.02306685,32.225610932921036,Blocked,Right Foot,Open Play
Chelsea,Pedro Eliezer Rodríguez Ledesma,97.0,39.6,0.051289365,23.003477997902838,Saved,Right Foot,Open Play
Chelsea,Pedro Eliezer Rodríguez Ledesma,106.2,50.0,0.047126833,17.042300314218146,Off T,Right Foot,Open Play
Arsenal,Alexis Alejandro Sánchez Sánchez,95.2,44.9,0.07817649,25.279438284898657,Blocked,Right Foot,Free Kick
Chelsea,Nemanja Matić,83.7,41.5,0.009548494,36.330978516962624,Blocked,Left Foot,Open Play
Chelsea,Kurt Happy Zouma,112.3,42.5,0.19744614,8.095677859203642,Goal,Head,Open Play
Chelsea,Eden Hazard,98.5,27.4,0.030608306,24.920072231034965,Saved,Right Foot,Open Play
Arsenal,Alexis Alejandro Sánchez Sánchez,112.9,47.6,0.097416475,10.400480758118825,Off T,Right Foot,Open Play
Arsenal,Theo Walcott,100.0,19.7,0.011941639,28.497192844208357,Off T,Right Foot,Open Play
Chelsea,Eden Hazard,102.0,52.6,0.04208766,21.971800108320668,Off T,Right Foot,Open Play
Chelsea,Diego da Silva Costa,109.6,33.8,0.08795297,12.107848694132256,Wayward,Left Foot,Open Play
Chelsea,Francesc Fàbregas i Soler,96.7,35.3,0.03997012,23.76930794112441,Blocked,Right Foot,Open Play
Chelsea,Pedro Eliezer Rodríguez Ledesma,96.1,41.9,0.070070244,23.975404063331244,Off T,Right Foot,Open Play
Arsenal,Theo Walcott,100.8,29.4,0.025204938,21.931712199461312,Blocked,Right Foot,Open Play
Chelsea,Nemanja Matić,94.9,33.8,0.03308965,25.854400012377,Blocked,Left Foot,Open Play
Chelsea,Eden Hazard,97.9,41.4,0.08022562,22.144299492194367,Blocked,Right Foot,Free Kick
Chelsea,Loïc Rémy,107.1,40.7,0.09379961,12.918978287774934,Blocked,Right Foot,Open Play
Chelsea,Eden Hazard,103.7,33.6,0.14941259,17.511424842085233,Blocked,Right Foot,Open Play
Arsenal,Theo Walcott,115.1,44.4,0.33881876,6.585590330410787,Wayward,Head,Open Play
Arsenal,Aaron Ramsey,109.7,41.5,0.1675297,10.408650248711403,Saved,Right Foot,Open Play
Chelsea,Ramires Santos do Nascimento,102.2,32.6,0.07621928,19.276929216034382,Blocked,Left Foot,Open Play
Chelsea,Branislav Ivanović,88.4,53.9,0.0061072973,34.52202195700593,Blocked,Right Foot,Open Play
Aston Villa,Scott Sinclair,98.1,54.3,0.04153543,26.155305389155757,Saved,Left Foot,Open Play
Arsenal,Olivier Giroud,108.3,40.2,0.7835,11.701709276853535,Goal,Left Foot,Penalty
Arsenal,Olivier Giroud,108.6,43.4,0.083645426,11.896217886370446,Blocked,Head,Open Play
Arsenal,Laurent Koscielny,111.6,33.8,0.057764526,10.440306508910558,Off T,Right Foot,Open Play
Aston Villa,Leandro Bacuna,108.0,26.3,0.068181805,18.212358441453976,Off T,Left Foot,Open Play
Aston Villa,Jordan Ayew,105.6,22.7,0.024126757,22.508887133752307,Blocked,Right Foot,Open Play
Aston Villa,Idrissa Gana Gueye,92.0,35.3,0.031866387,28.391724146307144,Off T,Right Foot,Open Play
Arsenal,Aaron Ramsey,105.7,36.9,0.71904194,14.632156368765335,Goal,Right Foot,Open Play
Arsenal,Aaron Ramsey,96.9,40.2,0.037833,23.100865784641055,Blocked,Right Foot,Open Play
Aston Villa,Alan Hutton,115.6,46.6,0.10365055,7.932212806020781,Off T,Head,Open Play
Aston Villa,Rudy Gestede,107.9,37.6,0.06206297,12.335720489699815,Wayward,Head,Open Play
Aston Villa,Jordan Veretout,97.3,53.8,0.02500054,26.56557923328607,Off T,Right Foot,Open Play
Aston Villa,Rudy Gestede,112.5,44.6,0.091126874,8.798295289429653,Off T,Head,Open Play
Aston Villa,Idrissa Gana Gueye,93.5,50.2,0.022351462,28.39524608099039,Blocked,Right Foot,Open Play
Aston Villa,Carlos Alberto Sánchez Moreno,90.9,41.6,0.022984756,29.143953060626483,Saved,Right Foot,Open Play
Aston Villa,Jordan Veretout,94.3,56.0,0.022601364,30.273585846410732,Blocked,Right Foot,Open Play
Aston Villa,Scott Sinclair,115.2,44.1,0.2272298,6.312685640834651,Off T,Head,Open Play
Aston Villa,Carles Gil de Pareja Vicent,95.8,38.9,0.032634236,24.224987100099767,Blocked,Left Foot,Open Play
Aston Villa,Jordan Veretout,99.9,45.9,0.04032639,20.948030933717845,Off T,Left Foot,Open Play
Aston Villa,Leandro Bacuna,101.8,23.4,0.0392699,24.633310780323463,Off T,Right Foot,Open Play
Arsenal,Kieran Gibbs,103.2,36.2,0.044319924,17.22440129583609,Blocked,Head,Open Play
Aston Villa,Idrissa Gana Gueye,95.2,30.9,0.022195127,26.41685068285014,Off T,Right Foot,Open Play
Aston Villa,Carles Gil de Pareja Vicent,92.9,34.9,0.038047235,27.575713952679443,Off T,Left Foot,Open Play
Aston Villa,Carles Gil de Pareja Vicent,104.8,57.9,0.029532647,23.48297255459794,Blocked,Left Foot,Open Play
Arsenal,Alex Oxlade-Chamberlain,106.6,49.3,0.06298616,16.311039206623228,Saved,Right Foot,Open Play
Aston Villa,Adama Traoré Diarra,107.6,54.3,0.08406523,18.9274932307477,Off T,Right Foot,Open Play
Arsenal,Aaron Ramsey,114.6,24.1,0.014339935,16.791962362987835,Off T,Right Foot,Open Play
Arsenal,Héctor Bellerín Moruno,105.8,44.6,0.10026226,14.926486525636236,Saved,Head,Open Play
Manchester City,David Josué Jiménez Silva,98.8,50.3,0.041049615,23.56968391811821,Off T,Left Foot,Open Play
Manchester City,Fernando Luiz Roza,94.7,24.8,0.020903872,29.514911485552513,Off T,Right Foot,Open Play
Manchester City,David Josué Jiménez Silva,108.2,30.2,0.059302077,15.338839591051206,Blocked,Left Foot,Open Play
Manchester City,Kevin De Bruyne,107.2,60.5,0.008411573,24.167953988701647,Blocked,Left Foot,Open Play
Manchester City,Kevin De Bruyne,101.1,56.7,0.02781227,25.221022976873883,Saved,Left Foot,Open Play
Manchester City,Kevin De Bruyne,108.7,53.2,0.13341597,17.376133056580798,Off T,Right Foot,Open Play
Arsenal,Theo Walcott,100.9,25.3,0.034853064,24.101867147588376,Goal,Right Foot,Open Play
Manchester City,Gnégnéri Yaya Touré,111.4,46.8,0.044301234,10.96357605893259,Wayward,Head,Open Play
Arsenal,Olivier Giroud,111.7,26.5,0.10357236,15.847397262642215,Goal,Left Foot,Open Play
Manchester City,Aleksandar Kolarov,91.8,25.4,0.012818143,31.755314515841285,Blocked,Left Foot,Open Play
Manchester City,Sergio Leonel Agüero del Castillo,103.2,37.1,0.1318786,17.048460341039593,Saved,Right Foot,Open Play
Arsenal,Joel Nathaniel Campbell Samuels,111.8,37.5,0.21412638,8.57263086805912,Off T,Left Foot,Open Play
Manchester City,Sergio Leonel Agüero del Castillo,106.3,35.9,0.034098778,14.300349646075095,Saved,Head,Open Play
Arsenal,Joel Nathaniel Campbell Samuels,112.6,53.3,0.071731,15.22005256232711,Saved,Left Foot,Open Play
Arsenal,Aaron Ramsey,111.4,36.2,0.49588525,9.402127418834521,Saved,Right Foot,Open Play
Manchester City,Wilfried Guemiand Bony,109.1,39.9,0.07706488,10.90045870594445,Wayward,Head,Open Play
Manchester City,Aleksandar Kolarov,93.7,18.7,0.006918464,33.84346317976338,Blocked,Left Foot,Open Play
Arsenal,Aaron Ramsey,102.8,36.1,0.09111866,17.636609651517496,Off T,Right Foot,Open Play
Manchester City,Raheem Sterling,99.7,22.5,0.024466073,26.801865606707306,Saved,Right Foot,Open Play
Manchester City,Wilfried Guemiand Bony,109.0,37.3,0.046848908,11.326517558367179,Saved,Head,Open Play
Arsenal,Theo Walcott,94.6,36.2,0.041459296,25.68267898798722,Saved,Right Foot,Open Play
Manchester City,Gnégnéri Yaya Touré,101.1,52.0,0.04421788,22.387719848166768,Goal,Left Foot,Open Play
Arsenal,Aaron Ramsey,109.7,29.4,0.30123034,14.780054127099806,Off T,Left Foot,Open Play
Manchester City,Wilfried Guemiand Bony,104.0,47.3,0.11095885,17.586642658563346,Blocked,Right Foot,Open Play
Manchester City,Wilfried Guemiand Bony,109.5,37.7,0.05624884,10.748953437428222,Off T,Head,Open Play
Manchester City,Gnégnéri Yaya Touré,106.8,35.3,0.35093418,14.011780757633916,Off T,Left Foot,Open Play
Manchester City,Fernando Luiz Roza,89.1,49.3,0.018215073,32.26918034285966,Blocked,Right Foot,Open Play
Arsenal,Ignacio Monreal Eraso,107.6,28.2,0.058628954,17.117242768623694,Off T,Left Foot,Open Play
Arsenal,Joel Nathaniel Campbell Samuels,99.8,52.8,0.040083643,23.914012628582434,Off T,Left Foot,Open Play
Swansea City,Bafétimbi Gomis,110.4,45.9,0.117854,11.268096556206816,Saved,Head,Open Play
Arsenal,Olivier Giroud,104.5,46.9,0.20338157,16.966437457521835,Off T,Left Foot,Open Play
Swansea City,Gylfi Þór Sigurðsson,100.1,21.1,0.012535366,27.44485379811669,Blocked,Right Foot,Free Kick
Swansea City,Jonjo Shelvey,109.2,38.5,0.046689555,10.903669107231746,Off T,Head,Open Play
Arsenal,Joel Nathaniel Campbell Samuels,95.4,43.4,0.04595543,24.833847869389867,Saved,Left Foot,Open Play
Swansea City,Gylfi Þór Sigurðsson,91.3,32.7,0.022285765,29.61384811198977,Blocked,Right Foot,Open Play
Arsenal,Olivier Giroud,113.0,40.5,0.12239959,7.0178344238090995,Goal,Head,Open Play
Swansea City,Gylfi Þór Sigurðsson,97.5,32.1,0.055132754,23.846593048064538,Saved,Left Foot,Open Play
Swansea City,Gylfi Þór Sigurðsson,99.5,50.8,0.04358182,23.170886905770352,Blocked,Right Foot,Open Play
Arsenal,Alexis Alejandro Sánchez Sánchez,101.9,27.0,0.031992633,22.284748147555984,Off T,Right Foot,Open Play
Arsenal,Laurent Koscielny,112.4,42.5,0.08546485,8.000624975587838,Wayward,Head,Open Play
Arsenal,Alexis Alejandro Sánchez Sánchez,114.4,30.5,0.10511785,11.027692415006864,Off T,Head,Open Play
Arsenal,Laurent Koscielny,113.9,43.3,0.6125727,6.935416353759874,Goal,Right Foot,Open Play
Arsenal,Joel Nathaniel Campbell Samuels,112.8,49.0,0.21403745,11.52562362737913,Goal,Left Foot,Open Play
Swansea City,Ashley Williams,100.1,25.0,0.031951834,24.92007223103497,Saved,Left Foot,Open Play
Arsenal,Joel Nathaniel Campbell Samuels,100.8,23.8,0.028054954,25.12130569854999,Off T,Left Foot,Open Play
Arsenal,Alexis Alejandro Sánchez Sánchez,111.8,55.1,0.0393697,17.182840277439585,Blocked,Right Foot,Open Play
Arsenal,Mesut Özil,108.7,51.8,0.060334682,16.337992532744035,Saved,Left Foot,Open Play
Sunderland,Fabio Borini,102.0,50.8,0.13590072,20.99142682144308,Saved,Right Foot,Open Play
Arsenal,Aaron Ramsey,95.5,35.5,0.03983675,24.9098374141623,Off T,Right Foot,Open Play
Sunderland,Duncan Watmore,113.9,41.9,0.1528157,6.389053137985309,Off T,Head,Open Play
Sunderland,Yann Gérard M'Vila,89.3,48.9,0.02001482,31.964042297556798,Off T,Right Foot,Open Play
Arsenal,Aaron Ramsey,92.9,41.8,0.025886346,27.15971281144187,Blocked,Right Foot,Open Play
Sunderland,Fabio Borini,109.3,36.0,0.05504455,11.423221962301183,Off T,Head,Open Play
Arsenal,Joel Nathaniel Campbell Samuels,107.0,27.1,0.14589794,18.31420213932346,Goal,Left Foot,Open Play
Arsenal,Aaron Ramsey,108.8,33.4,0.24243128,13.000000000000004,Off T,Right Foot,Open Play
Sunderland,DeAndre Yedlin,88.0,45.3,0.018658962,32.43593686021725,Wayward,Right Foot,Open Play
Arsenal,Alex Oxlade-Chamberlain,91.5,36.0,0.029070292,28.77933286231632,Blocked,Right Foot,Open Play
Arsenal,Aaron Ramsey,102.7,25.5,0.012476251,22.572992712531494,Blocked,Right Foot,Open Play
Sunderland,Steven Fletcher,92.2,50.5,0.019865463,29.71683024819437,Saved,Left Foot,Open Play
Sunderland,Steven Fletcher,116.8,35.1,0.22859909,5.852349955359813,Saved,Left Foot,Open Play
Arsenal,Mesut Özil,99.5,23.0,0.024718713,26.63174797117155,Off T,Left Foot,Open Play
Arsenal,Olivier Giroud,108.8,34.3,0.11984975,12.56702033100926,Goal,Head,Open Play
Arsenal,Theo Walcott,108.0,25.5,0.030138908,18.82153022471871,Wayward,Right Foot,Open Play
Arsenal,Héctor Bellerín Moruno,108.9,52.8,0.045087036,16.942549985170466,Blocked,Right Foot,Open Play
Arsenal,Olivier Giroud,114.0,46.2,0.07143857,8.627861844049198,Blocked,Head,Open Play
Arsenal,Aaron Ramsey,111.5,47.4,0.15989672,11.269871339105872,Saved,Right Foot,Open Play
Sunderland,Yann Gérard M'Vila,90.2,39.0,0.022494936,29.816773802676906,Off T,Right Foot,Open Play
Sunderland,Duncan Watmore,108.8,53.8,0.09027687,17.773013250431116,Saved,Right Foot,Open Play
Sunderland,Patrick van Aanholt,106.2,27.6,0.13151245,18.552627846210893,Off T,Right Foot,Open Play
Arsenal,Aaron Ramsey,105.6,33.2,0.2151827,15.92482338991551,Saved,Right Foot,Open Play
Arsenal,Calum Chambers,97.4,44.4,0.041664135,23.0243349523933,Saved,Left Foot,Open Play
Arsenal,Calum Chambers,108.7,50.6,0.14443657,15.493547043850223,Blocked,Right Foot,Open Play
Arsenal,Aaron Ramsey,114.5,35.8,0.49451068,6.9202601107183845,Goal,Right Foot,Open Play
Liverpool,Christian Benteke Liolo,107.3,30.8,0.06821079,15.682155464093578,Off T,Left Foot,Open Play
Liverpool,Philippe Coutinho Correia,108.0,48.2,0.13439108,14.534097839219333,Post,Right Foot,Open Play
Arsenal,Alexis Alejandro Sánchez Sánchez,113.6,40.0,0.23137365,6.400000000000006,Off T,Head,Open Play
Arsenal,Alexis Alejandro Sánchez Sánchez,112.4,36.7,0.35746992,8.285529554590937,Saved Off Target,Right Foot,Open Play
Liverpool,Christian Benteke Liolo,110.6,55.1,0.052029558,17.786792853125608,Saved,Right Foot,Open Play
Arsenal,Alexis Alejandro Sánchez Sánchez,106.6,25.1,0.020304073,20.03921156133644,Blocked,Right Foot,Open Play
Liverpool,James Philip Milner,108.5,55.3,0.031531822,19.14001044931794,Blocked,Right Foot,Open Play
Liverpool,Dejan Lovren,109.2,40.5,0.045988224,10.811567878897119,Blocked,Head,Open Play
Arsenal,Olivier Giroud,109.1,37.2,0.041074086,11.253888216967509,Saved,Head,Open Play
Liverpool,James Philip Milner,114.6,31.4,0.16320802,10.154801819828888,Saved,Right Foot,Open Play
Liverpool,Nathaniel Edwin Clyne,102.1,52.4,0.04102502,21.77544488638522,Blocked,Left Foot,Open Play
Arsenal,Olivier Giroud,108.7,38.3,0.06631777,11.42716062720744,Wayward,Head,Open Play
Liverpool,Christian Benteke Liolo,109.6,39.2,0.05533009,10.430723848324243,Blocked,Head,Open Play
Liverpool,Christian Benteke Liolo,113.9,41.1,0.49856853,6.1983868869246885,Saved,Right Foot,Open Play
Liverpool,Roberto Firmino Barbosa de Oliveira,112.3,55.4,0.013416295,17.217723426748382,Saved,Right Foot,Open Play
Liverpool,Roberto Firmino Barbosa de Oliveira,103.1,52.4,0.047341608,20.961154548354443,Off T,Left Foot,Open Play
Liverpool,Christian Benteke Liolo,107.7,41.4,0.048366886,12.379418403139946,Wayward,Head,Open Play
Liverpool,Philippe Coutinho Correia,108.5,22.5,0.0121428,20.940391591371924,Post,Right Foot,Open Play
Arsenal,Santiago Cazorla González,93.6,30.2,0.024521416,28.16025568065745,Blocked,Left Foot,Open Play
Arsenal,Olivier Giroud,111.3,46.5,0.07472131,10.860018416190648,Blocked,Right Foot,Open Play
Arsenal,Olivier Giroud,101.4,30.1,0.048852883,21.070595625183447,Off T,Left Foot,Open Play
Arsenal,Alexis Alejandro Sánchez Sánchez,113.2,33.6,0.23745595,9.338094023942999,Post,Left Foot,Open Play
Liverpool,Philippe Coutinho Correia,93.0,38.7,0.04365819,27.031278179176063,Saved,Right Foot,Open Play
Arsenal,Francis Joseph Coquelin,89.6,33.7,0.0133034745,31.045933711196387,Wayward,Left Foot,Open Play
Arsenal,Aaron Ramsey,103.8,30.5,0.05706538,18.780042598460742,Blocked,Right Foot,Open Play
Arsenal,Héctor Bellerín Moruno,101.5,45.3,0.07208536,19.24421991144354,Blocked,Right Foot,Open Play
Arsenal,Olivier Giroud,110.9,39.1,0.45937872,9.14439719172346,Saved,Left Foot,Open Play
Liverpool,James Philip Milner,98.3,32.0,0.068609156,23.12768903284546,Saved,Left Foot,Open Play
Arsenal,Aaron Ramsey,97.6,27.4,0.028381012,25.700583650960155,Saved,Right Foot,Open Play
Liverpool,Christian Benteke Liolo,91.4,38.2,0.03112275,28.65658737533134,Off T,Left Foot,Open Play
Liverpool,Martin Škrtel,109.7,39.7,0.050695863,10.304368005850721,Wayward,Head,Open Play
Liverpool,Philippe Coutinho Correia,109.3,25.3,0.04754595,18.18185909086307,Saved,Left Foot,Open Play
Arsenal,Aaron Ramsey,94.5,55.1,0.022203574,29.63545174280291,Saved,Right Foot,Open Play
Arsenal,Gabriel Armando de Abreu,111.4,40.4,0.102204666,8.609297300012347,Wayward,Head,Open Play
Arsenal,Alex Oxlade-Chamberlain,99.2,43.3,0.05029107,21.06015194627047,Off T,Right Foot,Open Play
Arsenal,Mesut Özil,102.4,27.9,0.043571517,21.358136622842355,Blocked,Right Foot,Open Play
Arsenal,Santiago Cazorla González,93.0,31.8,0.023947882,28.2177249260106,Off T,Right Foot,Open Play
Arsenal,Alex Oxlade-Chamberlain,92.4,47.9,0.025291879,28.708361151413705,Saved,Left Foot,Open Play
Arsenal,Gabriel Armando de Abreu,112.0,43.7,0.109083764,8.814193099768126,Off T,Head,Open Play
Arsenal,Olivier Giroud,110.2,33.0,0.037150692,12.043255373859676,Off T,Head,Open Play
Southampton,Sadio Mané,98.3,23.2,0.023512686,27.443214097477725,Blocked,Right Foot,Open Play
Arsenal,Olivier Giroud,109.9,38.0,0.054492332,10.296115772464871,Blocked,Head,Open Play
Arsenal,Ignacio Monreal Eraso,109.0,32.3,0.090159394,13.427211177307075,Saved,Right Foot,Open Play
Southampton,Rhu-endly Martina,91.2,53.3,0.01503056,31.722704802711885,Goal,Right Foot,Open Play
Southampton,James Ward-Prowse,98.2,44.6,0.09693866,22.280035906613794,Off T,Left Foot,Open Play
Southampton,James Ward-Prowse,97.3,31.3,0.03744624,24.310080213771407,Off T,Right Foot,Open Play
Southampton,Steven Davis,105.1,51.5,0.11463291,18.821795876058165,Wayward,Right Foot,Open Play
Arsenal,Theo Walcott,105.3,52.4,0.09061787,19.231484602078957,Saved,Left Foot,Open Play
Arsenal,Theo Walcott,111.1,31.2,0.05124816,12.51598977308627,Off T,Head,Open Play
Southampton,Shane Long,110.5,30.6,0.27497175,13.364505228402582,Off T,Right Foot,Open Play
Southampton,Shane Long,111.4,36.3,0.57729316,9.36215787091843,Goal,Right Foot,Open Play
Arsenal,Aaron Ramsey,94.5,38.4,0.033079468,25.550146770615626,Saved,Right Foot,Open Play
Southampton,José Miguel da Rocha Fonte,117.6,43.1,0.20671774,3.9204591567825364,Goal,Head,Open Play
Southampton,Dušan Tadić,92.4,38.8,0.026508348,27.626074639731208,Saved,Left Foot,Open Play
Arsenal,Mesut Özil,115.5,35.6,0.38586125,6.2936475910238245,Saved,Left Foot,Open Play
Arsenal,Olivier Giroud,107.1,39.2,0.04935862,12.924782396620847,Saved,Head,Open Play
Southampton,Shane Long,109.1,53.5,0.10938502,17.35108065798785,Post,Right Foot,Open Play
Southampton,Oriol Romeu Vidal,105.1,34.1,0.06438182,16.025604512778923,Blocked,Right Foot,Open Play
Southampton,Juan Miguel Jiménez López,107.0,29.4,0.04350822,16.773789077009404,Blocked,Left Foot,Open Play
Southampton,Shane Long,107.6,50.6,0.20478666,16.313184851524248,Goal,Right Foot,Open Play
Southampton,Dušan Tadić,103.1,43.0,0.113582335,17.164206943520583,Blocked,Left Foot,Open Play
Swansea City,Éderzito António Macedo Lopes,114.4,45.4,0.09843861,7.779460135510685,Off T,Head,Open Play
Liverpool,Adam David Lallana,108.9,45.6,0.06939855,12.432618388738549,Blocked,Left Foot,Open Play
Liverpool,Jordon Ibe,103.5,51.6,0.033496827,20.169531476958014,Blocked,Right Foot,Open Play
Swansea City,Kyle Bartley,111.5,43.8,0.05618398,9.310746479203479,Wayward,Head,Open Play
Liverpool,Alberto Moreno Pérez,96.9,47.7,0.081441686,24.349537983296518,Off T,Left Foot,Free Kick
Swansea City,Éderzito António Macedo Lopes,95.1,60.7,0.007026824,32.38054971738436,Off T,Right Foot,Open Play
Swansea City,Sung-Yeung Ki,94.3,38.8,0.033030916,25.728000310945276,Off T,Left Foot,Open Play
Liverpool,Jordon Ibe,98.0,19.8,0.010196323,29.867038688159226,Saved,Right Foot,Open Play
Liverpool,Dejan Lovren,113.7,42.6,0.25389424,6.815423684555492,Off T,Head,Open Play
Liverpool,Christian Benteke Liolo,105.7,26.1,0.03122004,19.942417105255817,Blocked,Left Foot,Open Play
Liverpool,Roberto Firmino Barbosa de Oliveira,106.2,38.2,0.09072634,13.916896205691838,Blocked,Head,Open Play
Liverpool,Roberto Firmino Barbosa de Oliveira,105.8,50.9,0.08047935,17.90111728356641,Blocked,Left Foot,Open Play
Liverpool,James Philip Milner,108.3,39.6,0.7835,11.706835610018622,Goal,Right Foot,Penalty
Liverpool,James Philip Milner,105.4,26.8,0.06981137,19.68247951859724,Off T,Left Foot,Open Play
Swansea City,Jefferson Antonio Montero Vite,101.5,35.1,0.06018776,19.137920472193418,Blocked,Right Foot,Open Play
Swansea City,Bafétimbi Gomis,103.8,56.4,0.0164725,23.05211487044085,Blocked,Right Foot,Open Play
Swansea City,Jack Frank Porteous Cork,94.8,42.0,0.024244875,25.27924049491994,Wayward,Right Foot,Open Play
Swansea City,Ashley Williams,108.5,36.7,0.109172046,11.964113005150026,Off T,Head,Open Play
Swansea City,Bafétimbi Gomis,91.4,45.1,0.02442388,29.051161766786535,Blocked,Right Foot,Open Play
AFC Bournemouth,Junior Stanislas,107.1,26.6,0.02083787,18.60026881526179,Blocked,Right Foot,Open Play
AFC Bournemouth,Joshua King,113.7,54.0,0.034461774,15.352198539622915,Blocked,Right Foot,Open Play
Leicester City,Riyad Mahrez,115.7,50.5,0.035480928,11.346365056704283,Off T,Left Foot,Open Play
AFC Bournemouth,Joshua King,113.9,38.6,0.38371146,6.258594091327534,Off T,Head,Open Play
Leicester City,José Leonardo Ulloa,96.7,47.2,0.036740057,24.38708674688307,Wayward,Right Foot,Open Play
Leicester City,Jamie Vardy,111.3,38.7,0.5754278,8.796590248499703,Post,Right Foot,Open Play
AFC Bournemouth,Junior Stanislas,112.6,28.7,0.095997825,13.507405376311178,Off T,Right Foot,Open Play
Leicester City,José Leonardo Ulloa,112.1,32.8,0.04725947,10.688779163215981,Off T,Head,Open Play
AFC Bournemouth,Dan Gosling,108.4,43.0,0.25644818,11.981652640600121,Off T,Right Foot,Open Play
Leicester City,Jamie Vardy,114.2,27.2,0.1119732,14.052757736472937,Wayward,Left Foot,Open Play
Leicester City,Jamie Vardy,100.4,33.3,0.094897345,20.713522153414658,Saved,Right Foot,Open Play
Leicester City,Wes Morgan,117.3,39.5,0.64057934,2.745906043549199,Off T,Left Foot,Open Play
Leicester City,Riyad Mahrez,108.4,40.2,0.7835,11.601724009818534,Saved,Left Foot,Penalty
AFC Bournemouth,Adam Smith,87.6,45.6,0.022849003,32.88038929209934,Blocked,Right Foot,Open Play
AFC Bournemouth,Junior Stanislas,101.4,29.4,0.054560155,21.408409562599456,Blocked,Right Foot,Open Play
AFC Bournemouth,Adam Smith,88.5,47.4,0.01612113,32.35753389861471,Blocked,Right Foot,Open Play
Leicester City,N''Golo Kanté,97.0,32.9,0.0250954,24.07093683262037,Off T,Right Foot,Open Play
Leicester City,Robert Huth,114.3,30.0,0.05736443,11.510430052782565,Saved,Head,Open Play
AFC Bournemouth,Charlie Daniels,98.5,18.0,0.008613406,30.76117683054405,Off T,Left Foot,Open Play
Leicester City,Shinji Okazaki,103.7,26.3,0.039429333,21.292721761202813,Off T,Left Foot,Open Play
Leicester City,N''Golo Kanté,109.7,43.2,0.24525318,10.785638599545228,Off T,Left Foot,Open Play
AFC Bournemouth,Dan Gosling,103.0,50.4,0.042901754,19.92887352561604,Blocked,Left Foot,Open Play
Leicester City,Jamie Vardy,116.3,53.9,0.012095166,14.384018909887459,Off T,Head,Open Play
Leicester City,N''Golo Kanté,99.2,23.6,0.023959583,26.487733009829284,Blocked,Right Foot,Open Play
Leicester City,Danny Drinkwater,99.3,37.5,0.044721026,20.85041966004522,Off T,Left Foot,Open Play
Leicester City,Riyad Mahrez,91.1,41.6,0.028252145,28.944256770558134,Blocked,Left Foot,Open Play
Leicester City,N''Golo Kanté,96.0,26.8,0.020842131,27.390509305231987,Off T,Right Foot,Open Play
Sunderland,Lee Cattermole,98.0,42.4,0.047938,22.130521909796887,Blocked,Right Foot,Open Play
Sunderland,Steven Fletcher,112.9,49.2,0.18338391,11.621101496846157,Blocked,Right Foot,Open Play
Sunderland,Billy Jones,116.2,46.9,0.0682529,7.877182237323188,Blocked,Left Foot,Open Play
Sunderland,Billy Jones,116.1,45.7,0.21564297,6.906518659932808,Saved,Head,Open Play
Sunderland,Yann Gérard M''Vila,101.0,59.5,0.01078354,27.225906780123964,Blocked,Right Foot,Open Play
West Bromwich Albion,Stéphane Sessègnon,102.7,50.5,0.051626783,20.237094653136353,Off T,Left Foot,Open Play
West Bromwich Albion,James McClean,113.5,25.7,0.030730423,15.707959765672944,Off T,Left Foot,Open Play
Sunderland,Jordi Gómez García-Penche,85.2,45.0,0.013545745,35.15736053801536,Blocked,Left Foot,Open Play
West Bromwich Albion,Craig Dawson,91.3,58.2,0.0066569573,33.984261063027404,Off T,Right Foot,Open Play
West Bromwich Albion,José Salomón Rondón Giménez,114.0,34.7,0.11166397,8.005623023850172,Saved,Head,Open Play
West Bromwich Albion,Claudio Ariel Yacob,91.4,39.6,0.021192232,28.602797066021353,Blocked,Right Foot,Open Play
West Bromwich Albion,José Salomón Rondón Giménez,111.7,43.9,0.07337637,9.170605214488297,Blocked,Head,Open Play
West Bromwich Albion,Saido Berahino,118.7,37.5,0.95403117,2.8178005607210728,Goal,Right Foot,Open Play
West Bromwich Albion,José Salomón Rondón Giménez,111.3,37.9,0.21491446,8.949860334105782,Blocked,Left Foot,Open Play
West Bromwich Albion,Saido Berahino,118.4,29.8,0.012261829,10.324727599312244,Saved Off Target,Head,Open Play
Sunderland,Jermain Defoe,112.0,56.9,0.014408334,18.69786084021378,Blocked,Right Foot,Open Play
Sunderland,Jermain Defoe,98.4,34.8,0.02383459,22.2171105231981,Blocked,Right Foot,Open Play
Sunderland,Yann Gérard M''Vila,88.3,34.3,0.024776584,32.20838400168503,Saved,Right Foot,Open Play
Sunderland,Danny Graham,108.1,37.6,0.06778413,12.139604606411204,Off T,Head,Open Play
Aston Villa,Idrissa Gana Gueye,89.0,37.1,0.019967088,31.1353496848839,Off T,Right Foot,Open Play
Newcastle United,Papiss Demba Cissé,111.3,36.0,0.0841084,9.575489543621257,Saved,Head,Open Play
Newcastle United,Aleksandar Mitrović,105.0,40.7,0.024666738,15.016324450410627,Saved,Head,Open Play
Newcastle United,Fabricio Coloccini,109.6,47.1,0.15036368,12.59245806028355,Goal,Right Foot,Open Play
Aston Villa,Ashley Westwood,112.0,52.6,0.04343671,14.92514656544451,Saved,Left Foot,Open Play
Aston Villa,Leandro Bacuna,96.4,19.7,0.010047587,31.12956793789467,Saved,Right Foot,Free Kick
Aston Villa,Jordan Veretout,94.8,49.6,0.023792285,26.966646065093084,Saved,Left Foot,Open Play
Newcastle United,Moussa Sissoko,110.0,30.5,0.2171973,13.793114224133722,Wayward,Left Foot,Open Play
Aston Villa,Jordan Ayew,102.7,41.5,0.053313516,17.364907140552173,Off T,Right Foot,Open Play
Newcastle United,Siem Stefan de Jong,115.5,45.7,0.13185254,7.262231062146125,Off T,Head,Open Play
Aston Villa,Rudy Gestede,109.0,38.0,0.092802145,11.180339887498949,Saved,Head,Open Play
Aston Villa,Jordan Ayew,102.1,24.9,0.037364755,23.41836885865453,Goal,Right Foot,Open Play
Aston Villa,Carlos Alberto Sánchez Moreno,93.6,43.2,0.019906523,26.593232221751464,Saved,Right Foot,Open Play
Newcastle United,Georginio Wijnaldum,111.0,43.6,0.19924778,9.693296652842108,Saved,Right Foot,Open Play
Newcastle United,Aleksandar Mitrović,111.2,37.4,0.06621966,9.176055797563567,Off T,Head,Open Play
Aston Villa,Rudy Gestede,112.8,35.1,0.07241161,8.709190547921203,Saved,Head,Open Play
Newcastle United,Ayoze Pérez Gutiérrez,107.6,44.7,0.21160483,13.260844618650811,Off T,Right Foot,Open Play
Aston Villa,Carlos Alberto Sánchez Moreno,91.0,22.7,0.007185629,33.76818028854975,Off T,Right Foot,Open Play
Everton,Tom Cleverley,102.5,30.9,0.08304733,19.72460392504752,Goal,Left Foot,Open Play
AFC Bournemouth,Marc Pugh,112.5,35.9,0.47353765,8.547514258543242,Goal,Right Foot,Open Play
Everton,Ross Barkley,111.4,27.8,0.04003388,14.926486525636228,Blocked,Left Foot,Open Play
AFC Bournemouth,Matt Ritchie,95.0,42.9,0.04605863,25.167637950352034,Blocked,Left Foot,Open Play
Everton,Tom Cleverley,96.9,34.6,0.051963665,23.722773868163053,Off T,Right Foot,Open Play
AFC Bournemouth,Matt Ritchie,94.7,42.3,0.036685802,25.404330339530695,Blocked,Left Foot,Open Play
AFC Bournemouth,Matt Ritchie,95.7,32.4,0.04182428,25.460754112948027,Blocked,Left Foot,Open Play
AFC Bournemouth,Steve Cook,111.8,46.0,0.06185592,10.160708636704433,Off T,Head,Open Play
Everton,Ross Barkley,104.1,43.8,0.060505845,16.34778272427182,Off T,Right Foot,Open Play
Everton,Ross Barkley,105.1,34.4,0.24627207,15.917600321656533,Saved,Right Foot,Open Play
Everton,El-Hadji Baye Oumar Niasse,110.1,35.2,0.040344775,11.002272492535353,Off T,Right Foot,Open Play
AFC Bournemouth,Joshua King,112.3,57.5,0.011202154,19.11910039724673,Off T,Right Foot,Open Play
Everton,Ross Barkley,97.7,24.4,0.02168948,27.214885632682712,Blocked,Right Foot,Open Play
AFC Bournemouth,Joshua King,95.5,46.4,0.04073945,25.32212471338059,Off T,Right Foot,Open Play
AFC Bournemouth,Callum Wilson,112.2,50.2,0.07997005,12.840560735419619,Off T,Right Foot,Open Play
AFC Bournemouth,Matt Ritchie,97.6,47.8,0.070975944,23.719190542680842,Saved,Left Foot,Free Kick
Everton,Leighton Baines,112.6,29.6,0.1705538,12.764011908487083,Goal,Left Foot,Open Play
Everton,Aaron Lennon,95.5,41.1,0.044369604,24.5246814454337,Saved,Right Foot,Open Play
Everton,Tony Hibbert,109.2,55.0,0.060018376,18.483506160899235,Saved,Right Foot,Open Play
AFC Bournemouth,Benik Afobe,107.7,35.3,0.15700018,13.167383946707105,Blocked,Left Foot,Open Play
AFC Bournemouth,Junior Stanislas,105.7,27.5,0.050232697,18.993156662334986,Blocked,Right Foot,Open Play
AFC Bournemouth,Matt Ritchie,99.6,38.9,0.0553231,20.4296353369315,Blocked,Left Foot,Open Play
Everton,Tom Cleverley,99.2,37.6,0.07187948,20.93800372528384,Wayward,Right Foot,Open Play
AFC Bournemouth,Junior Stanislas,104.0,22.2,0.027857203,23.934076125892137,Off T,Right Foot,Open Play
AFC Bournemouth,Benik Afobe,113.1,41.1,0.18745849,6.987131027825375,Off T,Head,Open Play
AFC Bournemouth,Junior Stanislas,100.5,30.1,0.061142743,21.869156362329115,Blocked,Right Foot,Open Play
AFC Bournemouth,Matt Ritchie,98.6,53.4,0.02780257,25.249158401816093,Off T,Left Foot,Open Play
Crystal Palace,Yohan Cabaye,84.9,33.9,0.010173273,35.62611401766967,Off T,Right Foot,Open Play
Watford,Troy Deeney,107.4,40.1,0.7835,12.600396819148191,Goal,Right Foot,Penalty
Crystal Palace,Yohan Cabaye,93.9,41.6,0.025012022,26.148996156640504,Saved,Left Foot,Open Play
Crystal Palace,Connor Wickham,97.6,50.3,0.029273072,24.654614172604695,Blocked,Left Foot,Open Play
Crystal Palace,Pape N''Diaye Souaré,94.6,31.0,0.021157173,26.9473560855235,Blocked,Left Foot,Open Play
Crystal Palace,Yohan Cabaye,86.7,53.8,0.009524559,36.04622032890549,Off T,Right Foot,Free Kick
Watford,Troy Deeney,89.1,42.0,0.022187093,30.96465727244531,Off T,Right Foot,Open Play
Watford,Odion Jude Ighalo,115.0,28.0,0.0711544,13.0,Saved,Left Foot,Open Play
Watford,Odion Jude Ighalo,111.9,42.3,0.2364075,8.420213774008348,Off T,Right Foot,Open Play
Crystal Palace,Emmanuel Adebayor,112.6,37.5,0.09807823,7.810889834071409,Goal,Head,Open Play
Crystal Palace,Emmanuel Adebayor,114.8,40.9,0.6640972,5.277309920783507,Saved,Right Foot,Open Play
Crystal Palace,Jordon Mutch,92.8,58.0,0.008852186,32.61656021103391,Saved,Right Foot,Open Play
Watford,Troy Deeney,98.2,37.7,0.044144683,21.92099450298731,Blocked,Right Foot,Open Play
Watford,Nathan Aké,115.2,30.1,0.080989026,11.002272492535347,Off T,Left Foot,Open Play
Watford,Nathan Aké,105.3,30.5,0.117855705,17.502571239677902,Saved,Left Foot,Open Play
Watford,Troy Deeney,96.5,41.8,0.037988596,23.568835355188853,Blocked,Right Foot,Open Play
Watford,Mario Suárez Mata,92.3,40.2,0.028959522,27.700722012250875,Blocked,Left Foot,Open Play
Crystal Palace,Chung-Yong Lee,105.5,68.2,0.007500792,31.709462310168554,Saved,Right Foot,Free Kick
Crystal Palace,Damien Delaney,111.4,46.3,0.045392744,10.660675400742669,Off T,Head,Open Play
Watford,Troy Deeney,110.8,34.4,0.23600088,10.770329614269011,Goal,Right Foot,Open Play
Crystal Palace,Pape N''Diaye Souaré,92.7,24.3,0.015154537,31.492538798896476,Blocked,Left Foot,Open Play
Crystal Palace,Yohan Cabaye,96.7,34.9,0.025108235,23.851624682608097,Post,Left Foot,Open Play
Crystal Palace,Wilfried Zaha,111.4,23.5,0.015308936,18.60671921645511,Off T,Right Foot,Open Play
Watford,Almen Abdi,94.9,33.6,0.044581,25.903088618927278,Blocked,Right Foot,Open Play
Crystal Palace,Damien Delaney,103.5,41.1,0.06282994,16.5366260162102,Off T,Head,Open Play
Crystal Palace,Joel Ward,111.0,36.7,0.104912326,9.585927185202273,Off T,Head,Open Play
Arsenal,Olivier Giroud,110.3,36.8,0.07424382,10.214205793893134,Goal,Head,Open Play
Arsenal,Olivier Giroud,99.3,51.7,0.028207658,23.777720664521237,Blocked,Left Foot,Open Play
Arsenal,Gabriel Armando de Abreu,113.4,41.4,0.18901204,6.746851117373194,Saved,Head,Open Play
Aston Villa,Ashley Westwood,91.6,42.4,0.03132043,28.5012280437177,Saved,Right Foot,Open Play
Arsenal,Alexis Alejandro Sánchez Sánchez,106.6,34.8,0.13698411,14.373586887064764,Blocked,Right Foot,Open Play
Arsenal,Alexis Alejandro Sánchez Sánchez,104.8,24.7,0.033643987,21.566872745022632,Off T,Right Foot,Open Play
Arsenal,Jack Wilshere,114.9,44.7,0.3143006,6.935416353759878,Off T,Right Foot,Open Play
Arsenal,Alexis Alejandro Sánchez Sánchez,113.7,36.4,0.3390156,7.256031973468692,Saved Off Target,Left Foot,Open Play
Aston Villa,Scott Sinclair,110.2,29.4,0.0873601,14.43606594609487,Wayward,Left Foot,Open Play
Aston Villa,Carlos Alberto Sánchez Moreno,90.2,38.7,0.021775935,29.82834222681508,Blocked,Right Foot,Open Play
Aston Villa,Kevin Toner,108.9,45.9,0.057736423,12.570600622086435,Wayward,Head,Open Play
Arsenal,Héctor Bellerín Moruno,98.9,41.6,0.044765577,21.160576551691584,Off T,Left Foot,Open Play
Arsenal,Alexis Alejandro Sánchez Sánchez,97.9,28.1,0.06041742,25.100199202396777,Off T,Right Foot,Free Kick
Arsenal,Mohamed Naser Elsayed Elneny,109.1,44.1,0.10235278,11.645600027478196,Off T,Right Foot,Open Play
Arsenal,Santiago Cazorla González,105.9,50.4,0.14244156,17.520559351801523,Saved,Right Foot,Open Play
Arsenal,Olivier Giroud,114.8,33.3,0.12626846,8.481155581640987,Goal,Left Foot,Open Play
Arsenal,Olivier Giroud,110.9,32.8,0.35421708,11.60387866189577,Goal,Left Foot,Open Play
Aston Villa,Jack Grealish,100.3,32.5,0.05648822,21.079373804740978,Blocked,Right Foot,Open Play
Arsenal,Alexis Alejandro Sánchez Sánchez,95.7,40.9,0.16645105,24.31666095499133,Saved,Right Foot,Open Play
Aston Villa,Micah Richards,110.1,37.2,0.0464408,10.288342918079671,Saved,Head,Open Play
Arsenal,Mohamed Naser Elsayed Elneny,112.5,49.6,0.4281581,12.182364302548173,Off T,Right Foot,Open Play
Arsenal,Alexis Alejandro Sánchez Sánchez,115.9,17.2,0.009901251,23.165707414193076,Off T,Right Foot,Open Play
Arsenal,Mikel Arteta Amatriain,108.9,45.0,0.37236434,12.174152947946721,Saved to Post,Right Foot,Open Play
Liverpool,Oluwaseyi Babajide Ojo,96.0,24.8,0.025211615,28.408449447303525,Saved,Right Foot,Open Play
West Bromwich Albion,José Salomón Rondón Giménez,109.2,51.1,0.13778277,15.487091398968367,Goal,Right Foot,Open Play
Liverpool,Christian Benteke Liolo,104.9,31.4,0.096089765,17.377284022539307,Off T,Left Foot,Open Play
Liverpool,Cameron Brannagan,108.1,31.7,0.08262946,14.508618128546914,Saved,Right Foot,Open Play
Liverpool,Jordon Ibe,105.9,41.9,0.20754081,14.227438279606059,Goal,Left Foot,Open Play
Liverpool,Joe Allen,89.3,47.8,0.019666217,31.675384764829616,Off T,Right Foot,Open Play
West Bromwich Albion,James McClean,95.5,28.9,0.029434314,26.897211751406502,Blocked,Right Foot,Open Play
Liverpool,Christian Benteke Liolo,98.8,34.4,0.08450238,21.927152117865194,Blocked,Right Foot,Free Kick
West Bromwich Albion,José Salomón Rondón Giménez,108.2,50.1,0.068982005,15.532224567009065,Post,Head,Open Play
West Bromwich Albion,José Salomón Rondón Giménez,116.9,47.7,0.14797515,8.300602387778854,Off T,Left Foot,Open Play
West Bromwich Albion,James McClean,91.2,33.4,0.015983043,29.546573405388312,Off T,Right Foot,Open Play
Liverpool,Oluwaseyi Babajide Ojo,107.8,20.1,0.0096945865,23.3420221917468,Off T,Left Foot,Open Play
West Bromwich Albion,James McClean,98.6,27.2,0.034083907,24.935917869611302,Off T,Right Foot,Open Play
West Bromwich Albion,José Salomón Rondón Giménez,112.9,48.2,0.105419256,10.84665847162157,Off T,Head,Open Play
West Bromwich Albion,Claudio Ariel Yacob,90.7,52.8,0.01739929,31.973895602506737,Blocked,Left Foot,Open Play
West Bromwich Albion,José Salomón Rondón Giménez,112.1,48.1,0.12251449,11.314592347937248,Blocked,Right Foot,Open Play
West Bromwich Albion,Craig Dawson,117.9,42.1,0.2599237,2.969848480983497,Off T,Head,Open Play
West Bromwich Albion,José Salomón Rondón Giménez,113.0,24.6,0.01600528,16.9162643630324,Blocked,Right Foot,Open Play
West Bromwich Albion,Tyler Roberts,114.6,38.1,0.6280385,5.724508712544689,Blocked,Right Foot,Open Play
West Bromwich Albion,José Salomón Rondón Giménez,96.9,28.2,0.024775233,25.93935234349539,Blocked,Right Foot,Open Play
Tottenham Hotspur,Harry Kane,112.8,46.7,0.12888715,9.835141076771603,Goal,Right Foot,Open Play
Tottenham Hotspur,Harry Kane,110.5,37.9,0.10207344,9.729337079164234,Off T,Head,Open Play
Tottenham Hotspur,Kyle Walker,89.6,49.4,0.019351551,31.820119421523238,Off T,Right Foot,Open Play
Tottenham Hotspur,Harry Kane,102.8,33.4,0.15241206,18.42281194606296,Goal,Left Foot,Open Play
Tottenham Hotspur,Christian Dannemann Eriksen,107.2,51.7,0.060566295,17.34156855650607,Off T,Right Foot,Open Play
Tottenham Hotspur,Eric Dier,90.5,52.3,0.021076806,31.961539387207242,Blocked,Right Foot,Open Play
Tottenham Hotspur,Danny Rose,117.8,26.6,0.014186583,13.579396157414363,Off T,Left Foot,Open Play
Tottenham Hotspur,Harry Kane,93.9,59.5,0.0071685114,32.58005524857193,Saved,Right Foot,Open Play
AFC Bournemouth,Steve Cook,113.9,38.8,0.1066246,6.216912416947816,Off T,Head,Open Play
Tottenham Hotspur,Bamidele Alli,94.7,27.9,0.035122048,28.044607324760314,Saved,Right Foot,Open Play
Tottenham Hotspur,Kyle Walker,108.2,56.7,0.053705662,20.4482273070308,Off T,Right Foot,Open Play
Tottenham Hotspur,Harry Kane,92.0,50.7,0.028420696,29.974822768450192,Saved,Right Foot,Open Play
Tottenham Hotspur,Christian Dannemann Eriksen,112.8,41.5,0.6160112,7.354590403278761,Goal,Right Foot,Open Play
AFC Bournemouth,Lewis Grabban,112.1,40.4,0.14782605,7.910120100226044,Off T,Head,Open Play
Tottenham Hotspur,Eric Dier,90.1,39.1,0.017211357,29.913542083812146,Off T,Right Foot,Open Play
Tottenham Hotspur,Bamidele Alli,109.5,40.0,0.13966918,10.5,Off T,Right Foot,Open Play
Tottenham Hotspur,Ryan Mason,108.6,23.8,0.06994204,19.809088823063014,Saved,Left Foot,Open Play
Tottenham Hotspur,Christian Dannemann Eriksen,111.8,56.3,0.014327681,18.246369501903658,Blocked,Right Foot,Open Play
Tottenham Hotspur,Harry Kane,89.4,37.1,0.024015278,30.73711111994749,Off T,Right Foot,Open Play
Tottenham Hotspur,Christian Dannemann Eriksen,92.9,40.1,0.02907804,27.100184501216955,Off T,Right Foot,Open Play
Manchester City,Sergio Leonel Agüero del Castillo,116.8,27.4,0.0150473565,13.000000000000002,Blocked,Left Foot,Open Play
Leicester City,Robert Huth,109.4,47.5,0.06140117,12.98499133615421,Off T,Head,Open Play
Manchester City,Kevin De Bruyne,104.6,47.5,0.12844042,17.129214809792078,Saved,Right Foot,Open Play
Manchester City,Sergio Leonel Agüero del Castillo,107.0,27.3,0.036192924,18.1738823590338,Blocked,Right Foot,Open Play
Leicester City,Jamie Vardy,109.0,38.7,0.06452818,11.076551810017412,Wayward,Right Foot,Open Play
Leicester City,Riyad Mahrez,98.6,53.8,0.022662567,25.463699652642784,Off T,Left Foot,Open Play
Manchester City,Raheem Sterling,108.2,47.2,0.214885,13.823168956501977,Saved,Right Foot,Open Play
Manchester City,Raheem Sterling,99.1,51.7,0.021610575,23.952035404115456,Saved,Right Foot,Open Play
Manchester City,Aleksandar Kolarov,94.6,24.9,0.023639983,29.54945007948541,Off T,Left Foot,Open Play
Manchester City,Raheem Sterling,103.9,26.1,0.04747484,21.270166901084714,Saved,Left Foot,Open Play
Manchester City,Sergio Leonel Agüero del Castillo,100.0,33.8,0.03055557,20.93895890439637,Off T,Right Foot,Open Play
Manchester City,Bacary Sagna,112.6,36.1,0.06890606,8.364807230295273,Wayward,Head,Open Play
Leicester City,Marc Albrighton,117.6,48.7,0.17227724,9.0249653738948,Off T,Right Foot,Open Play
Leicester City,Jamie Vardy,101.6,38.9,0.24370956,18.432851108821993,Off T,Right Foot,Open Play
Leicester City,Christian Fuchs,97.8,31.5,0.021173598,23.771621736852538,Saved,Right Foot,Open Play
Manchester City,Nicolás Hernán Otamendi,109.6,37.3,0.044862214,10.744766167767455,Off T,Head,Open Play
Manchester City,Sergio Leonel Agüero del Castillo,116.2,44.3,0.51790327,5.738466694161425,Off T,Left Foot,Open Play
Manchester City,Sergio Leonel Agüero del Castillo,106.3,34.0,0.08044887,14.956269588369958,Blocked,Right Foot,Open Play
Manchester City,Gnégnéri Yaya Touré,100.4,37.5,0.057402436,19.758795509848262,Blocked,Right Foot,Open Play
Leicester City,Danny Drinkwater,92.1,42.0,0.022790069,27.971592732627872,Blocked,Right Foot,Open Play
Leicester City,Jamie Vardy,107.5,38.7,0.05844971,12.567418191498204,Saved,Head,Open Play
Leicester City,N''Golo Kanté,90.3,40.7,0.02481615,29.708248012967715,Off T,Right Foot,Open Play
Leicester City,Marc Albrighton,109.1,52.5,0.106408924,16.584932921178794,Off T,Right Foot,Open Play
Manchester City,Gnégnéri Yaya Touré,97.5,32.7,0.029653778,23.654597861726586,Wayward,Right Foot,Open Play
Manchester City,Nicolás Hernán Otamendi,110.7,42.8,0.07096631,9.71236325515062,Saved,Head,Open Play
Manchester City,Fernando Luiz Rosa,105.3,39.6,0.06411199,14.705441169852746,Blocked,Right Foot,Open Play
Manchester City,Aleksandar Kolarov,92.5,60.5,0.007896929,34.30014577228499,Blocked,Left Foot,Free Kick
Manchester City,Raheem Sterling,95.9,31.2,0.028179796,25.656383221334995,Blocked,Right Foot,Open Play
Manchester City,Wilfried Guemiand Bony,110.5,34.8,0.07184921,10.830050784737809,Off T,Left Foot,Open Play
Leicester City,Jamie Vardy,108.8,26.2,0.07055547,17.77301325043112,Saved,Left Foot,Open Play
Leicester City,Christian Fuchs,99.9,57.7,0.019391732,26.78245694479877,Saved,Left Foot,Open Play
Manchester City,Wilfried Guemiand Bony,103.8,41.9,0.13556847,16.311039206623228,Blocked,Left Foot,Open Play
Crystal Palace,Yohan Cabaye,97.0,43.8,0.03353758,23.31179958733345,Blocked,Right Foot,Open Play
Crystal Palace,Yannick Bolasie Yala,101.3,27.5,0.037122253,22.493110056192766,Saved,Left Foot,Open Play
Crystal Palace,Dwight Gayle,106.5,41.0,0.20964535,13.536986370680884,Off T,Right Foot,Open Play
Everton,Ross Barkley,106.5,40.2,0.05068048,13.501481400201978,Blocked,Left Foot,Open Play
Crystal Palace,Yohan Cabaye,87.9,42.4,0.02382794,32.18959459204169,Off T,Right Foot,Open Play
Everton,Séamus Coleman,94.5,56.8,0.0148379905,30.5366992322353,Saved,Left Foot,Open Play
Everton,Séamus Coleman,112.6,49.1,0.09146193,11.729023829799312,Saved,Right Foot,Open Play
Crystal Palace,Wilfried Zaha,110.4,54.9,0.05198895,17.724841325100765,Off T,Right Foot,Open Play
Everton,Arouna Koné,96.4,42.4,0.040764287,23.721720005092372,Off T,Right Foot,Open Play
Everton,Romelu Lukaku Menama,108.4,31.5,0.23562095,14.38089009762608,Saved,Left Foot,Open Play
Everton,Séamus Coleman,91.4,37.1,0.031065742,28.74665197896965,Blocked,Left Foot,Open Play
Crystal Palace,Joel Ward,108.8,42.3,0.062431037,11.43372205364465,Wayward,Head,Open Play
Crystal Palace,Dwight Gayle,111.9,31.9,0.050689884,11.455129855222067,Off T,Right Foot,Open Play
Crystal Palace,Mile Jedinak,93.4,36.4,0.026815025,26.842503609015306,Blocked,Right Foot,Open Play
Crystal Palace,Dwight Gayle,116.9,36.7,0.33665052,4.527692569068702,Saved,Head,Open Play
Crystal Palace,Yannick Bolasie Yala,98.8,22.1,0.011897868,27.746170906991836,Off T,Right Foot,Open Play
Everton,Ross Barkley,96.5,38.8,0.03982911,23.5306183514161,Post,Right Foot,Open Play
Crystal Palace,Jason Puncheon,110.0,31.7,0.38615504,12.995768542106312,Saved,Left Foot,Open Play
Crystal Palace,Joel Ward,103.5,50.4,0.039676156,19.504102132628407,Saved,Right Foot,Open Play
Everton,John Stones,110.2,42.2,0.06542914,10.043903623591774,Saved,Head,Open Play
Crystal Palace,Jason Puncheon,98.0,25.5,0.025822418,26.348624252510795,Saved,Right Foot,Open Play
Crystal Palace,Yohan Cabaye,101.1,25.0,0.028984904,24.12902816111748,Saved,Right Foot,Open Play
Crystal Palace,Jason Puncheon,110.1,54.1,0.05882341,17.22846481843348,Saved,Left Foot,Open Play
Crystal Palace,Emmanuel Adebayor,114.5,38.6,0.28985798,5.675385449465084,Off T,Head,Open Play
Crystal Palace,Connor Wickham,113.5,40.8,0.40024403,6.549045732013176,Wayward,Right Foot,Open Play
Crystal Palace,Connor Wickham,111.7,40.0,0.098340295,8.299999999999997,Off T,Head,Open Play
Everton,José Ramiro Funes Mori,89.8,42.8,0.022452798,30.3295235702772,Saved,Left Foot,Open Play
Crystal Palace,Emmanuel Adebayor,115.9,37.0,0.44866702,5.08035431835221,Off T,Head,Open Play
Crystal Palace,Jason Puncheon,98.5,46.6,0.04424926,22.490220096744274,Blocked,Right Foot,Open Play
Leicester City,Robert Huth,109.3,33.7,0.030650567,12.416923934694939,Off T,Head,Open Play
Leicester City,Shinji Okazaki,116.5,43.8,0.19259411,5.166236541235794,Blocked,Right Foot,Open Play
Norwich City,Ryan Bennett,113.8,36.4,0.115912385,7.169379331573971,Off T,Head,Open Play
Leicester City,Marc Albrighton,96.8,37.6,0.04421121,23.323807579381203,Off T,Right Foot,Open Play
Norwich City,Alexander Banor Tettey,94.0,12.9,0.0074018682,37.55542570654738,Off T,Right Foot,Open Play
Leicester City,Riyad Mahrez,111.2,52.9,0.068024226,15.615697230671447,Blocked,Left Foot,Open Play
Leicester City,Marc Albrighton,100.1,33.1,0.045924082,21.062288574606516,Blocked,Right Foot,Open Play
Leicester City,Marc Albrighton,96.1,24.4,0.013744136,28.54067273208535,Off T,Right Foot,Open Play
Leicester City,Riyad Mahrez,99.0,30.0,0.031556964,23.259406699226016,Blocked,Left Foot,Open Play
Norwich City,Cameron Jerome,116.5,44.0,0.23813231,5.315072906367325,Off T,Head,Open Play
Norwich City,Nathan Redmond,109.7,57.5,0.012792621,20.30615670184784,Saved,Right Foot,Open Play
Norwich City,Cameron Jerome,100.8,37.4,0.11538963,19.37524193397337,Blocked,Right Foot,Open Play
Leicester City,Christian Fuchs,85.7,37.5,0.018802254,34.39098719141397,Blocked,Left Foot,Free Kick
Norwich City,Cameron Jerome,107.5,37.4,0.038918957,12.767536959022285,Blocked,Head,Open Play
Leicester City,Jamie Vardy,95.1,32.1,0.027553573,26.12316979235101,Saved,Right Foot,Open Play
Leicester City,Marc Albrighton,97.3,45.9,0.07102514,23.454210709380096,Saved,Right Foot,Open Play
Norwich City,Robert Brady,99.2,25.4,0.029767418,25.412595302329905,Blocked,Right Foot,Open Play
Leicester City,Robert Huth,114.4,48.6,0.049608648,10.262553288533997,Off T,Head,Open Play
Leicester City,Jamie Vardy,110.2,33.4,0.103965074,11.815244390193541,Off T,Head,Open Play
Norwich City,Nathan Redmond,94.0,25.1,0.02110057,29.966814979239953,Off T,Right Foot,Open Play
Leicester City,Jamie Vardy,114.8,44.9,0.46081012,7.144928271158502,Wayward,Left Foot,Open Play
Leicester City,José Leonardo Ulloa,115.3,35.9,0.8401158,6.236986451805073,Goal,Left Foot,Open Play
Norwich City,Patrick Bamford,103.6,44.7,0.058616545,17.060187572239652,Off T,Left Foot,Open Play
Crystal Palace,Wilfried Zaha,104.4,53.3,0.029621828,20.499999999999993,Off T,Right Foot,Open Play
Crystal Palace,Wilfried Zaha,111.0,27.2,0.055839542,15.64736399525492,Saved,Right Foot,Open Play
Sunderland,Jack Rodwell,95.7,44.0,0.050019506,24.627017683836584,Saved,Right Foot,Open Play
Crystal Palace,Damien Delaney,117.2,49.6,0.0776138,10.0,Saved,Right Foot,Open Play
Sunderland,Wahbi Khazri,100.3,50.6,0.04054051,22.370739817896055,Blocked,Right Foot,Open Play
Crystal Palace,Jordon Mutch,113.0,26.6,0.07658538,15.118200951171405,Off T,Left Foot,Open Play
Sunderland,Dame N''Doye,106.8,57.5,0.03519853,21.92008211663451,Off T,Right Foot,Open Play
Crystal Palace,Scott Dann,112.3,37.4,0.09323719,8.127115109311548,Saved,Head,Open Play
Crystal Palace,Jordon Mutch,101.5,67.0,0.0067481142,32.72995569810628,Off T,Left Foot,Open Play
Sunderland,Dame N''Doye,91.7,43.0,0.036552332,28.45856637288674,Saved,Right Foot,Open Play
Sunderland,Jermain Defoe,110.5,47.8,0.121686585,12.291867230002119,Wayward,Right Foot,Open Play
Sunderland,Yann Gérard M''Vila,97.4,49.2,0.027362525,24.400819658363936,Blocked,Right Foot,Open Play
Sunderland,Dame N''Doye,92.0,37.9,0.03793852,28.07863956818421,Goal,Right Foot,Open Play
Sunderland,Jermain Defoe,98.4,44.9,0.074486814,22.14881486671465,Saved,Left Foot,Open Play
Sunderland,Jermain Defoe,103.7,52.4,0.050009597,20.480478510034864,Saved,Left Foot,Open Play
Sunderland,Dame N''Doye,112.1,30.7,0.032567143,12.202458768625284,Off T,Head,Open Play
Sunderland,Younes Kaboul,116.7,41.3,0.29719126,3.546829570193636,Off T,Other,Open Play
Crystal Palace,Connor Wickham,112.9,34.2,0.095747925,9.167878707749132,Off T,Head,Open Play
Sunderland,Dame N''Doye,108.7,58.0,0.009631855,21.252999788265182,Blocked,Right Foot,Open Play
Sunderland,Younes Kaboul,110.3,38.8,0.075529836,9.773944955850737,Off T,Head,Open Play
Crystal Palace,Wilfried Zaha,94.8,39.7,0.039132018,25.201785651020845,Blocked,Right Foot,Open Play
Sunderland,Jack Rodwell,95.6,43.0,0.03861557,24.583734460004244,Blocked,Right Foot,Open Play
Sunderland,Patrick van Aanholt,97.2,25.2,0.023426756,27.18234721285121,Blocked,Left Foot,Open Play
Sunderland,Jack Rodwell,97.1,39.6,0.041274108,22.90349318335525,Blocked,Left Foot,Open Play
Sunderland,Patrick van Aanholt,98.2,33.0,0.03893279,22.896287908741886,Off T,Left Foot,Open Play
Crystal Palace,Yannick Bolasie Yala,111.7,42.7,0.076246254,8.728115489611717,Off T,Head,Open Play
Crystal Palace,Connor Wickham,103.1,31.1,0.07888147,19.10026177831079,Goal,Right Foot,Open Play
Crystal Palace,Yannick Bolasie Yala,107.0,26.4,0.054910667,18.813824704190267,Saved,Left Foot,Open Play
Crystal Palace,Scott Dann,112.8,34.2,0.05502883,9.245539465060975,Blocked,Head,Open Play
Crystal Palace,Connor Wickham,115.1,38.0,0.29766226,5.2924474489597015,Goal,Left Foot,Open Play
Sunderland,Yann Gérard M''Vila,92.5,44.2,0.018005908,27.818878482066815,Wayward,Left Foot,Open Play
Sunderland,Fabio Borini,109.7,61.5,0.006758516,23.839882550046255,Goal,Right Foot,Open Play
Crystal Palace,Bakary Sako,107.8,30.8,0.081512064,15.280052355931247,Blocked,Left Foot,Open Play
Norwich City,Robert Brady,97.8,34.0,0.07984496,22.996521476084162,Off T,Left Foot,Free Kick
West Bromwich Albion,José Salomón Rondón Giménez,103.2,60.4,0.013134628,26.427258654654285,Off T,Left Foot,Open Play
Norwich City,Russell Martin,108.6,43.3,0.07131064,11.868024266911494,Blocked,Right Foot,Open Play
West Bromwich Albion,Darren Fletcher,96.5,50.9,0.029502656,25.904825805243316,Blocked,Right Foot,Open Play
West Bromwich Albion,Claudio Ariel Yacob,94.1,43.4,0.037509583,26.12221276997797,Blocked,Right Foot,Open Play
West Bromwich Albion,Craig Gardner,89.5,42.7,0.025595183,30.61927497508718,Off T,Right Foot,Open Play
West Bromwich Albion,Saido Berahino,102.5,55.1,0.041101318,23.114064982170486,Off T,Left Foot,Open Play
West Bromwich Albion,Saido Berahino,109.2,27.1,0.0362938,16.82408987137194,Blocked,Left Foot,Open Play
West Bromwich Albion,Claudio Ariel Yacob,98.1,46.4,0.035943042,22.81600315568001,Off T,Right Foot,Open Play
Norwich City,Patrick Bamford,95.1,36.7,0.044943146,25.11772282672138,Blocked,Left Foot,Open Play
Norwich City,Robert Brady,93.0,26.8,0.021004453,30.053951487283666,Off T,Left Foot,Open Play
Norwich City,Gary O''Neil,103.4,56.1,0.02907065,23.12509459440112,Blocked,Right Foot,Open Play
West Bromwich Albion,Stéphane Sessègnon,105.3,49.0,0.15987717,17.236298906667873,Off T,Right Foot,Open Play
Norwich City,Robert Brady,113.1,35.4,0.36094508,8.29276793356718,Goal,Left Foot,Open Play
Norwich City,Patrick Bamford,114.9,50.5,0.090553604,11.67304587500623,Off T,Right Foot,Open Play
West Bromwich Albion,Craig Dawson,90.5,49.1,0.015533152,30.8716698608935,Blocked,Right Foot,Open Play
West Bromwich Albion,Craig Dawson,108.1,43.1,0.06399452,12.297154142320903,Wayward,Head,Open Play
Tottenham Hotspur,Harry Kane,101.7,48.2,0.40862995,20.053179299053802,Post,Right Foot,Open Play
Tottenham Hotspur,Christian Dannemann Eriksen,89.5,49.7,0.031075574,32.005312059094194,Off T,Right Foot,Open Play
Tottenham Hotspur,Erik Lamela,101.8,38.1,0.06566495,18.298907071188708,Blocked,Left Foot,Open Play
Tottenham Hotspur,Danny Rose,97.9,25.7,0.018201252,26.322993750711557,Blocked,Left Foot,Open Play
Tottenham Hotspur,Bamidele Alli,96.7,34.4,0.030129008,23.963513932643515,Saved,Right Foot,Open Play
Tottenham Hotspur,Christian Dannemann Eriksen,87.3,36.9,0.024150422,32.84661321963042,Off T,Right Foot,Open Play
Aston Villa,Jordan Ayew,96.1,20.6,0.0086917775,30.782624969290715,Blocked,Right Foot,Open Play
Tottenham Hotspur,Harry Kane,109.0,39.6,0.34070134,11.00727032465361,Saved,Left Foot,Open Play
Aston Villa,Jordan Veretout,101.1,22.4,0.02213258,25.825762331439517,Off T,Right Foot,Open Play
Tottenham Hotspur,Harry Kane,113.1,26.0,0.076599084,15.608010763707208,Saved,Right Foot,Open Play
Tottenham Hotspur,Harry Kane,89.3,47.6,0.033370648,31.62672920173694,Off T,Right Foot,Open Play
Tottenham Hotspur,Erik Lamela,109.9,43.4,0.18221325,10.656922632730327,Saved to Post,Left Foot,Open Play
Tottenham Hotspur,Kyle Walker,102.0,54.9,0.04906062,23.366856870362348,Saved,Right Foot,Open Play
Aston Villa,Rudy Gestede,110.2,41.6,0.15266241,9.929753269845126,Saved,Right Foot,Open Play
Tottenham Hotspur,Harry Kane,110.3,29.8,0.15966965,14.07586587034702,Goal,Left Foot,Open Play
Aston Villa,Jordan Ayew,104.7,34.2,0.061839994,16.362457028209423,Blocked,Right Foot,Open Play
Aston Villa,Idrissa Gana Gueye,102.2,31.3,0.044362165,19.812369873389702,Blocked,Left Foot,Open Play
Aston Villa,Jordan Veretout,93.7,28.0,0.018700913,28.908303305451877,Saved,Right Foot,Open Play
Tottenham Hotspur,Harry Kane,108.7,38.9,0.38976985,11.353413583587976,Goal,Right Foot,Open Play
Aston Villa,Ashley Westwood,100.6,40.3,0.04463461,19.40231944897311,Blocked,Right Foot,Open Play
Tottenham Hotspur,Kyle Walker,100.0,56.5,0.022617439,25.927784324928346,Saved,Right Foot,Open Play
Tottenham Hotspur,Erik Lamela,98.2,29.6,0.056553338,24.153674668671016,Blocked,Left Foot,Open Play
Tottenham Hotspur,Kyle Walker,106.6,58.2,0.011527856,22.600884938426642,Blocked,Left Foot,Open Play
Aston Villa,Rudy Gestede,106.8,24.6,0.028914869,20.282997806044353,Off T,Right Foot,Open Play
Tottenham Hotspur,Erik Lamela,105.0,42.2,0.20763892,15.16047492659778,Blocked,Right Foot,Open Play
Tottenham Hotspur,Christian Dannemann Eriksen,103.1,28.5,0.02398624,20.44162420161373,Off T,Left Foot,Open Play
Aston Villa,Jordan Ayew,119.1,29.4,0.018666947,10.638138934982944,Post,Right Foot,Open Play
Aston Villa,Rudy Gestede,115.7,35.5,0.3802599,6.2241465278381725,Post,Left Foot,Open Play
Aston Villa,Rudy Gestede,110.7,41.2,0.06242261,9.377099764852668,Wayward,Head,Open Play
Aston Villa,Joleon Lescott,116.8,34.6,0.34024554,6.276941930590087,Post,Left Foot,Open Play
Liverpool,Daniel Andre Sturridge,101.6,62.1,0.00921071,28.75708608325955,Off T,Left Foot,Free Kick
Liverpool,Roberto Firmino Barbosa de Oliveira,109.0,43.0,0.04372216,11.40175425099138,Blocked,Head,Open Play
Liverpool,Philippe Coutinho Correia,106.5,39.6,0.15304144,13.505924625881784,Blocked,Right Foot,Open Play
Liverpool,Emre Can,94.8,45.9,0.031561077,25.88146054611293,Blocked,Right Foot,Open Play
Liverpool,Adam David Lallana,95.5,43.3,0.041018557,24.7212459232944,Saved,Right Foot,Open Play
Liverpool,Philippe Coutinho Correia,104.2,22.1,0.026724601,23.875719884434893,Saved,Right Foot,Open Play
Chelsea,Bertrand Isidore Traoré,110.3,52.6,0.044109046,15.901257811883942,Saved,Left Foot,Open Play
Liverpool,Dejan Lovren,109.9,41.9,0.056096446,10.27715914054073,Off T,Head,Open Play
Chelsea,Pedro Eliezer Rodríguez Ledesma,102.9,48.2,0.06899171,18.964440408301,Blocked,Right Foot,Open Play
Liverpool,Dejan Lovren,93.6,66.8,0.006877111,37.61914406256474,Off T,Right Foot,Open Play
Liverpool,Roberto Firmino Barbosa de Oliveira,116.6,28.7,0.03866894,11.800423721205949,Off T,Left Foot,Open Play
Liverpool,Daniel Andre Sturridge,100.5,21.0,0.009137058,27.225906780123964,Off T,Right Foot,Open Play
Chelsea,Eden Hazard,94.9,31.3,0.028295647,26.565014586858403,Saved,Right Foot,Open Play
Liverpool,Philippe Coutinho Correia,97.4,38.6,0.051099576,22.643321311150444,Off T,Right Foot,Open Play
Chelsea,Gary Cahill,112.0,30.1,0.033624105,12.7283148923964,Off T,Head,Open Play
Liverpool,Adam David Lallana,94.5,42.2,0.06415904,25.59472601924076,Blocked,Left Foot,Open Play
Chelsea,Eden Hazard,102.8,30.2,0.04651773,19.795959183631393,Goal,Right Foot,Open Play
Liverpool,Philippe Coutinho Correia,97.2,25.8,0.027467795,26.860379744151047,Saved,Right Foot,Open Play
Liverpool,Daniel Andre Sturridge,91.1,28.4,0.03430383,31.141130358418277,Saved,Left Foot,Open Play
Liverpool,Philippe Coutinho Correia,96.2,44.6,0.04466801,24.240462041801095,Blocked,Right Foot,Open Play
Chelsea,Bertrand Isidore Traoré,109.8,55.6,0.054028798,18.638669480410883,Off T,Left Foot,Open Play
Chelsea,Willian Borges da Silva,98.9,51.5,0.03745738,24.03039741660549,Blocked,Left Foot,Open Play
Chelsea,Francesc Fàbregas i Soler,88.7,22.9,0.0069104778,35.66651090308667,Off T,Right Foot,Open Play
Liverpool,Emre Can,106.9,39.9,0.07253449,13.100381673829196,Blocked,Right Foot,Open Play
Liverpool,Daniel Andre Sturridge,60.7,38.4,0.0034968024,59.32158123313976,Off T,Left Foot,Open Play
Liverpool,Roberto Firmino Barbosa de Oliveira,88.9,40.1,0.026824944,31.10016077128862,Off T,Right Foot,Open Play
Chelsea,Eden Hazard,100.7,49.6,0.040689763,21.555741694499865,Saved,Right Foot,Open Play
Liverpool,Daniel Andre Sturridge,106.4,47.4,0.37745792,15.482893786369518,Saved,Right Foot,Open Play
Liverpool,Kolo Habib Touré,111.8,38.3,0.16601148,8.374365647617738,Saved,Head,Open Play
Chelsea,Bertrand Isidore Traoré,99.0,40.6,0.051620822,21.008569680013917,Blocked,Left Foot,Open Play
Chelsea,Pedro Eliezer Rodríguez Ledesma,97.7,50.3,0.041868694,24.56379449515078,Saved,Left Foot,Open Play
Liverpool,Nathaniel Edwin Clyne,103.8,55.6,0.019980147,22.48999777678958,Wayward,Right Foot,Open Play
Liverpool,James Philip Milner,93.9,33.4,0.031556986,26.92155270410679,Blocked,Right Foot,Open Play
Chelsea,Bertrand Isidore Traoré,99.9,44.3,0.056691863,20.55480479109446,Saved,Left Foot,Open Play
Liverpool,Roberto Firmino Barbosa de Oliveira,91.5,36.4,0.04943627,28.726468630863767,Blocked,Right Foot,Free Kick
Liverpool,Emre Can,94.6,52.8,0.018867025,28.442925306655788,Saved,Right Foot,Open Play
Liverpool,Oluwaseyi Babajide Ojo,117.4,33.2,0.20205233,7.280109889280514,Wayward,Left Foot,Open Play
Liverpool,Roberto Firmino Barbosa de Oliveira,103.3,29.5,0.04508919,19.726631744927975,Blocked,Left Foot,Open Play
Chelsea,Pedro Eliezer Rodríguez Ledesma,107.0,47.5,0.22454342,15.008331019803634,Saved,Left Foot,Open Play
Liverpool,Roberto Firmino Barbosa de Oliveira,102.9,22.0,0.022551488,24.827605603440695,Blocked,Right Foot,Open Play
Liverpool,Christian Benteke Liolo,118.1,43.2,0.7566967,3.7215588131856845,Goal,Head,Open Play
Liverpool,Christian Benteke Liolo,106.7,30.3,0.05305392,16.461470165206993,Blocked,Right Foot,Open Play
Liverpool,Nathaniel Edwin Clyne,79.3,47.1,0.0064724707,41.31464631338383,Saved,Right Foot,Open Play
Sunderland,Jack Rodwell,92.9,49.7,0.015892372,28.783675929248506,Blocked,Right Foot,Open Play
Liverpool,Philippe Coutinho Correia,92.4,41.5,0.03380052,27.640730815229897,Off T,Left Foot,Open Play
Sunderland,Jermain Defoe,98.2,39.0,0.08014784,21.822923727126938,Saved,Left Foot,Open Play
Liverpool,Philippe Coutinho Correia,97.7,25.1,0.044823553,26.819768828235635,Off T,Right Foot,Free Kick
Liverpool,Roberto Firmino Barbosa de Oliveira,93.2,44.8,0.018316092,27.226457720386612,Saved to Post,Right Foot,Open Play
Liverpool,Dejan Lovren,108.7,37.6,0.0748342,11.552056094046632,Off T,Left Foot,Open Play
Sunderland,Fabio Borini,105.3,30.6,0.06797948,17.448495637160242,Off T,Right Foot,Open Play
Liverpool,Roberto Firmino Barbosa de Oliveira,113.0,45.4,0.14070795,8.840814442120136,Saved,Head,Open Play
Liverpool,Emre Can,97.9,44.9,0.042228907,22.636695871968588,Blocked,Right Foot,Open Play
Sunderland,Adam Johnson,98.8,38.7,0.08061554,21.239821091525233,Off T,Left Foot,Free Kick
Liverpool,Jordan Brian Henderson,108.5,49.5,0.063831665,14.916433890176299,Blocked,Right Foot,Open Play
Sunderland,Patrick van Aanholt,90.7,29.1,0.02309781,31.261797773000833,Off T,Right Foot,Open Play
Liverpool,Christian Benteke Liolo,109.2,44.8,0.37774515,11.818629362155322,Goal,Right Foot,Open Play
Sunderland,Adam Johnson,94.8,41.1,0.038601223,25.223996511258882,Blocked,Left Foot,Open Play
Sunderland,Fabio Borini,106.1,29.6,0.10903206,17.360011520733508,Saved,Right Foot,Open Play
Liverpool,Philippe Coutinho Correia,105.6,35.4,0.08718931,15.116877984557531,Blocked,Left Foot,Open Play
Liverpool,Philippe Coutinho Correia,106.7,33.0,0.06899378,15.02963738750872,Off T,Left Foot,Open Play
Liverpool,Philippe Coutinho Correia,100.9,29.5,0.032086566,21.795871168641085,Saved,Right Foot,Open Play
Liverpool,Emre Can,108.1,48.6,0.0639591,14.682302271782861,Off T,Left Foot,Open Play
Liverpool,Philippe Coutinho Correia,94.7,23.8,0.020023001,30.042137074449276,Off T,Right Foot,Open Play
Sunderland,Duncan Watmore,112.4,35.7,0.12059026,8.732124598286484,Saved,Left Foot,Open Play
Liverpool,Jordon Ibe,106.8,40.0,0.14752422,13.200000000000003,Off T,Right Foot,Open Play
Liverpool,Christian Benteke Liolo,103.7,44.0,0.5149741,16.783622970026464,Saved,Right Foot,Open Play
Stoke City,Bojan Krkíc Pérez,86.2,40.2,0.02216232,33.800591710797015,Off T,Right Foot,Open Play
Manchester United,Memphis Depay,104.6,46.6,0.34697437,16.754700832900603,Wayward,Head,Open Play
Manchester United,Ander Herrera Agüera,90.6,47.4,0.021978587,30.316991935216798,Saved,Right Foot,Open Play
Stoke City,Marko Arnautović,94.1,25.3,0.036506888,29.780866340655713,Off T,Right Foot,Free Kick
Stoke City,Bojan Krkíc Pérez,104.9,33.9,0.0690697,16.285576440519378,Blocked,Right Foot,Open Play
Stoke City,Bojan Krkíc Pérez,112.0,39.6,0.46236956,8.009993757800315,Goal,Right Foot,Open Play
Stoke City,Erik Pieters,110.9,28.4,0.037451785,14.743473132203277,Blocked,Right Foot,Open Play
Stoke City,Bojan Krkíc Pérez,100.2,28.6,0.07043258,22.847319317591722,Blocked,Right Foot,Free Kick
Stoke City,Marko Arnautović,95.9,39.4,0.040231433,24.10746772267879,Goal,Right Foot,Open Play
Manchester United,Memphis Depay,86.8,27.7,0.0069144354,35.40522560300951,Saved,Right Foot,Free Kick
Stoke City,Marko Arnautović,98.4,40.7,0.1896441,21.611339616044162,Off T,Right Foot,Open Play
Manchester United,Marouane Fellaini-Bakkioui,110.2,34.2,0.117977604,11.387712676389404,Blocked,Left Foot,Open Play
Manchester United,Anthony Martial,103.4,54.9,0.026712015,22.306277143441033,Off T,Right Foot,Open Play
Manchester United,Marouane Fellaini-Bakkioui,110.4,40.6,0.48125535,9.618731725128834,Saved,Right Foot,Open Play
Manchester United,Ander Herrera Agüera,96.5,54.8,0.0146279335,27.772108310317385,Off T,Right Foot,Open Play
Stoke City,Ibrahim Afellay,98.6,37.1,0.057165325,21.59560140398966,Off T,Right Foot,Open Play
Manchester United,Ander Herrera Agüera,100.2,34.1,0.05015229,20.66034849657672,Blocked,Right Foot,Open Play
Stoke City,Ibrahim Afellay,87.5,43.1,0.01979873,32.64751139060985,Off T,Right Foot,Open Play
Stoke City,Charlie Adam,89.0,51.6,0.020508321,33.09924470437354,Off T,Left Foot,Free Kick
Stoke City,Charlie Adam,60.8,45.7,0.004550071,59.473775733511324,Off T,Left Foot,Free Kick
Manchester United,Anthony Martial,99.6,38.3,0.08808408,20.47071078394691,Saved,Right Foot,Open Play
Stoke City,Bojan Krkíc Pérez,96.2,26.8,0.04534041,27.21543679605381,Saved,Right Foot,Open Play
Manchester United,Juan Manuel Mata García,107.2,50.5,0.12269698,16.55566368346494,Saved,Right Foot,Open Play
Stoke City,Charlie Adam,94.5,50.6,0.02644257,27.615394257551348,Off T,Left Foot,Open Play
Watford,Ben Watson,94.7,40.5,0.034920808,25.30494022913312,Blocked,Right Foot,Open Play
Stoke City,Charlie Adam,94.8,37.7,0.027926167,25.304742638485777,Blocked,Left Foot,Open Play
Watford,Ikechi Anya,97.6,33.3,0.041527864,23.3805474700658,Blocked,Left Foot,Open Play
Stoke City,Charlie Adam,85.8,43.2,0.021516657,34.34938136269706,Blocked,Left Foot,Free Kick
Stoke City,Bojan Krkíc Pérez,78.5,9.6,0.0031194019,51.44326972500873,Off T,Right Foot,Open Play
Stoke City,Marko Arnautović,110.3,41.7,0.11104223,9.847842403288148,Off T,Head,Open Play
Watford,Odion Jude Ighalo,113.4,44.5,0.11182179,7.9881161734166035,Post,Head,Open Play
Watford,Odion Jude Ighalo,107.3,47.8,0.08067297,14.904026301640776,Blocked,Right Foot,Open Play
Watford,Troy Deeney,113.3,30.5,0.24988826,11.62497311824849,Post,Right Foot,Open Play
Stoke City,Charlie Adam,93.5,53.1,0.021775397,29.561123118041372,Off T,Left Foot,Open Play
Watford,Troy Deeney,102.8,33.8,0.13054255,18.283325736856522,Goal,Right Foot,Open Play
Stoke City,Xherdan Shaqiri,93.9,55.1,0.020365138,30.15327511233232,Off T,Left Foot,Open Play
Watford,Troy Deeney,104.6,52.5,0.033040572,19.834565788037818,Blocked,Right Foot,Open Play
Watford,Odion Jude Ighalo,106.5,37.1,0.05408123,13.807968713753663,Blocked,Right Foot,Open Play
Watford,Almen Abdi,100.7,28.9,0.086248174,22.264321233758732,Goal,Right Foot,Open Play
Watford,Almen Abdi,98.9,37.9,0.06825555,21.204244858046696,Off T,Left Foot,Open Play
Watford,Juan Carlos Paredes Reasco,94.3,51.4,0.03180032,28.11494264621573,Saved,Right Foot,Open Play
Stoke City,Jonathan Walters,108.4,25.4,0.09029382,18.647251808242412,Off T,Left Foot,Open Play
Stoke City,Erik Pieters,105.1,19.5,0.010042755,25.342849090029326,Blocked,Left Foot,Open Play
Stoke City,Charlie Adam,89.7,30.9,0.024522569,31.637003650788422,Off T,Left Foot,Open Play
Watford,Etienne Capoue,94.7,46.6,0.033470016,26.146701512810367,Off T,Left Foot,Open Play
Stoke City,Marko Arnautović,108.7,42.0,0.09225301,11.475626344561762,Off T,Head,Open Play
Watford,Etienne Capoue,84.8,39.7,0.019467104,35.20127838587684,Off T,Right Foot,Free Kick
Stoke City,Marko Arnautović,114.6,39.5,0.50252134,5.4230987451825055,Goal,Right Foot,Open Play
Manchester City,Kevin De Bruyne,104.7,47.5,0.1331178,17.039366185395508,Saved,Right Foot,Open Play
Stoke City,Marko Arnautović,108.4,46.1,0.31972897,13.106105447462257,Goal,Right Foot,Open Play
Manchester City,Nicolás Hernán Otamendi,83.7,35.7,0.0057121734,36.55379597251152,Off T,Right Foot,Open Play
Manchester City,Raheem Sterling,117.6,34.9,0.11232932,5.636488268416785,Wayward,Head,Open Play
Manchester City,Wilfried Guemiand Bony,99.6,54.8,0.034531202,25.203174403237387,Off T,Right Foot,Open Play
Stoke City,Marko Arnautović,109.4,35.0,0.09147586,11.720068259186885,Off T,Head,Open Play
Manchester City,Aleksandar Kolarov,113.6,26.2,0.053724304,15.211837495845138,Saved,Left Foot,Open Play
Stoke City,Marko Arnautović,106.3,52.1,0.34075055,18.278402556022233,Post,Right Foot,Open Play
Stoke City,Geoff Cameron,106.4,24.5,0.04683957,20.62062074720351,Blocked,Left Foot,Open Play
Stoke City,Bojan Krkíc Pérez,110.8,54.9,0.065059654,17.51142484208524,Saved,Right Foot,Open Play
Stoke City,Marko Arnautović,112.8,48.3,0.1256719,10.987720418721983,Off T,Right Foot,Open Play
Manchester City,Aleksandar Kolarov,82.9,44.5,0.0046418393,37.37191458836434,Off T,Left Foot,Open Play
Stoke City,Xherdan Shaqiri,96.3,41.0,0.03651207,23.721087664776253,Saved,Left Foot,Open Play
Manchester City,Fabian Delph,90.8,29.1,0.023064453,31.168092658999846,Off T,Left Foot,Open Play
Manchester City,Aleksandar Kolarov,114.5,26.4,0.024998276,14.670037491431303,Off T,Left Foot,Open Play
Manchester City,Nicolás Hernán Otamendi,90.7,27.0,0.015593915,32.05448486561592,Blocked,Right Foot,Open Play
Manchester City,Fabian Delph,91.5,40.2,0.023736713,28.500701745746543,Saved,Right Foot,Open Play
Manchester City,Raheem Sterling,106.0,25.8,0.048442736,19.940912717325652,Off T,Right Foot,Open Play
Stoke City,Xherdan Shaqiri,107.1,39.5,0.10279385,12.909686285886274,Off T,Left Foot,Open Play
Chelsea,Eden Hazard,115.8,51.1,0.031337287,11.868024266911492,Off T,Right Foot,Open Play
Chelsea,Ramires Santos do Nascimento,104.2,42.5,0.079518594,15.996562130657946,Off T,Right Foot,Open Play
Stoke City,Glen Johnson,105.0,48.2,0.09681688,17.095028517086483,Saved,Left Foot,Open Play
Chelsea,Ramires Santos do Nascimento,94.5,41.9,0.025473367,25.570686341981517,Saved,Right Foot,Open Play
Stoke City,Glenn Whelan,96.8,54.1,0.022685878,27.148664792214003,Blocked,Right Foot,Open Play
Stoke City,Jonathan Walters,114.5,32.6,0.08754615,9.220086767487603,Off T,Head,Open Play
Chelsea,Eden Hazard,104.4,49.4,0.06159309,18.213182039391135,Blocked,Right Foot,Open Play
Chelsea,Willian Borges da Silva,103.5,52.2,0.020030146,20.5204775772885,Blocked,Right Foot,Open Play
Chelsea,Pedro Eliezer Rodríguez Ledesma,98.5,28.4,0.022614768,24.429695045169925,Blocked,Right Foot,Open Play
Chelsea,Diego da Silva Costa,104.7,46.8,0.084908485,16.743058263053374,Saved,Right Foot,Open Play
Stoke City,Marko Arnautović,112.8,36.1,0.2217656,8.18840643837371,Goal,Right Foot,Open Play
Chelsea,Nemanja Matić,84.6,47.8,0.006507953,36.24913792078372,Blocked,Left Foot,Open Play
Chelsea,Nemanja Matić,97.5,59.8,0.010359731,29.97148644962408,Saved,Left Foot,Open Play
Chelsea,Eden Hazard,100.0,26.5,0.030558476,24.12985702402731,Off T,Left Foot,Open Play
Stoke City,Glen Johnson,98.9,52.9,0.030714044,24.730952266340243,Off T,Right Foot,Open Play
Stoke City,Marko Arnautović,114.0,47.6,0.084058605,9.682974749528164,Off T,Head,Open Play
Chelsea,Pedro Eliezer Rodríguez Ledesma,100.3,43.9,0.0598164,20.08233054204616,Post,Left Foot,Open Play
Chelsea,Diego da Silva Costa,102.5,35.9,0.031262208,17.97386992275175,Wayward,Right Foot,Open Play
Chelsea,Nemanja Matić,97.4,56.2,0.020247187,27.806474066303334,Off T,Left Foot,Open Play
Chelsea,Nemanja Matić,92.7,34.4,0.018969601,27.868440932352133,Blocked,Left Foot,Open Play
Chelsea,Oscar dos Santos Emboaba Júnior,96.4,28.3,0.028175542,26.34103262972049,Blocked,Left Foot,Open Play
Chelsea,Eden Hazard,105.8,29.8,0.122255914,17.483706700811474,Blocked,Right Foot,Open Play
Stoke City,Jonathan Walters,104.5,51.2,0.1005306,19.123022773609826,Off T,Right Foot,Open Play
Chelsea,Loïc Rémy,112.0,47.6,0.14950578,11.034491379306978,Off T,Right Foot,Open Play
Chelsea,Oscar dos Santos Emboaba Júnior,103.3,44.8,0.050162695,17.3761330565808,Saved,Right Foot,Open Play
Stoke City,Bojan Krkíc Pérez,112.3,55.8,0.014575131,17.576404638036756,Saved,Right Foot,Open Play
Stoke City,Glenn Whelan,92.7,29.7,0.01911471,29.178416680827628,Saved,Right Foot,Open Play
AFC Bournemouth,Matt Ritchie,86.4,46.1,0.016738212,34.149231323706246,Saved,Left Foot,Open Play
Stoke City,Jonathan Walters,115.8,38.5,0.29023793,4.4598206241955545,Goal,Right Foot,Open Play
AFC Bournemouth,Glenn Murray,113.3,32.1,0.07146118,10.358571330062848,Saved,Head,Open Play
AFC Bournemouth,Matt Ritchie,111.4,43.0,0.4872403,9.108238029388556,Blocked,Left Foot,Open Play
AFC Bournemouth,Matt Ritchie,88.2,44.5,0.021360688,32.116818024206566,Blocked,Left Foot,Open Play
Stoke City,Marko Arnautović,105.2,33.7,0.26430437,16.08508626025984,Off T,Right Foot,Open Play
Stoke City,Jonathan Walters,108.8,26.8,0.119578205,17.311268006705923,Blocked,Left Foot,Open Play
AFC Bournemouth,Glenn Murray,94.6,35.1,0.042466685,25.868320393871734,Saved,Right Foot,Open Play
AFC Bournemouth,Matt Ritchie,90.6,40.9,0.01950924,29.413772284424866,Blocked,Left Foot,Open Play
AFC Bournemouth,Marc Pugh,99.1,38.8,0.04858882,20.934421415458328,Blocked,Left Foot,Open Play
AFC Bournemouth,Dan Gosling,106.1,38.1,0.08282231,14.029255147726131,Goal,Right Foot,Open Play
Stoke City,Mame Biram Diouf,106.8,42.2,0.04039796,13.382077566656086,Saved,Head,Open Play
AFC Bournemouth,Dan Gosling,100.7,41.7,0.07971191,19.3747258045114,Saved,Right Foot,Open Play
Stoke City,Mame Biram Diouf,109.9,40.4,0.19190241,10.107917688624097,Goal,Head,Open Play
AFC Bournemouth,Sylvain Distin,104.0,54.8,0.02309256,21.79541236132044,Blocked,Left Foot,Open Play
AFC Bournemouth,Glenn Murray,112.9,51.4,0.16038817,13.430189872075522,Saved,Right Foot,Open Play
Stoke City,Ibrahim Afellay,109.6,52.4,0.14412168,16.18394265931513,Off T,Right Foot,Open Play
Leicester City,Riyad Mahrez,96.2,38.0,0.04745698,23.883885781003052,Saved,Left Foot,Open Play
Stoke City,Marco van Ginkel,99.6,30.9,0.05949273,22.337636401374258,Wayward,Left Foot,Open Play
Stoke City,Bojan Krkíc Pérez,107.7,36.7,0.46686688,12.734991166074671,Goal,Left Foot,Open Play
Stoke City,Glen Johnson,94.1,55.7,0.018788112,30.286960890785995,Off T,Left Foot,Open Play
Stoke City,Jonathan Walters,103.7,37.4,0.5534934,16.506059493410287,Goal,Right Foot,Open Play
Leicester City,Danny Drinkwater,92.8,38.0,0.027662946,27.27343029396926,Blocked,Right Foot,Open Play
Leicester City,Robert Huth,113.6,40.0,0.10717328,6.400000000000006,Wayward,Head,Open Play
Leicester City,N''Golo Kanté,91.4,48.6,0.030401932,29.865029717045314,Saved,Right Foot,Open Play
Leicester City,Ritchie De Laet,103.2,54.3,0.05761352,22.06195820864503,Off T,Right Foot,Open Play
Stoke City,Bojan Krkíc Pérez,69.2,57.5,0.0038485425,53.72978689702761,Off T,Right Foot,Open Play
Leicester City,Shinji Okazaki,113.8,39.6,0.12729436,6.212889826803629,Off T,Head,Open Play
Leicester City,Riyad Mahrez,108.0,40.0,0.7835,12.0,Goal,Left Foot,Penalty
Leicester City,Jamie Vardy,107.0,43.6,0.08461936,13.4892549831338,Off T,Left Foot,Open Play
Stoke City,Jonathan Walters,111.5,35.2,0.06987125,9.761659694949419,Blocked,Head,Open Play
Stoke City,Marco van Ginkel,100.7,49.5,0.04161026,21.511392330576836,Saved,Left Foot,Open Play
Leicester City,Jamie Vardy,110.1,55.6,0.058196716,18.47620090819539,Saved,Left Foot,Open Play
Leicester City,Danny Drinkwater,93.0,48.0,0.026869835,28.160255680657446,Off T,Right Foot,Open Play
Stoke City,Xherdan Shaqiri,91.8,29.6,0.022614382,30.056613249000627,Off T,Left Foot,Open Play
Leicester City,Jamie Vardy,105.0,39.1,0.21847719,15.026975743641833,Goal,Left Foot,Open Play
Stoke City,Geoff Cameron,107.1,41.6,0.032021537,12.998846102635424,Off T,Head,Open Play
Stoke City,Xherdan Shaqiri,101.5,55.0,0.05545167,23.817010727629107,Saved,Left Foot,Free Kick
Leicester City,Jamie Vardy,95.3,36.6,0.041740328,24.932909978580522,Off T,Right Foot,Open Play
Manchester United,Paddy McNair,98.4,58.5,0.0082458295,28.439585088393954,Off T,Right Foot,Open Play
Manchester United,Marouane Fellaini-Bakkioui,97.1,34.7,0.032893434,23.505318547086322,Off T,Right Foot,Open Play
Manchester United,Marouane Fellaini-Bakkioui,115.8,32.0,0.06292781,9.035485598461216,Off T,Head,Open Play
West Ham United,Victor Moses,105.2,51.1,0.16780327,18.5,Saved,Right Foot,Open Play
West Ham United,Mauro Matías Zárate,108.4,47.0,0.04597039,13.548431643551952,Off T,Head,Open Play
Manchester United,Anthony Martial,111.2,38.4,0.2635222,8.944271909999156,Blocked,Right Foot,Open Play
Manchester United,Marouane Fellaini-Bakkioui,108.8,41.1,0.034177855,11.253888216967507,Wayward,Head,Open Play
West Ham United,Mauro Matías Zárate,95.2,24.1,0.016901098,29.459293949448277,Blocked,Right Foot,Open Play
West Ham United,Winston Reid,112.9,37.0,0.08076557,7.707788269017249,Post,Head,Open Play
Manchester United,Matteo Darmian,97.5,29.2,0.036126003,24.957764322951686,Off T,Right Foot,Open Play
Manchester United,Chris Smalling,104.6,33.0,0.050091073,16.916264363032408,Blocked,Left Foot,Open Play
Manchester United,Jesse Lingard,97.5,31.0,0.03855903,24.23324163210527,Blocked,Right Foot,Open Play
Manchester United,Morgan Schneiderlin,103.1,40.9,0.07483226,16.92394753005339,Blocked,Right Foot,Open Play
West Ham United,Mark Noble,88.9,29.7,0.01987722,32.76125760711881,Off T,Right Foot,Open Play
Manchester United,Chris Smalling,101.1,26.6,0.023708254,23.16829730472225,Blocked,Right Foot,Open Play
Manchester United,Jesse Lingard,90.6,35.0,0.02591278,29.822139426942535,Off T,Right Foot,Open Play
West Ham United,Mauro Matías Zárate,99.0,27.1,0.03451637,24.645689278249044,Saved,Right Foot,Open Play
West Ham United,Mauro Matías Zárate,113.6,47.4,0.16197516,9.783659846908009,Off T,Right Foot,Open Play
Manchester United,Marouane Fellaini-Bakkioui,114.0,38.8,0.45360088,6.118823416311343,Saved,Left Foot,Open Play
Manchester United,Guillermo Varela Olivera,95.5,48.3,0.020327501,25.867740527537382,Off T,Right Foot,Open Play
Manchester United,Juan Manuel Mata García,106.6,47.2,0.09661386,15.211837495845142,Off T,Right Foot,Open Play
Manchester United,Anthony Martial,103.9,25.7,0.034725945,21.533694527414468,Blocked,Right Foot,Open Play
Manchester United,Bastian Schweinsteiger,103.7,35.3,0.114001304,16.964079697997175,Off T,Right Foot,Open Play
Manchester United,Anthony Martial,115.2,49.3,0.045777425,10.465658125507442,Off T,Head,Open Play
Manchester United,Anthony Martial,107.8,36.3,0.23237571,12.748725426488724,Off T,Right Foot,Open Play
Manchester United,Jesse Lingard,109.3,50.6,0.052469373,15.061540425866143,Off T,Right Foot,Open Play
West Ham United,Angelo Obinze Ogbonna,111.4,45.9,0.06289943,10.429285689825544,Off T,Head,Open Play
West Ham United,Mark Noble,96.6,35.5,0.034765966,23.828764130772715,Blocked,Right Foot,Open Play
Manchester United,Chris Smalling,115.2,43.5,0.19780208,5.940538696111656,Blocked,Right Foot,Open Play
Manchester United,Michael Carrick,96.0,42.5,0.026562933,24.12985702402731,Blocked,Right Foot,Open Play
Liverpool,Christian Benteke Liolo,96.5,26.5,0.02231194,27.101660465735304,Blocked,Right Foot,Open Play
Liverpool,Nathaniel Edwin Clyne,92.7,54.6,0.016669706,30.958843647655833,Wayward,Right Foot,Open Play
Liverpool,Emre Can,114.2,27.8,0.09656992,13.508515832614624,Saved,Left Foot,Open Play
Liverpool,Philippe Coutinho Correia,105.6,40.6,0.13325322,14.412494579357183,Off T,Right Foot,Open Play
Liverpool,Christian Benteke Liolo,115.8,41.9,0.26195782,4.609772228646446,Wayward,Head,Open Play
Liverpool,Jordan Brian Henderson,111.3,40.7,0.42885986,8.72811548961172,Goal,Right Foot,Open Play
Liverpool,Christian Benteke Liolo,104.5,24.3,0.024116896,22.06218484194165,Blocked,Right Foot,Open Play
Liverpool,Philippe Coutinho Correia,97.4,26.9,0.03295973,26.122212769977963,Saved,Right Foot,Open Play
West Bromwich Albion,James Morrison,109.2,29.2,0.056132514,15.273506473629425,Wayward,Left Foot,Open Play
West Bromwich Albion,Craig Dawson,113.5,33.2,0.09715068,9.406912352095132,Goal,Left Foot,Open Play
Liverpool,Philippe Coutinho Correia,90.4,36.0,0.027583644,29.869047524151146,Saved,Right Foot,Open Play
Liverpool,Christian Benteke Liolo,105.9,39.1,0.073460296,14.128694207179935,Off T,Right Foot,Open Play
Liverpool,Philippe Coutinho Correia,94.6,39.4,0.035775248,25.4070856258643,Saved,Right Foot,Open Play
Liverpool,James Philip Milner,110.2,53.9,0.039304648,17.007351351694947,Off T,Left Foot,Open Play
Liverpool,Jordan Brian Henderson,98.6,44.6,0.06384244,21.88880992653553,Off T,Right Foot,Open Play
Liverpool,James Philip Milner,94.2,40.3,0.034978062,25.80174412709342,Off T,Right Foot,Open Play
Liverpool,Christian Benteke Liolo,111.3,40.9,0.14247286,8.746427842267954,Off T,Head,Open Play
Liverpool,Dejan Lovren,112.3,35.4,0.07336164,8.969392398596465,Blocked,Head,Open Play
Liverpool,Jordan Brian Henderson,95.5,31.2,0.031988095,26.03247971285102,Off T,Right Foot,Open Play
Liverpool,Christian Benteke Liolo,107.1,39.4,0.09298949,12.913945950018537,Off T,Right Foot,Open Play
Liverpool,Jordan Brian Henderson,96.6,50.2,0.035521183,25.526456863419185,Blocked,Right Foot,Open Play
West Bromwich Albion,Jonas Olsson,117.7,45.3,0.19166319,5.777542730261712,Goal,Head,Open Play
Liverpool,Adam David Lallana,113.0,32.0,0.40647033,10.63014581273465,Saved,Right Foot,Open Play
Liverpool,Alberto Moreno Pérez,102.8,35.1,0.04855278,17.88435070110179,Blocked,Left Foot,Open Play
Liverpool,James Philip Milner,99.1,52.8,0.024272438,24.508161905781513,Blocked,Right Foot,Open Play
Liverpool,James Philip Milner,98.1,30.6,0.03745596,23.83212118129648,Blocked,Right Foot,Open Play
West Bromwich Albion,José Salomón Rondón Giménez,100.6,46.5,0.1348801,20.459960899278382,Off T,Right Foot,Open Play
Liverpool,Jordan Brian Henderson,99.3,40.8,0.05386488,20.715453169071637,Saved,Right Foot,Open Play
Liverpool,Jordon Ibe,96.3,31.0,0.037843063,25.351331325987598,Off T,Left Foot,Open Play
Liverpool,Divock Okoth Origi,104.4,19.3,0.010287427,25.920069444351412,Blocked,Right Foot,Open Play
Liverpool,Divock Okoth Origi,92.5,27.5,0.0186961,30.20761493398643,Goal,Right Foot,Open Play
Liverpool,Nathaniel Edwin Clyne,92.0,53.6,0.019095024,31.128122333349953,Blocked,Right Foot,Open Play
AFC Bournemouth,Glenn Murray,114.4,34.7,0.16380946,7.710382610480488,Off T,Head,Open Play
Watford,Allan Romeo Nyom,108.2,56.9,0.038027305,20.61188977265306,Blocked,Left Foot,Open Play
AFC Bournemouth,Joshua King,99.5,38.0,0.052408677,20.59732992404598,Blocked,Right Foot,Open Play
Watford,Etienne Capoue,94.3,39.7,0.030605156,25.701750913118744,Blocked,Right Foot,Open Play
AFC Bournemouth,Marc Pugh,98.8,28.9,0.032616492,23.930106560565083,Saved Off Target,Right Foot,Open Play
AFC Bournemouth,Glenn Murray,111.3,36.3,0.123019814,9.454099639838798,Goal,Head,Open Play
Watford,Etienne Capoue,88.1,51.7,0.009538856,33.97793401606402,Off T,Right Foot,Open Play
Watford,Odion Jude Ighalo,105.9,48.9,0.49149555,16.6739317498903,Goal,Left Foot,Open Play
Watford,Odion Jude Ighalo,112.1,26.2,0.05230342,15.901257811883942,Blocked,Right Foot,Open Play
Watford,Ben Watson,110.2,51.1,0.0764652,14.807092894960848,Post,Right Foot,Open Play
Watford,Ikechi Anya,106.5,42.2,0.056501854,13.678084661238211,Off T,Head,Open Play
Watford,Ben Watson,98.6,34.3,0.032085963,22.14610575247938,Blocked,Right Foot,Open Play
Watford,Ikechi Anya,108.8,30.2,0.33469117,14.882204137828511,Saved,Left Foot,Open Play
AFC Bournemouth,Glenn Murray,86.3,37.1,0.022775987,33.82454729926182,Saved,Right Foot,Open Play
AFC Bournemouth,Matt Ritchie,86.3,45.4,0.022098018,34.12989891576007,Blocked,Left Foot,Open Play
Watford,Odion Jude Ighalo,97.4,53.2,0.031878076,26.172504656604797,Off T,Left Foot,Open Play
AFC Bournemouth,Glenn Murray,112.3,33.3,0.077777095,10.206860437960346,Off T,Head,Open Play
AFC Bournemouth,Steve Cook,102.5,27.5,0.02242716,21.50581316760657,Saved,Right Foot,Open Play
AFC Bournemouth,Glenn Murray,108.0,40.1,0.7835,12.000416659433121,Saved,Right Foot,Penalty
AFC Bournemouth,Dan Gosling,94.8,39.0,0.029086938,25.219833464953734,Off T,Left Foot,Open Play
AFC Bournemouth,Eunan O''Kane,103.9,25.8,0.05175977,21.467417171145666,Saved,Right Foot,Open Play
Watford,Almen Abdi,85.4,33.2,0.013517771,35.261877431583244,Off T,Right Foot,Free Kick
Sunderland,Steven Fletcher,109.1,34.1,0.09197438,12.394353553130559,Off T,Left Foot,Open Play
Crystal Palace,Damien Delaney,111.0,33.0,0.057883274,11.40175425099138,Off T,Left Foot,Open Play
Sunderland,Patrick van Aanholt,107.8,24.4,0.055104133,19.804039991880448,Off T,Right Foot,Open Play
Sunderland,Jermain Defoe,103.3,39.4,0.060086355,16.710774967068406,Off T,Left Foot,Open Play
Crystal Palace,Yannick Bolasie Yala,93.1,38.1,0.02836387,26.96701689100966,Saved,Right Foot,Open Play
Sunderland,Billy Jones,102.0,39.2,0.060860272,18.017769007288333,Blocked,Left Foot,Open Play
Crystal Palace,Jason Puncheon,99.1,47.9,0.04111321,22.343231637343784,Blocked,Left Foot,Open Play
Crystal Palace,James McArthur,91.6,53.3,0.01994431,31.360006377550377,Saved,Right Foot,Open Play
Crystal Palace,Jason Puncheon,102.8,53.7,0.04866285,21.98931558734833,Blocked,Right Foot,Open Play
Crystal Palace,Yohan Cabaye,97.3,43.4,0.042629115,22.953213282675698,Wayward,Right Foot,Open Play
Crystal Palace,Joel Ward,96.8,40.8,0.033878963,23.213789005675057,Off T,Left Foot,Open Play
Sunderland,Sebastián Coates Nión,113.0,35.8,0.07948014,8.163332652783422,Blocked,Head,Open Play
Crystal Palace,Yohan Cabaye,93.0,23.7,0.008287949,31.538706378036498,Saved,Right Foot,Open Play
Crystal Palace,Bakary Sako,94.8,62.8,0.006280988,33.98352542041511,Off T,Left Foot,Open Play
Sunderland,Sebastián Coates Nión,108.3,50.7,0.030932818,15.8549676757791,Off T,Head,Open Play
Crystal Palace,Connor Wickham,109.7,40.8,0.08162384,10.331021246711282,Blocked,Right Foot,Open Play
Crystal Palace,Connor Wickham,108.5,42.8,0.053080432,11.835962149314266,Off T,Right Foot,Open Play
Sunderland,Yann Gérard M''Vila,94.2,22.3,0.009952305,31.287857069476647,Blocked,Right Foot,Free Kick
Sunderland,Patrick van Aanholt,94.5,26.8,0.020238342,28.713933899763717,Saved,Right Foot,Open Play
Crystal Palace,Yannick Bolasie Yala,96.6,24.1,0.021025918,28.29081122908992,Saved,Right Foot,Open Play
Crystal Palace,Yohan Cabaye,93.2,29.9,0.024527976,28.64000698323937,Blocked,Right Foot,Open Play
Sunderland,Billy Jones,108.0,47.6,0.13296627,14.204224723651764,Blocked,Right Foot,Open Play
Sunderland,Jeremain Lens,103.0,36.6,0.13484824,17.33666634621547,Saved,Left Foot,Open Play
Crystal Palace,Connor Wickham,111.2,21.3,0.007683,20.667123650861527,Off T,Left Foot,Open Play
Sunderland,Patrick van Aanholt,101.5,20.2,0.0129459845,27.09778588741154,Off T,Left Foot,Open Play
Crystal Palace,Wilfried Zaha,98.1,48.5,0.041210808,23.491700662148755,Off T,Right Foot,Open Play
Sunderland,Jermain Defoe,105.6,35.7,0.98309916,15.028306624500317,Goal,Left Foot,Open Play
Crystal Palace,Yohan Cabaye,105.5,58.5,0.010320342,23.50531854708632,Saved,Right Foot,Open Play
Crystal Palace,Scott Dann,117.7,49.9,0.01851797,10.163660757817528,Wayward,Head,Open Play
Crystal Palace,Wilfried Zaha,98.1,29.4,0.03207003,24.33043361717995,Saved,Right Foot,Open Play
Crystal Palace,James McArthur,99.6,47.0,0.06839785,21.567568244936663,Saved,Right Foot,Open Play
Crystal Palace,Yohan Cabaye,98.7,56.5,0.04564226,26.943273743181244,Off T,Right Foot,Free Kick
AFC Bournemouth,Dan Gosling,101.8,49.1,0.11555244,20.348218595248092,Off T,Left Foot,Open Play
AFC Bournemouth,Dan Gosling,80.9,43.8,0.0065422147,39.28422075083073,Blocked,Right Foot,Open Play
AFC Bournemouth,Joshua King,111.9,39.9,0.550618,8.100617260431449,Goal,Right Foot,Open Play
Swansea City,Wayne Routledge,106.6,28.7,0.21995705,17.52854814295811,Saved,Right Foot,Open Play
Swansea City,Kyle Bartley,112.4,48.6,0.0332284,11.476933388322855,Wayward,Head,Open Play
Swansea City,Éderzito António Macedo Lopes,113.6,36.8,0.24418624,7.155417527999333,Saved,Head,Open Play
AFC Bournemouth,Joshua King,107.3,30.4,0.17692214,15.92011306492514,Saved,Left Foot,Open Play
AFC Bournemouth,Dan Gosling,107.1,40.0,0.19308868,12.900000000000006,Goal,Right Foot,Open Play
Swansea City,Jonjo Shelvey,105.3,39.2,0.03211845,14.721752613055283,Blocked,Head,Open Play
Swansea City,André Ayew Pelé,113.1,37.4,0.4102272,7.373601562330316,Goal,Left Foot,Open Play
Swansea City,Sung-Yeung Ki,108.9,36.9,0.1130724,11.52475596270914,Blocked,Right Foot,Open Play
Swansea City,Jonjo Shelvey,108.1,40.1,0.7835,11.900420160649796,Goal,Right Foot,Penalty
AFC Bournemouth,Joshua King,97.7,34.7,0.029835671,22.92116925464318,Blocked,Right Foot,Open Play
AFC Bournemouth,Matt Ritchie,102.8,47.4,0.05866624,18.72431574183687,Blocked,Left Foot,Open Play
AFC Bournemouth,Harry Arter,88.2,47.4,0.021993158,32.64965543462901,Saved,Left Foot,Open Play
AFC Bournemouth,Steve Cook,115.6,50.1,0.06288744,11.016805344563373,Off T,Right Foot,Open Play
AFC Bournemouth,Matt Ritchie,106.3,53.6,0.061184727,19.304144632694815,Blocked,Left Foot,Open Play
AFC Bournemouth,Steve Cook,114.0,37.4,0.10090679,6.539113089708726,Wayward,Head,Open Play
Swansea City,André Ayew Pelé,101.2,41.2,0.109315746,18.838258942906585,Blocked,Right Foot,Open Play
AFC Bournemouth,Steve Cook,105.6,39.1,0.07003137,14.428097587693262,Off T,Right Foot,Open Play
AFC Bournemouth,Junior Stanislas,102.1,46.4,0.060181364,19.009734348485782,Blocked,Right Foot,Open Play
AFC Bournemouth,Dan Gosling,101.6,52.7,0.033740267,22.357325421436265,Blocked,Right Foot,Open Play
AFC Bournemouth,Steve Cook,96.0,61.5,0.008250592,32.22188697143605,Off T,Left Foot,Open Play
Swansea City,Neil Taylor,94.1,28.8,0.018406851,28.21790211904493,Blocked,Right Foot,Open Play
Swansea City,Jonjo Shelvey,95.8,36.8,0.035747394,24.410653411983876,Blocked,Left Foot,Open Play
Swansea City,Jonjo Shelvey,90.4,33.2,0.0199405,30.37103883636514,Off T,Right Foot,Open Play
Swansea City,André Ayew Pelé,111.6,34.5,0.12662256,10.040418317978594,Blocked,Left Foot,Open Play
AFC Bournemouth,Glenn Murray,113.2,49.7,0.11562165,11.846096403457132,Wayward,Right Foot,Open Play
AFC Bournemouth,Dan Gosling,113.6,38.6,0.124860756,6.551335741663685,Off T,Left Foot,Open Play
Southampton,Sadio Mané,99.4,49.6,0.02906515,22.72707636278806,Off T,Left Foot,Open Play
Swansea City,Jonjo Shelvey,94.2,41.9,0.05049968,25.869866640553056,Saved,Right Foot,Open Play
Swansea City,Sung-Yeung Ki,107.2,49.3,0.16214004,15.821820375671058,Off T,Left Foot,Open Play
Southampton,Sadio Mané,110.2,33.6,0.11355628,11.704699910719622,Off T,Left Foot,Open Play
Southampton,Virgil van Dijk,117.1,35.9,0.28258866,5.021951811795892,Goal,Head,Open Play
Southampton,Victor Wanyama,102.4,35.2,0.048143838,18.2428068015862,Wayward,Right Foot,Open Play
Swansea City,Jonjo Shelvey,92.2,45.5,0.035278536,28.338842601630713,Off T,Right Foot,Open Play
Swansea City,Sung-Yeung Ki,96.3,57.4,0.015863068,29.401530572403882,Saved,Right Foot,Open Play
Swansea City,Gylfi Þór Sigurðsson,95.7,42.5,0.069575645,24.42826232051719,Blocked,Right Foot,Free Kick
Southampton,Graziano Pellè,108.0,32.4,0.0634811,14.204224723651764,Off T,Head,Open Play
Southampton,Sadio Mané,89.0,37.0,0.02131841,31.144823004794873,Saved,Right Foot,Open Play
Southampton,Sadio Mané,97.2,36.1,0.05155705,23.13114783144148,Off T,Right Foot,Open Play
Southampton,James Ward-Prowse,113.6,41.9,0.23721883,6.676076692189812,Off T,Head,Open Play
Swansea City,Éderzito António Macedo Lopes,84.5,41.8,0.013927098,35.545604510262585,Off T,Right Foot,Open Play
Southampton,Graziano Pellè,102.3,31.7,0.08827133,19.54942454396037,Blocked,Right Foot,Open Play
Southampton,Sadio Mané,104.3,42.4,0.10472764,15.882380174268594,Goal,Right Foot,Open Play
Swansea City,Gylfi Þór Sigurðsson,96.9,47.1,0.037790075,24.16650574659067,Blocked,Right Foot,Open Play
Southampton,Virgil van Dijk,94.6,26.9,0.04435045,28.57918823199848,Saved,Right Foot,Free Kick
Southampton,Graziano Pellè,115.6,48.1,0.07961038,9.217917335276992,Saved,Head,Open Play
Swansea City,André Ayew Pelé,97.8,59.4,0.009355656,29.482198018465315,Off T,Left Foot,Open Play
Southampton,Sadio Mané,102.8,35.7,0.06451567,17.72935419015594,Blocked,Right Foot,Open Play
Swansea City,Jonjo Shelvey,105.0,37.3,0.08204679,15.241062955056647,Blocked,Right Foot,Open Play
Southampton,Oriol Romeu Vidal,101.6,39.8,0.038284447,18.401086924418358,Saved,Head,Open Play
Southampton,Sadio Mané,104.3,55.3,0.050931104,21.922134932528813,Off T,Left Foot,Open Play
Swansea City,Gylfi Þór Sigurðsson,108.1,40.2,0.7835,11.901680553602509,Goal,Right Foot,Penalty
Swansea City,André Ayew Pelé,113.4,48.1,0.061297394,10.448444860360798,Saved,Head,Open Play
Southampton,Graziano Pellè,110.1,30.9,0.09014793,13.446932735758,Off T,Left Foot,Open Play
Everton,Leighton Baines,94.5,51.8,0.04947142,28.097864687552324,Off T,Left Foot,Free Kick
Everton,Kevin Mirallas,117.4,30.6,0.0800747,9.752948272189284,Saved,Left Foot,Open Play
Everton,Kevin Mirallas,99.9,41.7,0.09499987,20.171762441591458,Saved,Left Foot,Open Play
Newcastle United,Aleksandar Mitrović,114.4,38.6,0.25543684,5.772347875864718,Off T,Head,Open Play
Everton,Romelu Lukaku Menama,93.5,30.6,0.027554914,28.11778796420515,Off T,Left Foot,Open Play
Everton,Romelu Lukaku Menama,105.1,52.0,0.14725734,19.131387822110558,Saved,Right Foot,Open Play
Newcastle United,Aleksandar Mitrović,111.1,41.4,0.08225522,9.009439494219388,Off T,Head,Open Play
Newcastle United,Georginio Wijnaldum,107.4,36.4,0.053978562,13.104197800704927,Off T,Head,Open Play
Everton,Kevin Mirallas,88.1,35.0,0.027854022,32.289471968429595,Blocked,Right Foot,Free Kick
Everton,Kevin Mirallas,108.4,44.8,0.04724745,12.553883861180166,Off T,Head,Open Play
Newcastle United,Georginio Wijnaldum,105.0,26.9,0.053949986,19.915069670980316,Blocked,Left Foot,Open Play
Everton,Tom Cleverley,108.4,36.0,0.12125388,12.270289320142368,Blocked,Right Foot,Open Play
Everton,Romelu Lukaku Menama,111.7,29.6,0.24009433,13.306013678032949,Saved,Left Foot,Open Play
Everton,Tom Cleverley,99.6,34.1,0.036729578,21.236054247434957,Blocked,Right Foot,Open Play
Everton,Aaron Lennon,104.7,49.8,0.041154265,18.16947990449919,Saved,Right Foot,Open Play
Everton,Kevin Mirallas,97.6,50.1,0.034110904,24.571731725704648,Blocked,Right Foot,Open Play
Everton,Kevin Mirallas,103.7,54.2,0.039182313,21.617816726024852,Blocked,Right Foot,Open Play
Everton,Ross Barkley,93.2,36.1,0.036130443,27.08228203087768,Blocked,Left Foot,Open Play
Everton,Ross Barkley,107.1,32.1,0.07505306,15.126797413861274,Blocked,Right Foot,Open Play
Newcastle United,Ayoze Pérez Gutiérrez,96.6,35.1,0.06189367,23.90753019448057,Off T,Right Foot,Open Play
Newcastle United,Aleksandar Mitrović,112.1,42.7,0.13577418,8.348652585896726,Off T,Head,Open Play
Everton,Tom Cleverley,92.3,34.4,0.028842652,28.2603963171078,Blocked,Right Foot,Open Play
Newcastle United,Georginio Wijnaldum,116.3,37.2,0.47404686,4.640043103248073,Saved,Head,Open Play
Newcastle United,Ayoze Pérez Gutiérrez,106.2,28.8,0.03579446,17.773013250431113,Blocked,Right Foot,Open Play
Newcastle United,Ayoze Pérez Gutiérrez,100.0,35.7,0.040103167,20.45702813216035,Blocked,Right Foot,Open Play
Everton,José Ramiro Funes Mori,112.5,36.0,0.088076524,8.5,Saved,Head,Open Play
Everton,Romelu Lukaku Menama,116.7,35.6,0.45834884,5.499999999999997,Off T,Left Foot,Open Play
Everton,Séamus Coleman,100.5,45.6,0.052348834,20.288173895153797,Off T,Left Foot,Open Play
Newcastle United,Jack Colback,95.5,51.2,0.028059067,26.938633966851402,Off T,Left Foot,Open Play
Everton,Tom Cleverley,104.0,44.1,0.08048255,16.51696097955069,Goal,Head,Open Play
Sunderland,Jeremain Lens,85.5,44.9,0.015318606,34.846233655877356,Blocked,Right Foot,Open Play
Norwich City,Robert Brady,98.4,26.1,0.025396327,25.68598839834667,Off T,Left Foot,Open Play
Norwich City,Robert Brady,99.2,57.5,0.035954695,27.182531155137113,Blocked,Left Foot,Free Kick
Norwich City,Jonathan Howson,107.1,36.8,0.044165194,13.290974381135499,Saved,Right Foot,Open Play
Norwich City,Jonathan Howson,100.2,26.2,0.030137949,24.134622433342518,Saved,Right Foot,Open Play
Norwich City,Robert Brady,98.4,58.6,0.010227699,28.504736448527282,Saved,Left Foot,Open Play
Norwich City,Russell Martin,114.0,36.1,0.24951315,7.156116265125937,Goal,Left Foot,Open Play
Sunderland,Jeremain Lens,89.0,36.2,0.019461019,31.232034836046143,Off T,Right Foot,Open Play
Norwich City,Nathan Redmond,93.5,26.6,0.04131195,29.695285821153497,Blocked,Right Foot,Free Kick
Norwich City,Steven Whittaker,111.7,51.6,0.12161893,14.263590010933433,Goal,Right Foot,Open Play
Norwich City,Cameron Jerome,109.0,38.3,0.08813452,11.130588483993108,Off T,Right Foot,Open Play
Sunderland,Steven Fletcher,112.3,43.1,0.11494225,8.300602387778856,Off T,Head,Open Play
Norwich City,Graham Dorrans,101.5,37.3,0.073949985,18.69598887462228,Off T,Left Foot,Open Play
Sunderland,Jeremain Lens,93.5,38.8,0.041148648,26.527155897306443,Saved,Left Foot,Open Play
Sunderland,Younes Kaboul,114.3,41.3,0.107159965,5.846366392897388,Off T,Head,Open Play
Norwich City,Nathan Redmond,110.4,50.3,0.12846193,14.080127840328718,Goal,Right Foot,Open Play
Norwich City,Nathan Redmond,103.6,55.6,0.020752225,22.634486961272177,Blocked,Right Foot,Open Play
Norwich City,Cameron Jerome,106.4,54.8,0.06654078,20.099751242241776,Off T,Right Foot,Open Play
Sunderland,Sebastián Coates Nión,110.5,51.4,0.020826634,14.839474384222642,Blocked,Head,Open Play
Norwich City,Lewis Grabban,95.0,29.0,0.016453383,27.313000567495326,Blocked,Right Foot,Open Play
Norwich City,Bradley Johnson,93.7,40.3,0.03954633,26.30171097096156,Blocked,Left Foot,Open Play
Norwich City,Bradley Johnson,96.9,39.2,0.045690525,23.113848662652437,Blocked,Right Foot,Open Play
Sunderland,Duncan Watmore,105.8,45.3,0.06855512,15.15684663774098,Goal,Right Foot,Open Play
Norwich City,Bradley Johnson,111.7,34.1,0.07462529,10.18331969448077,Blocked,Head,Open Play
Norwich City,Bradley Johnson,103.8,38.2,0.11719433,16.299693248647355,Blocked,Right Foot,Open Play
Manchester City,Raheem Sterling,104.2,35.1,0.062205,16.542369842317026,Blocked,Right Foot,Open Play
Manchester City,Gnégnéri Yaya Touré,87.9,34.0,0.029083202,32.655933610907525,Blocked,Right Foot,Free Kick
Manchester City,Gnégnéri Yaya Touré,108.1,36.3,0.034874707,12.46194206373951,Off T,Head,Open Play
Manchester City,Gnégnéri Yaya Touré,104.2,42.7,0.16629128,16.02903615318151,Off T,Right Foot,Open Play
Manchester United,Ander Herrera Agüera,101.9,36.5,0.040489875,18.435292240699624,Blocked,Left Foot,Open Play
Manchester United,Chris Smalling,113.1,32.6,0.042119052,10.117806086301519,Off T,Head,Open Play
Manchester United,Faustino Marcos Alberto Rojo,89.4,31.3,0.020057784,31.812733299733924,Blocked,Left Foot,Open Play
Manchester City,Kevin De Bruyne,86.4,44.9,0.024230419,33.955411939777726,Blocked,Right Foot,Free Kick
Manchester City,Jesús Navas González,92.6,22.6,0.0073968954,32.45797282641047,Saved,Right Foot,Open Play
Manchester United,Jesse Lingard,112.2,33.3,0.13380152,10.282509421342633,Post,Right Foot,Open Play
Manchester United,Chris Smalling,110.3,46.3,0.09231814,11.56633044660233,Saved,Right Foot,Open Play
Manchester United,Wayne Mark Rooney,99.1,24.8,0.015987528,25.84279396659735,Blocked,Right Foot,Open Play
Arsenal,Alexis Alejandro Sánchez Sánchez,90.5,30.1,0.02799876,31.116876449926654,Off T,Right Foot,Open Play
Arsenal,Mesut Özil,111.1,33.5,0.31408322,11.020889256316847,Blocked,Left Foot,Open Play
Arsenal,Olivier Giroud,114.3,32.9,0.22953168,9.104943712072032,Off T,Left Foot,Open Play
Arsenal,Alexis Alejandro Sánchez Sánchez,105.0,52.1,0.09187291,19.27200041511,Saved,Right Foot,Open Play
Arsenal,Santiago Cazorla González,97.5,42.1,0.059266306,22.59778750231978,Off T,Left Foot,Open Play
Arsenal,Mesut Özil,104.7,30.1,0.27531388,18.223611058184925,Goal,Left Foot,Open Play
Arsenal,Aaron Ramsey,101.4,30.4,0.02642899,20.931316251014884,Blocked,Right Foot,Open Play
Norwich City,Robert Brady,97.1,30.5,0.02907307,24.79233752593733,Saved,Right Foot,Open Play
Norwich City,Lewis Grabban,110.1,35.6,0.52731925,10.83374358197572,Goal,Right Foot,Open Play
Norwich City,Wes Hoolahan,114.0,34.8,0.2814701,7.939773296511685,Off T,Left Foot,Open Play
Arsenal,Mesut Özil,116.9,40.7,0.28798968,3.1780497164141357,Blocked,Left Foot,Open Play
Arsenal,Mesut Özil,94.7,49.0,0.055853203,26.853118999475644,Blocked,Left Foot,Free Kick
Norwich City,Gary O''Neil,102.8,15.3,0.019457439,30.098671067008922,Off T,Right Foot,Open Play
Arsenal,Héctor Bellerín Moruno,110.5,58.0,0.012547296,20.35313243704762,Off T,Right Foot,Open Play
Norwich City,Jonathan Howson,113.6,37.3,0.13821544,6.946221994724908,Off T,Left Foot,Open Play
Norwich City,Graham Dorrans,88.5,38.8,0.02011892,31.522848856028226,Off T,Right Foot,Open Play
Arsenal,Olivier Giroud,113.8,42.5,0.14029412,6.68505796534331,Off T,Head,Open Play
Arsenal,Mesut Özil,94.9,47.5,0.03626101,26.196564660275587,Blocked,Left Foot,Open Play
Norwich City,Vadis Odjidja-Ofoe,97.2,32.5,0.049509514,24.00187492676353,Blocked,Right Foot,Open Play
Chelsea,Kurt Happy Zouma,89.8,40.7,0.03372799,30.208111493438317,Off T,Right Foot,Free Kick
Chelsea,Loïc Rémy,109.8,45.8,0.09337435,11.733712115098104,Off T,Left Foot,Open Play
Newcastle United,Kevin Mbabu,88.9,36.4,0.036821686,31.30766679265639,Saved,Right Foot,Open Play
Newcastle United,Aleksandar Mitrović,107.4,39.3,0.08275247,12.619429464123957,Off T,Head,Open Play
Newcastle United,Moussa Sissoko,95.6,50.4,0.024406957,26.52395144016065,Off T,Right Foot,Open Play
Newcastle United,Vurnon Anita,94.7,32.1,0.025870105,26.50471656139714,Blocked,Right Foot,Open Play
Newcastle United,Ayoze Pérez Gutiérrez,91.7,50.4,0.024845015,30.15045604961888,Off T,Right Foot,Open Play
Newcastle United,Ayoze Pérez Gutiérrez,102.2,48.4,0.10779764,19.68247951859724,Saved,Right Foot,Open Play
Newcastle United,Daryl Janmaat,107.7,49.2,0.20084384,15.360013020827815,Saved,Right Foot,Open Play
Newcastle United,Daryl Janmaat,100.4,46.3,0.06779881,20.587617637793834,Blocked,Left Foot,Open Play
Chelsea,Oscar dos Santos Emboaba Júnior,102.3,28.0,0.03347171,21.384340064636085,Off T,Left Foot,Open Play
Chelsea,Francesc Fàbregas i Soler,91.1,47.4,0.02868024,29.832364974973075,Saved,Right Foot,Open Play
Chelsea,Branislav Ivanović,111.2,30.3,0.029462552,13.096946208945043,Off T,Head,Open Play
Chelsea,Loïc Rémy,97.7,19.8,0.008939767,30.08870219866586,Blocked,Right Foot,Open Play
Chelsea,Pedro Eliezer Rodríguez Ledesma,113.1,43.4,0.16251609,7.692203845452879,Wayward,Head,Open Play
Newcastle United,Aleksandar Mitrović,108.8,56.0,0.020838102,19.530488985173925,Blocked,Right Foot,Open Play
Newcastle United,Ayoze Pérez Gutiérrez,109.9,35.6,0.19851823,11.016805344563362,Goal,Right Foot,Open Play
Chelsea,Francesc Fàbregas i Soler,92.7,36.4,0.018827897,27.536339626028727,Off T,Right Foot,Open Play
Chelsea,Francesc Fàbregas i Soler,95.9,36.4,0.034167677,24.36739624990737,Blocked,Right Foot,Open Play
Chelsea,Loïc Rémy,108.8,38.9,0.09269997,11.253888216967507,Off T,Head,Open Play
Newcastle United,Georginio Wijnaldum,110.9,41.0,0.08562044,9.154780172128651,Goal,Head,Open Play
Chelsea,Oscar dos Santos Emboaba Júnior,104.7,33.7,0.06291662,16.546298679765208,Off T,Right Foot,Open Play
Chelsea,Ramires Santos do Nascimento,94.3,44.3,0.032698177,26.057244673986546,Goal,Right Foot,Open Play
Chelsea,Eden Hazard,105.7,47.7,0.14944671,16.24130536625674,Blocked,Right Foot,Open Play
Chelsea,Pedro Eliezer Rodríguez Ledesma,108.0,51.8,0.25766838,16.82973558912914,Off T,Right Foot,Open Play
Chelsea,Willian Borges da Silva,93.4,17.2,0.0069723646,35.034268937712966,Goal,Right Foot,Free Kick
Chelsea,Ramires Santos do Nascimento,96.3,53.8,0.016311388,27.42498860528478,Blocked,Right Foot,Open Play
Chelsea,Ramires Santos do Nascimento,110.1,36.5,0.22353202,10.500476179678715,Saved,Head,Open Play
Stoke City,Xherdan Shaqiri,113.7,58.5,0.014507343,19.54328529188478,Off T,Left Foot,Open Play
Stoke City,Charlie Adam,100.0,18.7,0.009224911,29.217973920174547,Off T,Left Foot,Open Play
Stoke City,Mame Biram Diouf,110.7,35.3,0.07665435,10.420172743289815,Saved,Head,Open Play
Stoke City,Charlie Adam,86.8,47.9,0.023114353,34.12696880767468,Saved,Left Foot,Free Kick
West Bromwich Albion,James Morrison,105.4,29.9,0.113415085,17.753027910753698,Saved,Right Foot,Open Play
Stoke City,Mame Biram Diouf,116.7,32.7,0.25458887,8.011242100947888,Blocked,Head,Open Play
Stoke City,Xherdan Shaqiri,99.5,46.1,0.047240615,21.38831456660389,Wayward,Right Foot,Open Play
West Bromwich Albion,Craig Gardner,108.8,41.6,0.06799203,11.313708498984765,Saved Off Target,Head,Open Play
West Bromwich Albion,Rickie Lambert,88.8,56.6,0.007448619,35.34119409414458,Saved,Right Foot,Open Play
West Bromwich Albion,Craig Dawson,92.9,60.2,0.0067765736,33.80014792867037,Saved,Right Foot,Open Play
West Bromwich Albion,José Salomón Rondón Giménez,107.5,44.3,0.04336585,13.21892582625381,Off T,Head,Open Play
West Bromwich Albion,José Salomón Rondón Giménez,104.4,38.5,0.07254642,15.671949463930765,Blocked,Left Foot,Open Play
West Bromwich Albion,José Salomón Rondón Giménez,115.1,34.7,0.22745772,7.218032973047437,Goal,Head,Open Play
West Bromwich Albion,José Salomón Rondón Giménez,110.1,39.6,0.090205595,9.908077512817515,Off T,Head,Open Play
Stoke City,Glen Johnson,94.9,46.4,0.04933806,25.903088618927278,Off T,Right Foot,Open Play
West Bromwich Albion,José Salomón Rondón Giménez,108.3,32.0,0.030044524,14.173566946961518,Off T,Head,Open Play
West Bromwich Albion,Darren Fletcher,98.7,41.9,0.044555333,21.38457387931777,Blocked,Right Foot,Open Play
Stoke City,Xherdan Shaqiri,101.2,57.8,0.025235187,25.889766317987494,Off T,Left Foot,Open Play
West Bromwich Albion,Callum McManaman,107.0,49.6,0.061119065,16.16044553841261,Blocked,Right Foot,Open Play
West Bromwich Albion,James Morrison,100.8,51.7,0.029446356,22.483994307062083,Off T,Right Foot,Open Play
Stoke City,Erik Pieters,85.3,17.5,0.0046738675,41.35625708402539,Saved,Left Foot,Open Play
Stoke City,Marko Arnautović,96.7,57.0,0.016522272,28.842503358758577,Saved,Right Foot,Open Play
West Bromwich Albion,James Morrison,96.4,25.9,0.02801833,27.491271342009625,Saved,Right Foot,Open Play
West Bromwich Albion,Rickie Lambert,89.0,43.2,0.0271225,31.16472364709817,Blocked,Right Foot,Open Play
West Bromwich Albion,Callum McManaman,106.3,29.6,0.07324418,17.200290695217916,Off T,Right Foot,Open Play
Stoke City,Geoff Cameron,98.6,43.8,0.057681587,21.73476477903546,Blocked,Left Foot,Open Play
West Bromwich Albion,Cristian Gamboa Luna,93.7,33.0,0.029631916,27.215620514697065,Off T,Right Foot,Open Play
Stoke City,Marko Arnautović,93.5,42.0,0.0619718,26.575364531836623,Blocked,Right Foot,Free Kick
Stoke City,Marko Arnautović,91.8,47.3,0.014633549,29.129538273031383,Off T,Right Foot,Open Play
Sunderland,John O''Shea,111.7,29.6,0.0497572,13.306013678032949,Saved,Head,Open Play
Manchester United,Juan Manuel Mata García,96.1,32.0,0.039069124,25.20337279016442,Blocked,Left Foot,Open Play
Manchester United,Juan Manuel Mata García,101.7,50.9,0.07835759,21.300234740490534,Blocked,Left Foot,Free Kick
Sunderland,Jeremain Lens,113.0,58.0,0.009606739,19.313207915827967,Saved,Right Foot,Open Play
Manchester United,Memphis Depay,96.6,32.6,0.046299767,24.54220853957525,Saved,Right Foot,Open Play
Manchester United,Memphis Depay,96.1,29.9,0.062161237,25.946483384073463,Saved,Right Foot,Free Kick
Manchester United,Wayne Mark Rooney,94.2,51.3,0.020086542,28.166114393007778,Blocked,Right Foot,Open Play
Sunderland,Adam Johnson,86.1,42.0,0.018894294,33.958945802247754,Blocked,Left Foot,Open Play
Manchester United,Memphis Depay,116.9,39.1,0.67128956,3.2280024783137886,Goal,Right Foot,Open Play
Manchester United,Wayne Mark Rooney,118.1,43.7,0.58932877,4.1593268686170894,Goal,Right Foot,Open Play
Sunderland,Ola Toivonen,117.4,31.1,0.060316745,9.272000862812726,Blocked,Head,Open Play
Sunderland,Ola Toivonen,118.0,33.5,0.15059267,6.800735254367722,Saved,Right Foot,Open Play
Sunderland,Patrick van Aanholt,113.4,28.6,0.15524976,13.172699040060085,Saved,Left Foot,Open Play
Manchester United,Memphis Depay,104.0,42.5,0.38897714,16.194134740701646,Saved,Right Foot,Open Play
Manchester United,Anthony Martial,111.6,44.8,0.06785037,9.674709297958264,Off T,Head,Open Play
Manchester United,Juan Manuel Mata García,99.8,35.0,0.054616917,20.809613163151308,Saved,Left Foot,Open Play
Manchester United,Wayne Mark Rooney,112.6,35.4,0.14365523,8.713208364316792,Blocked,Left Foot,Open Play
Sunderland,Yann Gérard M''Vila,86.1,51.6,0.006588133,35.82973625356458,Off T,Right Foot,Open Play
Manchester United,Juan Manuel Mata García,112.8,47.5,0.18231359,10.396634070698076,Goal,Left Foot,Open Play
Sunderland,Jeremain Lens,95.2,31.5,0.03500889,26.216216355530786,Blocked,Left Foot,Open Play
Tottenham Hotspur,Mousa Sidi Yaya Dembélé,113.4,28.7,0.18317896,13.086252328302399,Goal,Left Foot,Open Play
Aston Villa,Scott Sinclair,105.5,27.2,0.084226325,19.34140636044856,Saved,Right Foot,Open Play
Aston Villa,Jack Grealish,104.6,22.8,0.01936896,23.086792761230395,Off T,Left Foot,Open Play
Tottenham Hotspur,Harry Kane,106.8,29.5,0.071236774,16.86683135624472,Saved,Right Foot,Open Play
Tottenham Hotspur,Danny Rose,106.8,29.4,0.08464743,16.92926460304759,Off T,Left Foot,Open Play
Tottenham Hotspur,Mousa Sidi Yaya Dembélé,94.8,27.2,0.023850933,28.264465323087226,Off T,Left Foot,Open Play
Aston Villa,Jack Grealish,93.7,46.7,0.023942333,27.140007369195754,Blocked,Right Foot,Open Play
Tottenham Hotspur,Bamidele Alli,105.0,44.1,0.06553666,15.550241155686301,Goal,Right Foot,Open Play
Tottenham Hotspur,Danny Rose,95.8,22.3,0.010977289,29.98216136305053,Blocked,Left Foot,Open Play
Tottenham Hotspur,Eric Dier,101.0,45.4,0.072059564,19.75246820020222,Blocked,Right Foot,Open Play
Tottenham Hotspur,Danny Rose,113.3,30.5,0.09245129,11.62497311824849,Off T,Head,Open Play
Tottenham Hotspur,Bamidele Alli,95.8,34.6,0.06216377,24.795160818191924,Blocked,Right Foot,Open Play
Aston Villa,Jack Grealish,95.1,34.4,0.02147531,25.5219513360558,Blocked,Right Foot,Open Play
Aston Villa,Scott Sinclair,100.7,20.6,0.008027369,27.36512378923216,Blocked,Right Foot,Open Play
Aston Villa,Alan Hutton,88.3,51.3,0.015573249,33.65382593405986,Blocked,Right Foot,Open Play
Tottenham Hotspur,Christian Dannemann Eriksen,96.9,20.8,0.010631901,30.037476591751176,Blocked,Right Foot,Free Kick
Aston Villa,Ciaran Clark,114.5,49.5,0.038836524,10.977249200050075,Off T,Head,Open Play
Tottenham Hotspur,Christian Dannemann Eriksen,91.3,31.3,0.041684713,29.989664886423792,Off T,Right Foot,Free Kick
Aston Villa,Rudy Gestede,103.3,48.4,0.04713402,18.693581786270926,Blocked,Right Foot,Open Play
Aston Villa,Rudy Gestede,98.5,41.4,0.051281095,21.545533179756774,Blocked,Right Foot,Open Play
Tottenham Hotspur,Erik Lamela,101.9,55.6,0.02173478,23.894978551988697,Saved,Left Foot,Open Play
Aston Villa,Leandro Bacuna,92.9,36.7,0.027133215,27.30018314956879,Post,Right Foot,Open Play
Aston Villa,Jordan Ayew,94.8,34.4,0.043753494,25.81472448042009,Goal,Right Foot,Open Play
Aston Villa,Rudy Gestede,112.0,53.1,0.05117181,15.349592828475942,Off T,Head,Open Play
Aston Villa,Jordan Ayew,95.6,29.1,0.028959798,26.723959287500797,Off T,Right Foot,Open Play
Tottenham Hotspur,Erik Lamela,110.3,55.5,0.037964296,18.284966502567077,Blocked,Left Foot,Open Play
Tottenham Hotspur,Erik Lamela,106.7,52.3,0.044700086,18.115739013355206,Blocked,Left Foot,Open Play
Tottenham Hotspur,Josh Onomah,90.8,45.7,0.04192018,29.751134432152334,Saved,Right Foot,Open Play
Tottenham Hotspur,Harry Kane,104.9,35.1,0.21624418,15.875137794677556,Goal,Right Foot,Open Play
Chelsea,Willian Borges da Silva,94.2,14.4,0.0077246027,36.345563690772494,Goal,Right Foot,Free Kick
Chelsea,Oscar dos Santos Emboaba Júnior,109.5,24.0,0.028087992,19.13765920900464,Blocked,Right Foot,Open Play
Southampton,Steven Davis,104.5,54.4,0.05410897,21.156795598577776,Off T,Right Foot,Open Play
Southampton,Sadio Mané,85.2,68.7,0.004527082,45.10798155537443,Saved,Right Foot,Open Play
Chelsea,Oscar dos Santos Emboaba Júnior,91.8,31.4,0.025830947,29.482198018465315,Off T,Right Foot,Open Play
Chelsea,Eden Hazard,91.9,45.7,0.030729407,28.67228627089231,Saved,Right Foot,Open Play
Chelsea,Oscar dos Santos Emboaba Júnior,109.1,24.1,0.055026334,19.27744796387738,Saved,Right Foot,Open Play
Southampton,Ryan Bertrand,113.0,29.3,0.19570981,12.78632081562167,Saved,Left Foot,Open Play
Southampton,Steven Davis,101.0,33.6,0.07947961,20.048940121612414,Goal,Right Foot,Open Play
Chelsea,Willian Borges da Silva,98.3,27.2,0.06139246,25.193848455525806,Blocked,Right Foot,Free Kick
Southampton,Sadio Mané,108.2,33.4,0.41949466,13.520355024924454,Saved,Right Foot,Open Play
Southampton,Sadio Mané,116.0,28.4,0.041554376,12.270289320142375,Blocked,Right Foot,Open Play
Southampton,Sadio Mané,105.5,38.6,0.18224068,14.567429423202983,Blocked,Right Foot,Open Play
Southampton,James Ward-Prowse,98.2,44.4,0.049736768,22.239604313026792,Off T,Right Foot,Open Play
Southampton,José Miguel da Rocha Fonte,97.6,48.9,0.031013798,24.103319273494268,Blocked,Right Foot,Open Play
Southampton,Sadio Mané,104.7,32.6,0.21562085,16.995587662684684,Goal,Right Foot,Open Play
Southampton,Dušan Tadić,87.5,49.2,0.022578433,33.77706322343611,Off T,Left Foot,Free Kick
Southampton,James Ward-Prowse,85.3,31.4,0.0066609755,35.74982517439771,Off T,Right Foot,Open Play
Southampton,Graziano Pellè,107.2,53.7,0.09440725,18.749133313302778,Goal,Right Foot,Open Play
Southampton,Dušan Tadić,106.4,37.2,0.27309942,13.885243966167819,Blocked,Left Foot,Open Play
Chelsea,Oscar dos Santos Emboaba Júnior,108.5,52.8,0.06481247,17.2072659071684,Off T,Right Foot,Open Play
Chelsea,Francesc Fàbregas i Soler,87.0,30.6,0.014830772,34.312679872023985,Off T,Right Foot,Open Play
Chelsea,Pedro Eliezer Rodríguez Ledesma,104.6,23.8,0.03064912,22.351733713517618,Off T,Right Foot,Open Play
Chelsea,Pedro Eliezer Rodríguez Ledesma,109.7,25.6,0.039127562,17.704519197086373,Blocked,Left Foot,Open Play
Chelsea,Radamel Falcao García Zárate,99.6,49.8,0.07369367,22.631835983852486,Blocked,Right Foot,Free Kick
Arsenal,Theo Walcott,110.5,45.0,0.09728796,10.735455276791944,Saved,Head,Open Play
Arsenal,Aaron Ramsey,111.4,28.0,0.11247061,14.763468427168458,Blocked,Left Foot,Open Play
Arsenal,Francis Joseph Coquelin,98.3,30.4,0.0538006,23.72867463639721,Blocked,Right Foot,Open Play
Arsenal,Alexis Alejandro Sánchez Sánchez,95.7,26.7,0.025208952,27.701624501101012,Saved,Right Foot,Open Play
Watford,Troy Deeney,95.6,29.5,0.033455864,26.563320575560585,Saved,Right Foot,Open Play
Watford,Odion Jude Ighalo,97.0,38.2,0.030898618,23.07032726252491,Off T,Right Foot,Open Play
Arsenal,Aaron Ramsey,102.7,27.8,0.025361279,21.169081227110446,Blocked,Left Foot,Open Play
Arsenal,Aaron Ramsey,114.7,45.9,0.40443832,7.930952023559337,Off T,Right Foot,Open Play
Watford,Odion Jude Ighalo,105.4,50.9,0.18433723,18.22004390774072,Off T,Right Foot,Open Play
Arsenal,Santiago Cazorla González,100.5,31.0,0.046840638,21.47673159491453,Blocked,Left Foot,Open Play
Watford,Nathan Aké,94.3,25.0,0.020773714,29.757184006555462,Off T,Left Foot,Open Play
Arsenal,Laurent Koscielny,112.6,43.8,0.19625592,8.318653737234172,Off T,Right Foot,Open Play
Arsenal,Aaron Ramsey,109.3,57.4,0.01680995,20.426698215815495,Off T,Right Foot,Open Play
Arsenal,Alexis Alejandro Sánchez Sánchez,98.0,32.5,0.037327733,23.243278598338918,Blocked,Right Foot,Open Play
Watford,Troy Deeney,112.5,54.4,0.030492114,16.236070953281768,Blocked,Right Foot,Open Play
Watford,Etienne Capoue,83.1,39.1,0.006538193,36.910973977937786,Off T,Right Foot,Open Play
Watford,Etienne Capoue,93.6,32.8,0.031918697,27.36421020237932,Blocked,Left Foot,Open Play
Arsenal,Alexis Alejandro Sánchez Sánchez,112.4,33.0,0.40318704,10.332473082471587,Goal,Right Foot,Open Play
Arsenal,Aaron Ramsey,104.0,29.4,0.054599263,19.192706948213427,Blocked,Right Foot,Open Play
Arsenal,Olivier Giroud,112.7,43.5,0.1354421,8.095677859203636,Goal,Right Foot,Open Play
Watford,Odion Jude Ighalo,103.7,32.5,0.13174227,17.94268653240088,Off T,Left Foot,Open Play
Arsenal,Alexis Alejandro Sánchez Sánchez,107.9,27.7,0.09901518,17.253985046939153,Blocked,Right Foot,Open Play
Arsenal,Aaron Ramsey,108.6,43.1,0.19847192,11.813974775662937,Goal,Right Foot,Open Play
Arsenal,Olivier Giroud,112.1,47.4,0.05867139,10.824509226750193,Saved,Head,Open Play
Watford,Troy Deeney,101.9,25.8,0.041412875,23.005434140654675,Saved Off Target,Right Foot,Open Play
Arsenal,Olivier Giroud,104.6,26.3,0.04627547,20.61188977265307,Off T,Left Foot,Open Play
Aston Villa,Kieran Richardson,103.7,63.4,0.008664375,28.51753846319839,Saved,Left Foot,Free Kick
Swansea City,Gylfi Þór Sigurðsson,100.3,39.0,0.06102243,19.725364381932216,Off T,Right Foot,Open Play
Swansea City,Federico Fernández,112.6,39.5,0.3969457,7.416872656315469,Off T,Right Foot,Open Play
Aston Villa,Rudy Gestede,103.7,41.1,0.042373598,16.33707440149551,Saved,Right Foot,Open Play
Aston Villa,Rudy Gestede,104.3,28.9,0.09286867,19.22758435165479,Off T,Right Foot,Open Play
Aston Villa,Rudy Gestede,113.2,44.1,0.087141685,7.9404030124421245,Off T,Head,Open Play
Aston Villa,Gabriel Imuetinyan Agbonlahor,106.3,28.3,0.102013394,18.016103907338014,Off T,Right Foot,Open Play
Swansea City,Jonjo Shelvey,90.8,42.9,0.030381102,29.343653487594217,Blocked,Right Foot,Open Play
Swansea City,Bafétimbi Gomis,103.9,55.8,0.036177333,22.557703783851753,Off T,Right Foot,Open Play
Swansea City,André Ayew Pelé,110.5,38.8,0.23984891,9.575489543621256,Saved,Left Foot,Open Play
Aston Villa,Jordan Ayew,113.7,43.8,0.4717112,7.35730929076656,Goal,Head,Open Play
Swansea City,Gylfi Þór Sigurðsson,93.2,32.5,0.05815452,27.829660436304284,Goal,Right Foot,Free Kick
Aston Villa,Jordan Ayew,93.5,47.8,0.02952119,27.624083695210597,Blocked,Left Foot,Open Play
Swansea City,Modou Barrow,89.5,47.5,0.017378505,31.40859754907882,Off T,Left Foot,Open Play
Aston Villa,Jordan Ayew,99.5,47.6,0.036919095,21.86343980255623,Saved,Right Foot,Open Play
Swansea City,André Ayew Pelé,106.0,42.9,0.025443792,14.297202523570826,Saved,Head,Open Play
Swansea City,Jonjo Shelvey,98.8,41.9,0.08665909,21.284971223847123,Off T,Left Foot,Open Play
Swansea City,André Ayew Pelé,113.7,38.3,0.69662285,6.525335240430178,Goal,Left Foot,Open Play
Aston Villa,Joleon Lescott,112.9,38.5,0.17627934,7.256721022610688,Off T,Right Foot,Open Play
Leicester City,Marc Albrighton,107.7,26.4,0.052729703,18.33712082089225,Blocked,Right Foot,Open Play
Leicester City,Jamie Vardy,112.8,28.9,0.17049254,13.23064624271997,Post,Left Foot,Open Play
Leicester City,José Leonardo Ulloa,111.6,33.2,0.049931314,10.80740486888504,Off T,Head,Open Play
Leicester City,Marc Albrighton,90.9,32.9,0.026951216,29.95363083167047,Off T,Right Foot,Open Play
Leicester City,Riyad Mahrez,115.3,54.8,0.013092374,15.528361149844498,Blocked,Left Foot,Open Play
West Bromwich Albion,Chris Brunt,90.1,37.7,0.03770092,29.98833106393219,Blocked,Left Foot,Free Kick
West Bromwich Albion,José Salomón Rondón Giménez,116.5,32.8,0.102208376,8.005623023850175,Goal,Head,Open Play
Leicester City,Danny Drinkwater,95.0,35.8,0.027368268,25.350345165302976,Blocked,Right Foot,Open Play
Leicester City,Jamie Vardy,99.6,37.5,0.045212958,20.552615405344408,Blocked,Right Foot,Open Play
Leicester City,José Leonardo Ulloa,112.0,33.7,0.11384589,10.182828683622246,Saved,Head,Open Play
West Bromwich Albion,James McClean,95.3,20.7,0.0083462065,31.346132137793337,Off T,Left Foot,Open Play
West Bromwich Albion,James McClean,110.3,33.4,0.23211956,11.732433677630574,Blocked,Right Foot,Open Play
Leicester City,Riyad Mahrez,114.1,44.9,0.22865681,7.669419795525608,Goal,Left Foot,Open Play
Leicester City,Jamie Vardy,111.5,33.8,0.1932303,10.52093151769367,Off T,Left Foot,Open Play
Leicester City,Riyad Mahrez,115.0,36.1,0.39787433,6.341135544995075,Goal,Left Foot,Open Play
West Bromwich Albion,José Salomón Rondón Giménez,117.7,43.5,0.23791984,4.188078318274383,Wayward,Head,Open Play
Leicester City,Jamie Vardy,107.9,46.6,0.30264518,13.78296049475583,Goal,Right Foot,Open Play
West Bromwich Albion,James McClean,94.0,20.9,0.007516928,32.261587065735,Saved,Left Foot,Open Play
West Bromwich Albion,José Salomón Rondón Giménez,111.5,43.2,0.0783906,9.082400563727633,Saved,Head,Open Play
West Bromwich Albion,Rickie Lambert,108.0,40.0,0.7835,12.0,Goal,Right Foot,Penalty
West Bromwich Albion,José Salomón Rondón Giménez,109.8,46.5,0.11884905,12.095040305844378,Blocked,Right Foot,Open Play
West Bromwich Albion,Callum McManaman,103.3,38.1,0.083356574,16.807736313971613,Off T,Right Foot,Open Play
West Bromwich Albion,Callum McManaman,101.5,46.1,0.053422675,19.479733057719248,Off T,Right Foot,Open Play
Leicester City,Riyad Mahrez,107.4,25.8,0.05703448,18.984203960134852,Blocked,Left Foot,Open Play
West Bromwich Albion,Rickie Lambert,116.4,46.2,0.24373217,7.169379331573968,Saved,Right Foot,Open Play
Leicester City,Jamie Vardy,107.8,53.4,0.034317747,18.121810064118872,Off T,Left Foot,Open Play
AFC Bournemouth,Max-Alain Gradel,100.3,21.7,0.014490744,26.88828741292387,Blocked,Right Foot,Open Play
AFC Bournemouth,Callum Wilson,113.4,37.2,0.2088226,7.169379331573961,Goal,Right Foot,Open Play
AFC Bournemouth,Max-Alain Gradel,101.6,24.6,0.058417544,23.99416595758228,Saved,Right Foot,Free Kick
Leicester City,Jeffrey Schlupp,109.8,21.8,0.010910316,20.86336502101231,Off T,Left Foot,Open Play
Leicester City,Jamie Vardy,108.1,40.1,0.7835,11.900420160649796,Goal,Right Foot,Penalty
AFC Bournemouth,Simon Francis,95.5,29.1,0.018714897,26.815294143454775,Blocked,Right Foot,Open Play
West Ham United,Manuel Lanzini,111.5,44.1,0.19753946,9.437160589923222,Goal,Right Foot,Open Play
Liverpool,Philippe Coutinho Correia,96.8,25.1,0.020134374,27.572631357924475,Off T,Right Foot,Open Play
Liverpool,Roberto Firmino Barbosa de Oliveira,91.2,40.5,0.026663369,28.804339950778246,Post,Left Foot,Open Play
West Ham United,Manuel Lanzini,97.2,41.4,0.06198315,22.842942017174583,Off T,Right Foot,Open Play
Liverpool,Joe Gomez,87.2,39.3,0.016134378,32.80746866187637,Blocked,Right Foot,Open Play
West Ham United,Cheikhou Kouyaté,102.9,27.8,0.03462622,21.005951537599998,Blocked,Right Foot,Open Play
West Ham United,Aaron Cresswell,103.0,38.0,0.06901081,17.11724276862369,Off T,Right Foot,Open Play
West Ham United,Mark Noble,104.1,39.9,0.08227564,15.900314462299171,Goal,Right Foot,Open Play
West Ham United,Mark Noble,97.4,35.7,0.029304147,23.005434140654675,Off T,Right Foot,Open Play
Liverpool,Philippe Coutinho Correia,105.2,36.5,0.09707857,15.208221460775745,Blocked,Right Foot,Open Play
Liverpool,Philippe Coutinho Correia,86.2,51.8,0.006660026,35.800558654859,Off T,Right Foot,Open Play
Liverpool,Roberto Firmino Barbosa de Oliveira,95.9,55.8,0.025803665,28.81752938750995,Blocked,Right Foot,Open Play
Liverpool,Dejan Lovren,84.7,28.0,0.005804953,37.28391073908422,Saved,Right Foot,Open Play
Liverpool,Christian Benteke Liolo,101.3,44.3,0.08932116,19.18801709400948,Blocked,Right Foot,Open Play
Liverpool,James Philip Milner,99.9,43.4,0.056240078,20.385534086699806,Off T,Right Foot,Open Play
West Ham United,Cheikhou Kouyaté,102.1,60.9,0.008385302,27.51763071196356,Blocked,Right Foot,Open Play
West Ham United,Cheikhou Kouyaté,90.6,46.9,0.022739576,30.19884103736434,Saved,Right Foot,Open Play
West Ham United,Aaron Cresswell,113.4,25.1,0.021935442,16.296318602678333,Saved,Left Foot,Open Play
West Ham United,Manuel Lanzini,96.3,53.9,0.021734187,27.475443581496553,Blocked,Right Foot,Open Play
West Ham United,Winston Reid,112.4,40.2,0.08039792,7.602631123499279,Off T,Head,Open Play
Liverpool,James Philip Milner,113.3,46.7,0.24241178,9.475230867899741,Blocked,Right Foot,Open Play
Liverpool,Christian Benteke Liolo,111.0,36.3,0.05567153,9.730878685915267,Wayward,Head,Open Play
Liverpool,Dejan Lovren,115.4,45.9,0.26416558,7.481310045707231,Off T,Right Foot,Open Play
West Ham United,Diafra Sakho,104.2,47.7,0.10128263,17.576404638036756,Goal,Left Foot,Open Play
Liverpool,Christian Benteke Liolo,111.7,39.2,0.08879311,8.338465086573185,Off T,Head,Open Play
Liverpool,Daniel William John Ings,98.6,31.6,0.06257524,22.989562849258363,Blocked,Right Foot,Open Play
Southampton,Dušan Tadić,98.5,34.1,0.06878874,22.294842452908252,Off T,Right Foot,Open Play
Southampton,Sadio Mané,110.6,43.1,0.30014178,9.897979591815702,Saved,Left Foot,Open Play
Southampton,Graziano Pellè,112.0,40.3,0.48093143,8.005623023850173,Goal,Right Foot,Open Play
Southampton,Graziano Pellè,104.4,42.3,0.19884655,15.768639763784313,Post,Right Foot,Open Play
Manchester United,Anthony Martial,100.1,37.2,0.07621338,20.096019506359966,Off T,Right Foot,Open Play
Southampton,James Ward-Prowse,100.1,35.4,0.0530097,20.424739900424687,Saved,Right Foot,Open Play
Southampton,Graziano Pellè,106.9,48.1,0.023246044,15.401947928752385,Off T,Head,Open Play
Manchester United,Memphis Depay,111.5,37.8,0.15786,8.780091115700339,Off T,Head,Open Play
Southampton,Graziano Pellè,105.3,32.5,0.044789203,16.502727047370083,Blocked,Left Foot,Open Play
Southampton,Oriol Romeu Vidal,86.3,44.0,0.011724333,33.9365584583941,Blocked,Right Foot,Open Play
Manchester United,Anthony Martial,110.7,37.5,0.2944576,9.630160954002791,Goal,Right Foot,Open Play
Manchester United,Morgan Schneiderlin,110.5,37.0,0.17397453,9.962429422585638,Blocked,Left Foot,Open Play
Manchester United,Anthony Martial,103.7,32.6,0.43072984,17.901117283566407,Goal,Right Foot,Open Play
Manchester United,Memphis Depay,88.2,26.5,0.007860495,34.5469246098694,Off T,Right Foot,Open Play
Southampton,José Miguel da Rocha Fonte,114.6,49.6,0.051318176,11.014535850411495,Saved,Head,Open Play
Southampton,José Miguel da Rocha Fonte,106.7,49.2,0.03538879,16.17188919081503,Off T,Head,Open Play
Manchester United,Memphis Depay,109.2,29.6,0.20243132,14.993331851193046,Post,Right Foot,Open Play
Manchester United,Juan Manuel Mata García,104.2,41.0,0.15032025,15.831613941730637,Goal,Left Foot,Open Play
Manchester United,Juan Manuel Mata García,95.7,51.7,0.052410923,26.969983314789054,Blocked,Left Foot,Free Kick
Manchester United,Memphis Depay,97.9,35.3,0.07727607,22.594247055390003,Off T,Right Foot,Free Kick
Southampton,Graziano Pellè,113.0,41.5,0.15450251,7.158910531638177,Goal,Head,Open Play
Southampton,Graziano Pellè,111.4,42.5,0.08025907,8.956003573022953,Off T,Head,Open Play
Southampton,Dušan Tadić,114.5,41.0,0.14702818,5.5901699437494745,Off T,Head,Open Play
Southampton,Victor Wanyama,95.8,35.2,0.041674748,24.671440979399645,Saved,Left Foot,Open Play
Southampton,José Miguel da Rocha Fonte,107.8,41.6,0.034392554,12.304470732217622,Saved,Head,Open Play
Southampton,Victor Wanyama,109.5,42.5,0.04763532,10.793516572461451,Saved,Head,Open Play
Watford,Odion Jude Ighalo,96.7,56.0,0.031629786,28.264642223102697,Off T,Right Foot,Open Play
Watford,Odion Jude Ighalo,103.3,44.8,0.1952529,17.3761330565808,Off T,Right Foot,Open Play
Newcastle United,Florian Thauvin,110.1,41.0,0.14805324,9.950376877284604,Blocked,Left Foot,Open Play
Newcastle United,Papiss Demba Cissé,112.8,40.3,0.39447507,7.206247289678591,Saved,Left Foot,Open Play
Watford,Odion Jude Ighalo,106.2,34.4,0.09551467,14.89295135290517,Goal,Right Foot,Open Play
Newcastle United,Papiss Demba Cissé,106.5,28.6,0.15098192,17.669465187152664,Off T,Left Foot,Open Play
Newcastle United,Moussa Sissoko,101.7,33.1,0.05627831,19.55760721560794,Off T,Right Foot,Open Play
Watford,Troy Deeney,97.0,38.4,0.045449875,23.055585006674633,Off T,Right Foot,Open Play
Watford,José Manuel Jurado Marín,91.3,28.8,0.022812685,30.807953518531544,Saved,Right Foot,Open Play
Watford,Odion Jude Ighalo,106.3,24.3,0.049547676,20.83698634639856,Saved,Left Foot,Open Play
Watford,Odion Jude Ighalo,113.3,51.5,0.41053435,13.309395177843358,Goal,Right Foot,Open Play
Watford,Allan Romeo Nyom,84.8,58.1,0.0067997277,39.58092975158618,Blocked,Right Foot,Open Play
Newcastle United,Ayoze Pérez Gutiérrez,95.2,40.7,0.041400507,24.80987706539474,Off T,Right Foot,Open Play
Newcastle United,Florian Thauvin,100.8,50.7,0.04889441,21.980218379260933,Saved,Left Foot,Open Play
Newcastle United,Chancel Mbemba Mangulu,87.0,45.8,0.020740997,33.505820389896435,Blocked,Right Foot,Open Play
Watford,Troy Deeney,94.1,38.1,0.037008468,25.969597609512558,Blocked,Right Foot,Open Play
Newcastle United,Florian Thauvin,102.4,25.6,0.03436691,22.740272645683028,Blocked,Left Foot,Open Play
Newcastle United,Moussa Sissoko,107.0,41.2,0.042937364,13.055267136294072,Off T,Head,Open Play
Newcastle United,Ayoze Pérez Gutiérrez,110.6,25.9,0.037033707,16.946090994680752,Blocked,Right Foot,Open Play
Newcastle United,Daryl Janmaat,112.8,49.3,0.12170757,11.761377470347595,Goal,Right Foot,Open Play
Watford,Troy Deeney,116.1,31.4,0.08542512,9.442986815621426,Off T,Head,Open Play
Newcastle United,Daryl Janmaat,97.4,56.2,0.029000064,27.806474066303334,Saved,Left Foot,Open Play
Newcastle United,Massadio Haïdara,89.5,41.9,0.018255554,30.55912302406599,Off T,Left Foot,Open Play
Newcastle United,Siem Stefan de Jong,111.4,38.8,0.10280818,8.683317338436959,Off T,Head,Open Play
Watford,Troy Deeney,95.9,27.9,0.025839258,26.96701689100965,Blocked,Right Foot,Open Play
Newcastle United,Florian Thauvin,99.6,23.4,0.025188686,26.300570336021238,Off T,Left Foot,Open Play
Newcastle United,Siem Stefan de Jong,102.9,45.8,0.104906686,18.056854654119576,Saved,Right Foot,Open Play
Watford,Allan Romeo Nyom,106.7,50.2,0.15338933,16.760966559241147,Off T,Left Foot,Open Play
Manchester City,Raheem Sterling,107.7,25.6,0.06113226,18.938056922503954,Saved,Left Foot,Open Play
Manchester City,Fernando Luiz Rosa,86.5,46.6,0.016509624,34.14395993437199,Blocked,Right Foot,Open Play
Manchester City,Aleksandar Kolarov,92.4,57.3,0.009107391,32.57376244771241,Saved,Left Foot,Free Kick
Manchester City,Kevin De Bruyne,117.2,37.7,0.83482283,3.623534186398684,Goal,Right Foot,Open Play
Manchester City,Sergio Leonel Agüero del Castillo,108.4,43.0,0.23507558,11.981652640600121,Saved,Right Foot,Open Play
Manchester City,Nicolás Hernán Otamendi,108.7,35.2,0.02395666,12.277214667830807,Blocked,Head,Open Play
Manchester City,Aleksandar Kolarov,96.7,45.3,0.07658639,23.895187800057144,Blocked,Left Foot,Free Kick
Manchester City,Sergio Leonel Agüero del Castillo,116.7,52.1,0.016448384,12.541929676090518,Blocked,Right Foot,Open Play
Manchester City,Fernando Luiz Rosa,111.3,36.9,0.07453743,9.235799911215057,Blocked,Head,Open Play
Manchester City,Fabian Delph,93.8,34.9,0.026323032,26.69175902783479,Goal,Left Foot,Open Play
Southampton,Virgil van Dijk,94.2,28.8,0.025508767,28.126144421160888,Post,Right Foot,Open Play
Southampton,Victor Wanyama,110.6,43.2,0.12394653,9.929753269845135,Saved,Right Foot,Open Play
Southampton,James Ward-Prowse,99.5,53.1,0.06102287,24.328172968803063,Off T,Right Foot,Free Kick
Manchester City,Raheem Sterling,112.4,46.2,0.11940024,9.80815986819138,Off T,Right Foot,Open Play
Southampton,Shane Long,100.3,54.0,0.05383095,24.167953988701655,Saved,Right Foot,Open Play
Southampton,Victor Wanyama,95.8,39.8,0.03804105,24.200826432169627,Blocked,Right Foot,Open Play
Southampton,Shane Long,115.8,34.2,0.12714534,7.161005515987261,Goal,Head,Open Play
Manchester City,Fabian Delph,99.1,57.1,0.024083748,27.004073766748608,Blocked,Left Foot,Open Play
Manchester City,Gnégnéri Yaya Touré,95.8,25.4,0.021712363,28.263050083103206,Saved,Right Foot,Open Play
Southampton,Dušan Tadić,108.9,30.0,0.37904066,14.940214188558338,Saved,Left Foot,Open Play
Southampton,Shane Long,104.8,31.9,0.087037705,17.22353041626484,Blocked,Right Foot,Open Play
Manchester City,Gnégnéri Yaya Touré,93.6,45.7,0.031174256,27.008332047721872,Saved,Right Foot,Open Play
Southampton,Dušan Tadić,94.5,30.5,0.028420249,27.212129648375555,Saved,Left Foot,Open Play
Manchester City,Aleksandar Kolarov,113.5,27.2,0.04069546,14.355835050598765,Goal,Left Foot,Open Play
Manchester City,Gnégnéri Yaya Touré,94.2,33.0,0.058124598,26.732751448363857,Blocked,Right Foot,Free Kick
Southampton,Sadio Mané,102.5,48.9,0.1482077,19.633135256499404,Saved,Right Foot,Open Play
Southampton,Sadio Mané,108.3,52.0,0.1219806,16.75977326815611,Saved,Left Foot,Open Play
Chelsea,Francesc Fàbregas i Soler,114.4,35.0,0.19632597,7.5073297516493795,Off T,Right Foot,Open Play
Chelsea,John Terry,113.0,47.1,0.052604157,9.970456358662828,Off T,Right Foot,Open Play
Norwich City,Nathan Redmond,109.4,58.7,0.01444099,21.49534833400008,Saved,Right Foot,Open Play
Chelsea,Willian Borges da Silva,109.0,52.5,0.03171544,16.650825805346713,Saved,Right Foot,Open Play
Norwich City,Dieumerci Mbokani Bezua,103.3,33.1,0.06630662,18.069310999592652,Off T,Left Foot,Open Play
Chelsea,Pedro Eliezer Rodríguez Ledesma,99.4,51.1,0.036377795,23.400213674238103,Off T,Left Foot,Open Play
Chelsea,Diego da Silva Costa,110.2,37.6,0.18077762,10.089598604503548,Off T,Right Foot,Open Play
Chelsea,Pedro Eliezer Rodríguez Ledesma,99.3,22.4,0.019985871,27.170756338387054,Blocked,Right Foot,Open Play
Chelsea,Francesc Fàbregas i Soler,98.4,24.9,0.026077604,26.35469597623922,Saved,Right Foot,Open Play
Chelsea,Diego da Silva Costa,111.9,26.8,0.026362982,15.487091398968365,Blocked,Left Foot,Open Play
Norwich City,Sébastien Aymar Bassong Nguena,112.3,46.0,0.18803014,9.761659694949422,Blocked,Left Foot,Open Play
Chelsea,Diego da Silva Costa,109.7,45.0,0.18923226,11.449454135459906,Saved,Right Foot,Open Play
Chelsea,Robert Kenedy Nunes do Nascimento,91.9,27.2,0.024003692,30.877985685598077,Off T,Right Foot,Open Play
Chelsea,Diego da Silva Costa,100.4,35.2,0.030667083,20.179197209007096,Blocked,Right Foot,Open Play
Chelsea,Willian Borges da Silva,89.4,49.5,0.02479582,32.04075529696514,Saved,Right Foot,Free Kick
Chelsea,Kurt Happy Zouma,112.9,44.8,0.11547671,8.570297544426325,Off T,Right Foot,Open Play
Chelsea,Francesc Fàbregas i Soler,93.2,29.8,0.024638154,28.67542501864619,Saved,Right Foot,Open Play
Chelsea,Nemanja Matić,88.9,40.8,0.018962462,31.11028768751584,Off T,Left Foot,Open Play
Chelsea,Diego da Silva Costa,109.8,30.2,0.17879674,14.144963768069543,Goal,Right Foot,Open Play
Chelsea,Kurt Happy Zouma,113.6,37.5,0.29549292,6.8709533545207595,Post,Right Foot,Open Play
Norwich City,Robert Brady,92.2,44.6,0.037515618,28.17800560721074,Saved,Left Foot,Open Play
Chelsea,Pedro Eliezer Rodríguez Ledesma,95.0,50.3,0.024612848,27.03867600308861,Off T,Right Foot,Open Play
Chelsea,Willian Borges da Silva,103.1,22.4,0.02699978,24.40020491717232,Blocked,Right Foot,Open Play
Chelsea,Eden Hazard,103.6,23.8,0.026534287,23.05211487044085,Blocked,Right Foot,Open Play
Chelsea,Nemanja Matić,109.3,29.8,0.27041546,14.782760229402358,Saved,Left Foot,Open Play
Chelsea,Branislav Ivanović,111.0,41.7,0.06628971,9.159148432032316,Goal,Head,Open Play
Chelsea,Willian Borges da Silva,91.8,37.5,0.047084134,28.310598722033415,Saved,Right Foot,Free Kick
Chelsea,Pedro Eliezer Rodríguez Ledesma,108.5,38.1,0.33532536,11.655899793666725,Goal,Left Foot,Open Play
Chelsea,Willian Borges da Silva,106.9,52.5,0.06370891,18.10690476033935,Blocked,Right Foot,Open Play
Chelsea,Branislav Ivanović,109.5,35.3,0.04419079,11.503912377969506,Off T,Head,Open Play
Chelsea,Oscar dos Santos Emboaba Júnior,105.1,46.7,0.36561233,16.33707440149552,Saved,Right Foot,Open Play
Sunderland,Duncan Watmore,101.8,43.1,0.06522253,18.462123388169633,Off T,Left Foot,Open Play
Chelsea,Diego da Silva Costa,108.4,35.7,0.2860348,12.37133784196357,Off T,Left Foot,Open Play
Chelsea,Pedro Eliezer Rodríguez Ledesma,94.8,27.6,0.021285608,28.085583490467137,Blocked,Right Foot,Open Play
Chelsea,Diego da Silva Costa,117.7,46.3,0.17156872,6.706713054842882,Off T,Head,Open Play
Sunderland,Patrick van Aanholt,87.0,39.5,0.0241277,33.0037876614185,Blocked,Left Foot,Free Kick
Sunderland,Patrick van Aanholt,87.6,37.6,0.0139522785,32.488767289634126,Off T,Left Foot,Open Play
Chelsea,Oscar dos Santos Emboaba Júnior,108.0,40.2,0.7835,12.001666550941998,Goal,Right Foot,Penalty
Sunderland,Younes Kaboul,107.2,50.7,0.029429033,16.683225107874076,Saved,Head,Open Play
Sunderland,Fabio Borini,118.3,38.5,0.9346821,2.267156809750929,Goal,Other,Open Play
Sunderland,Jermain Defoe,109.0,23.9,0.047507413,19.498974332000135,Off T,Left Foot,Open Play
Sunderland,Fabio Borini,103.5,27.5,0.09088395,20.700241544484452,Off T,Right Foot,Open Play
Sunderland,Patrick van Aanholt,100.0,37.9,0.12611356,20.10994778710278,Off T,Right Foot,Open Play
Sunderland,Jermain Defoe,110.5,28.7,0.20963259,14.76279106402309,Off T,Left Foot,Open Play
Chelsea,Oscar dos Santos Emboaba Júnior,98.8,49.6,0.039156623,23.27230113246217,Off T,Right Foot,Open Play
Chelsea,Oscar dos Santos Emboaba Júnior,91.5,41.3,0.03271705,28.52963371654112,Blocked,Right Foot,Open Play
Chelsea,Oscar dos Santos Emboaba Júnior,98.6,31.1,0.04722059,23.17692818300131,Blocked,Right Foot,Open Play
Chelsea,Loïc Rémy,115.0,36.6,0.4656537,6.046486583132388,Wayward,Right Foot,Open Play
Chelsea,Loïc Rémy,109.6,24.3,0.060095742,18.832153355365396,Saved,Right Foot,Open Play
Sunderland,Fabio Borini,110.4,22.8,0.013898215,19.697715603592208,Blocked,Left Foot,Open Play
Chelsea,Pedro Eliezer Rodríguez Ledesma,107.0,49.8,0.28031147,16.280049139974977,Off T,Right Foot,Open Play
Sunderland,Jermain Defoe,101.0,33.7,0.06378998,20.01724256734678,Saved,Left Foot,Open Play
Chelsea,Willian Borges da Silva,90.8,33.2,0.045194466,29.98132752230962,Saved,Right Foot,Free Kick
West Bromwich Albion,José Salomón Rondón Giménez,111.5,36.4,0.11971524,9.230926280715279,Saved,Head,Open Play
West Bromwich Albion,José Salomón Rondón Giménez,105.0,32.0,0.07739268,17.0,Blocked,Right Foot,Open Play
West Bromwich Albion,Jonathan Grant Evans,112.5,38.9,0.08822569,7.58023746329889,Blocked,Head,Open Play
Aston Villa,Ashley Westwood,96.5,30.0,0.022118682,25.53918557824427,Off T,Right Foot,Open Play
Aston Villa,Carles Gil de Pareja Vicent,106.9,38.7,0.1473506,13.164345787011213,Blocked,Left Foot,Open Play
West Bromwich Albion,Darren Fletcher,92.8,37.2,0.032494325,27.343737857140166,Saved,Left Foot,Open Play
Aston Villa,Jack Grealish,99.7,26.9,0.025654212,24.159884105682295,Blocked,Right Foot,Open Play
Aston Villa,Carlos Alberto Sánchez Moreno,88.0,32.7,0.019192336,32.82209621581169,Blocked,Left Foot,Open Play
West Bromwich Albion,James Morrison,97.6,37.1,0.04300847,22.586943130932973,Blocked,Right Foot,Open Play
West Bromwich Albion,Saido Berahino,108.8,40.5,0.2672416,11.211155159036917,Goal,Right Foot,Open Play
Aston Villa,Ashley Westwood,98.2,39.3,0.03734352,21.811235636707973,Off T,Right Foot,Open Play
Aston Villa,Carlos Alberto Sánchez Moreno,94.7,52.7,0.020825945,28.308655920053848,Saved,Left Foot,Open Play
Aston Villa,Carles Gil de Pareja Vicent,95.3,53.6,0.04060496,28.1966310044303,Saved,Left Foot,Free Kick
West Bromwich Albion,José Salomón Rondón Giménez,116.8,49.9,0.07466129,10.404326023342406,Blocked,Right Foot,Open Play
West Bromwich Albion,José Salomón Rondón Giménez,99.0,53.3,0.05277502,24.85739326639058,Saved,Left Foot,Open Play
Aston Villa,Jack Grealish,100.0,39.7,0.053572148,20.002249873451735,Off T,Right Foot,Open Play
West Bromwich Albion,José Salomón Rondón Giménez,106.0,27.7,0.09126328,18.63571839237758,Saved,Right Foot,Open Play
Aston Villa,Ashley Westwood,98.9,27.6,0.060460854,24.47386360998197,Off T,Right Foot,Free Kick
West Bromwich Albion,James Morrison,102.5,21.6,0.016923035,25.39310930154084,Off T,Right Foot,Open Play
Aston Villa,Leandro Bacuna,90.6,44.3,0.038421236,29.712791858053333,Blocked,Right Foot,Free Kick
West Bromwich Albion,José Salomón Rondón Giménez,115.2,30.3,0.05808121,10.822661410207749,Saved,Head,Open Play
Aston Villa,Rudy Gestede,111.5,45.7,0.06492673,10.234256201600585,Off T,Head,Open Play
Aston Villa,Rudy Gestede,104.3,45.3,0.06574858,16.57045563646335,Saved,Left Foot,Open Play
Stoke City,Marko Arnautović,99.4,41.4,0.05524576,20.647518010647183,Blocked,Right Foot,Open Play
Everton,Ross Barkley,97.7,26.9,0.02978176,25.863101128828305,Blocked,Right Foot,Open Play
Stoke City,Marko Arnautović,102.7,56.5,0.049259037,23.90690276886573,Off T,Right Foot,Open Play
Everton,Romelu Lukaku Menama,90.8,33.9,0.02826872,29.83035366870464,Off T,Left Foot,Open Play
Stoke City,Xherdan Shaqiri,109.7,38.2,0.35281685,10.456098698845565,Goal,Left Foot,Open Play
Everton,John Stones,112.0,38.6,0.08602571,8.121576201698781,Off T,Head,Open Play
Everton,Romelu Lukaku Menama,110.2,38.7,0.50971514,9.885848471426211,Goal,Left Foot,Open Play
Stoke City,Geoff Cameron,105.5,41.1,0.06339019,14.541664278891878,Blocked,Left Foot,Open Play
Everton,Brendan Joel Zibusiso Galloway,101.7,34.0,0.08317358,19.25850461484484,Off T,Left Foot,Open Play
Everton,Arouna Koné,98.5,53.5,0.027205328,25.387004549572207,Blocked,Left Foot,Open Play
Everton,Ross Barkley,107.2,29.8,0.07246131,16.36704005005181,Blocked,Right Foot,Open Play
Stoke City,Xherdan Shaqiri,101.5,51.0,0.09660011,21.523243250030884,Goal,Right Foot,Open Play
Everton,Tom Cleverley,104.7,36.9,0.0862849,15.610893632332518,Blocked,Left Foot,Open Play
Stoke City,Geoff Cameron,97.0,20.1,0.008664862,30.413977050034084,Saved,Right Foot,Open Play
Everton,Ross Barkley,102.6,49.4,0.05354098,19.77675403093238,Blocked,Right Foot,Open Play
Everton,Arouna Koné,98.7,47.4,0.049260568,22.54883589012967,Off T,Right Foot,Open Play
Everton,Romelu Lukaku Menama,113.9,47.2,0.17385867,9.436630754670862,Goal,Right Foot,Open Play
Everton,Steven Naismith,103.1,41.4,0.1070324,16.957889019568448,Blocked,Right Foot,Open Play
Everton,Gerard Deulofeu Lázaro,115.6,40.2,0.8384148,4.404543109109054,Goal,Right Foot,Open Play
Everton,Gerard Deulofeu Lázaro,104.2,48.6,0.057584856,17.988885457415083,Off T,Right Foot,Open Play
Stoke City,José Luis Sanmartín Mato,112.0,51.8,0.05454997,14.256226709757387,Goal,Right Foot,Open Play
Everton,Séamus Coleman,109.6,53.7,0.0549422,17.20029069521792,Off T,Left Foot,Open Play
Stoke City,Marko Arnautović,108.1,40.1,0.7835,11.900420160649796,Goal,Right Foot,Penalty
Liverpool,Philippe Coutinho Correia,98.3,41.9,0.041388728,21.78302091079197,Off T,Right Foot,Open Play
Norwich City,Graham Dorrans,92.5,54.5,0.018856132,31.088583113419627,Off T,Right Foot,Open Play
Liverpool,James Philip Milner,102.6,44.5,0.15365417,17.972478960900197,Blocked,Right Foot,Open Play
Norwich City,Robert Brady,92.5,19.5,0.0063310033,34.30014577228499,Off T,Left Foot,Open Play
Liverpool,Nathaniel Edwin Clyne,93.6,52.3,0.022358328,29.1247317584214,Off T,Right Foot,Open Play
Liverpool,Daniel Andre Sturridge,101.9,48.4,0.13521104,19.954197553397123,Saved,Left Foot,Open Play
Liverpool,Philippe Coutinho Correia,106.5,43.4,0.09962635,13.921566003866088,Off T,Head,Open Play
Liverpool,Christian Benteke Liolo,107.8,27.4,0.027534725,17.538529014715007,Blocked,Right Foot,Open Play
Liverpool,Philippe Coutinho Correia,95.1,44.0,0.037556063,25.21923868795409,Blocked,Right Foot,Open Play
Liverpool,James Philip Milner,97.8,41.8,0.047851413,22.272853431924705,Saved,Right Foot,Open Play
Norwich City,Robert Brady,87.2,21.9,0.0063548633,37.462648064438795,Off T,Right Foot,Open Play
Liverpool,Daniel William John Ings,109.1,27.6,0.1679432,16.509694121939393,Goal,Left Foot,Open Play
Liverpool,Daniel Andre Sturridge,94.1,38.6,0.043544114,25.937810239108472,Blocked,Left Foot,Open Play
Liverpool,Philippe Coutinho Correia,97.0,24.9,0.02226761,27.5138147118861,Off T,Right Foot,Open Play
Norwich City,Alexander Banor Tettey,94.0,39.4,0.031885803,26.006922155456998,Blocked,Left Foot,Open Play
Liverpool,Philippe Coutinho Correia,107.8,25.5,0.03322254,18.949670181826384,Blocked,Left Foot,Open Play
Liverpool,Philippe Coutinho Correia,106.3,29.5,0.077929154,17.260938560808334,Off T,Right Foot,Open Play
Norwich City,Steven Whittaker,95.6,45.4,0.059150696,24.990398156091874,Off T,Right Foot,Open Play
Norwich City,Russell Martin,109.6,45.9,0.09600885,11.95700631429122,Goal,Right Foot,Open Play
Norwich City,Matt Jarvis,113.1,44.9,0.23274967,8.462860036654279,Saved,Left Foot,Open Play
Liverpool,Alberto Moreno Pérez,104.9,25.1,0.05453609,21.213674834879498,Saved,Left Foot,Open Play
Liverpool,Daniel William John Ings,99.7,35.2,0.08179887,20.859769893265838,Blocked,Left Foot,Open Play
Liverpool,Roberto Firmino Barbosa de Oliveira,110.9,24.2,0.047439888,18.23321145602167,Saved,Right Foot,Open Play
Liverpool,Philippe Coutinho Correia,110.3,48.0,0.46533623,12.573384588089242,Saved,Right Foot,Open Play
Liverpool,Philippe Coutinho Correia,97.6,50.7,0.04021438,24.824383174612827,Saved,Right Foot,Open Play
Liverpool,Philippe Coutinho Correia,100.1,30.7,0.037640203,21.9658826364888,Blocked,Right Foot,Open Play
Liverpool,Philippe Coutinho Correia,109.8,32.6,0.21543942,12.601587201618694,Off T,Right Foot,Open Play
Liverpool,Philippe Coutinho Correia,105.4,24.8,0.040529862,21.07605276136876,Blocked,Right Foot,Open Play
Liverpool,Adam David Lallana,102.0,40.7,0.046721432,18.013605968822567,Blocked,Right Foot,Open Play
Liverpool,Emre Can,111.5,36.0,0.52842814,9.394147114027968,Off T,Left Foot,Open Play
Tottenham Hotspur,Toby Alderweireld,112.0,46.3,0.06965841,10.182828683622246,Off T,Head,Open Play
Tottenham Hotspur,Nacer Chadli,95.2,51.0,0.02406685,27.13005713226568,Saved,Right Foot,Open Play
Swansea City,André Ayew Pelé,113.0,41.9,0.14928359,7.2532751223154355,Goal,Head,Open Play
Swansea City,Jonjo Shelvey,89.2,45.5,0.017418165,31.28721783732136,Wayward,Right Foot,Open Play
Tottenham Hotspur,Nacer Chadli,112.1,26.8,0.083989464,15.383432646844463,Saved,Left Foot,Open Play
Tottenham Hotspur,Christian Dannemann Eriksen,100.3,23.9,0.028715653,25.4420911090264,Blocked,Right Foot,Open Play
Tottenham Hotspur,Christian Dannemann Eriksen,97.2,26.2,0.053240985,26.65107877741537,Goal,Right Foot,Free Kick
Tottenham Hotspur,Christian Dannemann Eriksen,101.7,31.5,0.050227873,20.177710474679724,Off T,Right Foot,Open Play
Swansea City,Bafétimbi Gomis,112.2,53.3,0.057925273,15.418495387034362,Blocked,Left Foot,Open Play
Swansea City,Sung-Yeung Ki,101.2,25.8,0.038150445,23.56013582303803,Blocked,Right Foot,Open Play
Tottenham Hotspur,Harry Kane,105.2,29.7,0.1308142,18.031361568112374,Saved,Left Foot,Open Play
Tottenham Hotspur,Christian Dannemann Eriksen,92.6,48.3,0.0433603,28.62953020920882,Saved,Right Foot,Free Kick
Tottenham Hotspur,Harry Kane,103.3,24.4,0.031658754,22.85278976405288,Blocked,Right Foot,Open Play
Tottenham Hotspur,Christian Dannemann Eriksen,99.7,53.1,0.03184516,24.159884105682295,Saved,Right Foot,Open Play
Tottenham Hotspur,Harry Kane,112.8,44.4,0.16990317,8.438009243891596,Saved,Right Foot,Open Play
Swansea City,Bafétimbi Gomis,114.3,42.8,0.14999557,6.350590523722972,Off T,Head,Open Play
Swansea City,Sung-Yeung Ki,98.6,38.2,0.058590524,21.47556751287379,Blocked,Left Foot,Open Play
Swansea City,Gylfi Þór Sigurðsson,95.7,35.9,0.031316414,24.643457549621562,Blocked,Right Foot,Open Play
Swansea City,Bafétimbi Gomis,116.9,45.4,0.25490454,6.226556030423235,Off T,Head,Open Play
Swansea City,Bafétimbi Gomis,104.3,56.0,0.03377062,22.416288720481813,Off T,Right Foot,Open Play
Tottenham Hotspur,Christian Dannemann Eriksen,99.9,21.1,0.0120005645,27.5902156570042,Goal,Right Foot,Free Kick
Tottenham Hotspur,Andros Townsend,94.9,49.1,0.029507758,26.698689106396213,Blocked,Left Foot,Open Play
Tottenham Hotspur,Bamidele Alli,93.2,38.6,0.03298261,26.836542251191748,Saved,Right Foot,Open Play
Tottenham Hotspur,Clinton Mua N''Jie,111.2,55.4,0.03453357,17.736967046256808,Off T,Right Foot,Open Play
Tottenham Hotspur,Clinton Mua N''Jie,105.1,22.4,0.030921616,23.060138768012656,Wayward,Right Foot,Open Play
Tottenham Hotspur,Andros Townsend,94.4,40.8,0.044581052,25.612496949731387,Saved,Left Foot,Open Play
Tottenham Hotspur,Andros Townsend,105.1,53.2,0.1019386,19.90602923739439,Saved,Left Foot,Open Play
Tottenham Hotspur,Andros Townsend,100.4,51.6,0.033917345,22.77542535277881,Blocked,Left Foot,Open Play
Swansea City,Jefferson Antonio Montero Vite,102.4,31.8,0.06014335,19.416487838947596,Blocked,Right Foot,Open Play
Tottenham Hotspur,Andros Townsend,101.7,50.7,0.07296237,21.19858485842864,Blocked,Left Foot,Open Play
Tottenham Hotspur,Christian Dannemann Eriksen,96.0,42.6,0.0477798,24.140422531513405,Off T,Right Foot,Open Play
Swansea City,Federico Fernández,112.5,32.0,0.07038136,10.965856099730654,Saved to Post,Head,Open Play
Sunderland,Steven Fletcher,108.2,38.8,0.09162849,11.860860002546186,Goal,Left Foot,Open Play
Sunderland,Fabio Borini,106.9,55.7,0.04930355,20.447493733951845,Off T,Right Foot,Open Play
West Ham United,Manuel Lanzini,84.1,44.9,0.007831768,36.23285801589491,Off T,Right Foot,Open Play
Sunderland,Jeremain Lens,97.1,49.2,0.08653421,24.67893838883675,Goal,Right Foot,Open Play
Sunderland,Steven Fletcher,102.9,27.3,0.06607372,21.300234740490534,Blocked,Left Foot,Open Play
Sunderland,John O''Shea,115.4,48.3,0.072630264,9.48946784598588,Saved,Head,Open Play
West Ham United,Victor Moses,89.5,50.0,0.021469263,32.09750769140807,Blocked,Right Foot,Open Play
Sunderland,Jeremain Lens,93.7,47.0,0.020634638,27.215620514697065,Off T,Left Foot,Open Play
West Ham United,Diafra Sakho,109.1,41.5,0.09411672,11.002726934719417,Off T,Right Foot,Open Play
Sunderland,Fabio Borini,105.6,44.2,0.45921272,15.000000000000005,Off T,Right Foot,Open Play
Sunderland,Ola Toivonen,94.1,42.0,0.04535759,25.977105304479178,Blocked,Right Foot,Open Play
Sunderland,Fabio Borini,96.3,38.1,0.08544938,23.77603835797714,Off T,Right Foot,Open Play
West Ham United,Diafra Sakho,112.2,55.9,0.015160879,17.71016657177453,Blocked,Right Foot,Open Play
West Ham United,Carl Jenkinson,108.1,43.3,0.31424,12.349089035228474,Goal,Left Foot,Open Play
Sunderland,Jeremain Lens,98.1,48.7,0.049010504,23.564804263986584,Blocked,Right Foot,Open Play
Sunderland,Yann Gérard M''Vila,96.6,42.7,0.030472906,23.555254190944325,Off T,Right Foot,Open Play
West Ham United,Dimitri Payet,93.0,45.3,0.058336504,27.515268488604647,Saved,Right Foot,Free Kick
Sunderland,Steven Fletcher,102.3,55.2,0.037651133,23.330880823492286,Blocked,Left Foot,Open Play
West Ham United,Manuel Lanzini,95.6,34.2,0.05043826,25.07987240796891,Off T,Right Foot,Open Play
West Ham United,Diafra Sakho,86.5,22.6,0.005848494,37.749304629357084,Off T,Right Foot,Open Play
West Ham United,Manuel Lanzini,90.6,34.6,0.022017028,29.891804896994767,Saved,Right Foot,Open Play
West Ham United,Dimitri Payet,110.6,36.7,0.4564727,9.962429422585643,Goal,Right Foot,Open Play
West Ham United,Nikica Jelavić,117.2,37.7,0.5277688,3.623534186398684,Off T,Left Foot,Open Play
West Ham United,Nikica Jelavić,107.8,35.1,0.053778265,13.147243057006289,Off T,Head,Open Play
West Ham United,Aaron Cresswell,87.5,32.1,0.017072367,33.4463749904231,Saved,Left Foot,Open Play
West Ham United,Nikica Jelavić,108.2,42.2,0.1231292,12.003332870498923,Wayward,Right Foot,Open Play
West Ham United,Mauro Matías Zárate,97.1,28.9,0.031570584,25.44837912323691,Saved,Right Foot,Open Play
West Ham United,Nikica Jelavić,108.2,33.2,0.063986525,13.61910422898657,Off T,Head,Open Play
West Ham United,Diafra Sakho,105.9,51.9,0.03863928,18.45047424864737,Blocked,Right Foot,Open Play
West Ham United,Manuel Lanzini,105.3,56.9,0.029475186,22.398660674245683,Blocked,Right Foot,Open Play
West Ham United,Nikica Jelavić,109.9,37.6,0.09489332,10.381233067415444,Off T,Head,Open Play
West Ham United,Dimitri Payet,111.4,38.3,0.3589368,8.766413177577242,Off T,Right Foot,Open Play
Crystal Palace,Jason Puncheon,105.4,54.9,0.036325805,20.86072865457963,Off T,Right Foot,Open Play
West Ham United,Dimitri Payet,104.1,27.1,0.04626811,20.474862636901868,Saved,Right Foot,Open Play
Crystal Palace,Dwight Gayle,116.1,46.4,0.097420245,7.4946647690206945,Blocked,Right Foot,Open Play
Crystal Palace,Jason Puncheon,107.3,43.5,0.08036799,13.17345816405093,Blocked,Left Foot,Open Play
West Ham United,Aaron Cresswell,93.6,48.0,0.055009887,27.585503439306674,Off T,Left Foot,Free Kick
West Ham United,Carl Jenkinson,108.9,48.6,0.2918426,14.041723540933281,Goal,Right Foot,Open Play
Crystal Palace,Yohan Cabaye,108.5,40.2,0.7835,11.501738998951419,Goal,Right Foot,Penalty
West Ham United,Dimitri Payet,106.6,27.8,0.07159038,18.121810064118872,Blocked,Right Foot,Open Play
West Ham United,Diafra Sakho,108.8,35.5,0.09799115,12.070211265756704,Blocked,Right Foot,Open Play
West Ham United,Victor Moses,96.3,45.6,0.03625686,24.352617929085163,Off T,Left Foot,Open Play
Crystal Palace,Wilfried Zaha,108.3,29.1,0.06784316,15.990622251807466,Blocked,Left Foot,Open Play
Crystal Palace,Brede Hangeland,115.6,34.5,0.15535676,7.043436661176137,Off T,Head,Open Play
West Ham United,Manuel Lanzini,98.8,31.4,0.034487553,22.877936969928037,Blocked,Right Foot,Open Play
West Ham United,Carl Jenkinson,107.9,53.8,0.06990542,18.353473785635234,Blocked,Right Foot,Open Play
Crystal Palace,Jason Puncheon,96.2,52.1,0.019901847,26.699250925821868,Off T,Left Foot,Open Play
West Ham United,Cheikhou Kouyaté,93.6,34.3,0.025371257,27.008332047721872,Blocked,Right Foot,Open Play
West Ham United,Diafra Sakho,112.5,43.7,0.1505867,8.36301381082203,Saved,Head,Open Play
West Ham United,Andy Carroll,110.3,40.8,0.08848585,9.73293378175358,Off T,Head,Open Play
West Ham United,Manuel Lanzini,89.4,32.0,0.019498916,31.628468189275303,Blocked,Right Foot,Open Play
West Ham United,Andy Carroll,87.3,44.2,0.021523038,32.968621445246995,Off T,Left Foot,Open Play
West Ham United,Mauro Matías Zárate,97.3,54.2,0.025428502,26.775548547135315,Off T,Left Foot,Open Play
West Ham United,Manuel Lanzini,92.3,47.9,0.026852677,28.804513535208336,Off T,Right Foot,Open Play
West Ham United,Dimitri Payet,97.9,30.0,0.034283195,24.257163890281973,Blocked,Right Foot,Open Play
West Ham United,Mauro Matías Zárate,95.7,29.0,0.027872259,26.673769887288145,Blocked,Left Foot,Open Play
West Ham United,Mauro Matías Zárate,113.4,40.5,0.59299886,6.618912297349159,Goal,Left Foot,Open Play
West Ham United,Mauro Matías Zárate,96.7,41.2,0.039711412,23.330880823492283,Off T,Right Foot,Open Play
West Ham United,Andy Carroll,93.1,41.5,0.029537192,26.941789101691082,Blocked,Left Foot,Open Play
West Ham United,Dimitri Payet,106.1,41.7,0.2846677,14.003570973148248,Goal,Right Foot,Open Play
Manchester City,Kevin De Bruyne,96.8,20.4,0.010610781,30.37103883636515,Saved,Right Foot,Free Kick
Manchester City,Fernando Francisco Reges,115.8,38.2,0.84981954,4.569463863518346,Saved,Left Foot,Open Play
Manchester City,Fernando Francisco Reges,116.4,37.7,0.30401102,4.272001872658759,Saved,Right Foot,Open Play
Manchester City,David Josué Jiménez Silva,102.3,49.8,0.10046745,20.23190549602286,Off T,Left Foot,Open Play
Manchester City,Sergio Leonel Agüero del Castillo,109.5,38.0,0.072431915,10.688779163215974,Blocked,Head,Open Play
Newcastle United,Aleksandar Mitrović,109.7,37.1,0.15066113,10.700467279516346,Saved,Right Foot,Open Play
Newcastle United,Aleksandar Mitrović,110.9,36.8,0.32685515,9.646242791885342,Goal,Head,Open Play
Manchester City,Nicolás Hernán Otamendi,86.0,54.9,0.005572244,37.12155707941142,Blocked,Right Foot,Open Play
Newcastle United,Aleksandar Mitrović,107.3,37.8,0.072055,12.889142717807111,Off T,Head,Open Play
Newcastle United,Aleksandar Mitrović,110.5,43.7,0.5926071,10.195096860746347,Saved,Right Foot,Open Play
Manchester City,Raheem Sterling,102.5,41.0,0.06294689,17.528548142958105,Blocked,Right Foot,Open Play
Manchester City,Sergio Leonel Agüero del Castillo,100.7,32.8,0.089766055,20.599271831790556,Off T,Left Foot,Open Play
Manchester City,Fernando Francisco Reges,112.1,38.2,0.10945286,8.102468759581864,Blocked,Head,Open Play
Manchester City,Fernando Luiz Rosa,98.1,43.6,0.046172544,22.193918085818023,Off T,Right Foot,Open Play
Newcastle United,Georginio Wijnaldum,97.3,41.7,0.06659201,22.76356738299162,Saved,Right Foot,Open Play
Manchester City,Sergio Leonel Agüero del Castillo,114.9,42.6,0.49592188,5.724508712544679,Goal,Head,Open Play
Newcastle United,Georginio Wijnaldum,97.1,28.6,0.046390757,25.580656754665238,Blocked,Right Foot,Open Play
Manchester City,Kevin De Bruyne,101.9,56.3,0.024658628,24.357750306627246,Off T,Left Foot,Open Play
Manchester City,Fernando Francisco Reges,94.4,36.4,0.030432288,25.851885811290433,Saved,Right Foot,Open Play
Manchester City,Sergio Leonel Agüero del Castillo,102.7,42.4,0.09773627,17.46568063374571,Goal,Left Foot,Open Play
Manchester City,Sergio Leonel Agüero del Castillo,99.8,44.9,0.50991577,20.785812469085737,Goal,Right Foot,Open Play
Manchester City,Kevin De Bruyne,112.3,49.7,0.08333291,12.384667940643387,Goal,Right Foot,Open Play
Manchester City,Sergio Leonel Agüero del Castillo,113.5,33.6,0.06548306,9.121951545584968,Off T,Right Foot,Open Play
Manchester City,Sergio Leonel Agüero del Castillo,101.0,31.1,0.07945565,20.98118204487059,Goal,Right Foot,Open Play
Manchester City,Sergio Leonel Agüero del Castillo,115.0,43.2,0.6214699,5.936328831862333,Goal,Right Foot,Open Play
Manchester City,Kevin De Bruyne,111.7,26.5,0.05271127,15.847397262642215,Off T,Right Foot,Open Play
Manchester City,Wilfried Guemiand Bony,110.7,38.3,0.1406426,9.454099639838791,Off T,Left Foot,Open Play
Manchester City,Kelechi Promise Iheanacho,105.9,53.7,0.034540884,19.659603251337497,Saved,Left Foot,Open Play
Manchester City,Wilfried Guemiand Bony,100.0,19.0,0.008200974,29.0,Saved,Right Foot,Open Play
Newcastle United,Aleksandar Mitrović,103.9,28.9,0.08718384,19.555561868685846,Saved,Right Foot,Open Play
Newcastle United,Aleksandar Mitrović,106.4,41.8,0.04615452,13.718600511714007,Blocked,Left Foot,Open Play
Newcastle United,Chancel Mbemba Mangulu,113.9,33.7,0.06286954,8.769264507357494,Off T,Head,Open Play
Stoke City,Jonathan Walters,111.1,40.0,0.3401162,8.900000000000006,Off T,Right Foot,Open Play
Newcastle United,Aleksandar Mitrović,111.7,35.9,0.1468644,9.257429448826493,Post,Head,Open Play
Stoke City,Charlie Adam,86.8,29.0,0.0059593567,34.97484810546002,Off T,Left Foot,Open Play
Stoke City,Philipp Wollscheid,107.6,43.6,0.06968534,12.912009913255185,Off T,Head,Open Play
Newcastle United,Ayoze Pérez Gutiérrez,101.0,23.3,0.035073325,25.296047122030746,Off T,Right Foot,Open Play
Newcastle United,Georginio Wijnaldum,95.9,28.5,0.0516699,26.703183330831546,Saved,Right Foot,Free Kick
Newcastle United,Fabricio Coloccini,114.5,49.5,0.055015437,10.977249200050075,Off T,Head,Open Play
Stoke City,Jonathan Walters,114.6,43.6,0.20471963,6.489992295835186,Saved,Head,Open Play
Stoke City,Jonathan Walters,113.8,51.6,0.061381586,13.152946437965907,Off T,Right Foot,Open Play
Newcastle United,Moussa Sissoko,107.7,48.7,0.31255412,15.065855435387663,Saved,Right Foot,Open Play
Newcastle United,Chancel Mbemba Mangulu,114.1,36.9,0.13685536,6.664833081180658,Off T,Head,Open Play
Newcastle United,Ayoze Pérez Gutiérrez,96.1,37.2,0.06576752,24.063457773146407,Saved,Right Foot,Open Play
Stoke City,Ibrahim Afellay,101.6,51.9,0.05662114,21.91278165820123,Wayward,Right Foot,Open Play
Stoke City,Jonathan Walters,112.2,41.7,0.45184416,7.98310716450681,Saved,Right Foot,Open Play
Stoke City,Charlie Adam,106.5,54.0,0.030839305,19.448650338776723,Off T,Right Foot,Open Play
Newcastle United,Georginio Wijnaldum,109.0,45.8,0.05105541,12.435433245367848,Blocked,Right Foot,Open Play
Stoke City,Glen Johnson,104.2,39.7,0.0819094,15.802847844613321,Blocked,Left Foot,Open Play
Newcastle United,Daryl Janmaat,100.9,54.7,0.02818653,24.101867147588376,Blocked,Right Foot,Open Play
Stoke City,Jonathan Walters,110.1,56.0,0.040972028,18.81515346735179,Off T,Right Foot,Open Play
Newcastle United,Moussa Sissoko,104.8,52.0,0.07445922,19.365949499056327,Saved,Right Foot,Open Play
Newcastle United,Fabricio Coloccini,109.6,44.3,0.063372664,11.253888216967507,Blocked,Head,Open Play
Newcastle United,Jamaal Lascelles,113.4,44.4,0.11347284,7.932212806020771,Saved,Head,Open Play
Chelsea,Pedro Eliezer Rodríguez Ledesma,104.0,47.7,0.06419942,17.756407294269863,Blocked,Left Foot,Open Play
Chelsea,Branislav Ivanović,96.1,56.3,0.021413337,28.92922397853078,Off T,Left Foot,Open Play
Chelsea,Francesc Fàbregas i Soler,92.8,51.3,0.020989506,29.453862225521462,Saved,Right Foot,Open Play
Chelsea,Willian Borges da Silva,96.9,23.1,0.017717617,28.622019495486335,Off T,Right Foot,Open Play
Chelsea,Pedro Eliezer Rodríguez Ledesma,102.9,52.4,0.04741462,21.122736565132836,Off T,Left Foot,Open Play
Chelsea,Willian Borges da Silva,95.3,55.4,0.021316962,29.10755915565577,Off T,Right Foot,Open Play
Crystal Palace,Bakary Sako,103.4,19.5,0.016202698,26.378210705049725,Saved,Left Foot,Open Play
Crystal Palace,Yohan Cabaye,101.0,53.0,0.03200048,23.021728866442675,Off T,Right Foot,Open Play
Crystal Palace,Yohan Cabaye,104.0,41.4,0.31332004,16.061133210331082,Saved,Right Foot,Open Play
Crystal Palace,Yohan Cabaye,106.8,42.9,0.06616994,13.514806694880992,Blocked,Left Foot,Open Play
Crystal Palace,Bakary Sako,92.9,26.5,0.025272373,30.276393444398224,Off T,Left Foot,Open Play
Chelsea,Gary Cahill,114.7,36.3,0.12074679,6.463745044476924,Off T,Head,Open Play
Chelsea,Gary Cahill,90.0,45.3,0.021858927,30.464569585011372,Off T,Right Foot,Open Play
Chelsea,Willian Borges da Silva,103.9,49.1,0.04572605,18.493782739072067,Blocked,Left Foot,Open Play
Chelsea,Diego da Silva Costa,110.8,57.5,0.01328374,19.77093826807418,Saved,Right Foot,Open Play
Chelsea,Francesc Fàbregas i Soler,106.1,42.4,0.07899246,14.105672617780414,Saved,Right Foot,Open Play
Chelsea,Nemanja Matić,106.0,33.0,0.2374489,15.652475842498529,Saved,Left Foot,Open Play
Crystal Palace,Connor Wickham,113.2,43.5,0.31239024,7.647875521999555,Wayward,Left Foot,Open Play
Crystal Palace,Bakary Sako,97.0,29.4,0.0315588,25.325086376950424,Saved,Right Foot,Open Play
Chelsea,Diego da Silva Costa,104.3,27.6,0.093234226,20.00624902374256,Blocked,Left Foot,Open Play
Chelsea,Branislav Ivanović,100.5,51.0,0.027796667,22.38861317723811,Blocked,Right Foot,Open Play
Chelsea,Kurt Happy Zouma,105.1,42.4,0.08309589,15.092050887801834,Blocked,Right Foot,Open Play
Chelsea,Pedro Eliezer Rodríguez Ledesma,105.6,29.8,0.10302236,17.646529403823294,Blocked,Right Foot,Open Play
Chelsea,Gary Cahill,109.2,32.2,0.025668513,13.322161986704707,Blocked,Head,Open Play
Crystal Palace,Bakary Sako,105.6,42.0,0.12419701,14.538225476309004,Blocked,Left Foot,Open Play
Crystal Palace,Bakary Sako,109.4,39.9,0.42776775,10.600471687618429,Goal,Right Foot,Open Play
Crystal Palace,Jason Puncheon,105.2,40.8,0.06396481,14.82160585091912,Off T,Right Foot,Open Play
Chelsea,Eden Hazard,101.4,50.0,0.05591015,21.1177650332605,Off T,Right Foot,Open Play
Crystal Palace,Yannick Bolasie Yala,113.9,34.5,0.28994888,8.213403679352423,Off T,Left Foot,Open Play
Crystal Palace,Yannick Bolasie Yala,101.8,23.8,0.030636827,24.36554944999189,Off T,Right Foot,Open Play
Chelsea,Radamel Falcao García Zárate,112.1,45.9,0.17220338,9.860020283954798,Goal,Head,Open Play
Crystal Palace,Joel Ward,113.7,41.6,0.41113335,6.499999999999997,Goal,Head,Open Play
Chelsea,Radamel Falcao García Zárate,108.7,38.0,0.052734636,11.475626344561762,Saved,Head,Open Play
Chelsea,Robert Kenedy Nunes do Nascimento,84.8,39.5,0.01541509,35.2035509572543,Saved,Left Foot,Open Play
Chelsea,Radamel Falcao García Zárate,95.3,54.7,0.02376815,28.743347056318967,Blocked,Right Foot,Open Play
Chelsea,Branislav Ivanović,107.4,43.0,0.2543217,12.952219886953737,Blocked,Right Foot,Open Play
Chelsea,Radamel Falcao García Zárate,115.4,41.2,0.3344001,4.75394572960188,Off T,Left Foot,Open Play
Chelsea,Francesc Fàbregas i Soler,96.2,25.2,0.018640446,28.02641611051973,Saved,Right Foot,Open Play
Chelsea,Pedro Eliezer Rodríguez Ledesma,108.5,52.7,0.059153233,17.13300907604966,Blocked,Right Foot,Open Play
Chelsea,Francesc Fàbregas i Soler,104.4,43.5,0.17189084,15.987807854737303,Blocked,Right Foot,Open Play
Manchester City,Fernando Luiz Rosa,111.0,37.1,0.0638147,9.455686120002081,Saved,Head,Open Play
West Ham United,Victor Moses,94.1,49.4,0.034006998,27.5530397597071,Goal,Right Foot,Open Play
Manchester City,Sergio Leonel Agüero del Castillo,100.6,51.0,0.12270694,22.301569451498256,Off T,Right Foot,Open Play
Manchester City,Nicolás Hernán Otamendi,110.4,45.2,0.046838976,10.917875251164942,Off T,Head,Open Play
West Ham United,Winston Reid,111.1,42.1,0.069233604,9.144397191723472,Blocked,Head,Open Play
West Ham United,Diafra Sakho,117.2,42.7,0.5050061,3.8897300677553446,Goal,Right Foot,Open Play
Manchester City,Jesús Navas González,105.1,56.5,0.030596884,22.231958978011814,Saved,Right Foot,Open Play
Manchester City,Sergio Leonel Agüero del Castillo,102.3,25.1,0.03533888,23.136551169091735,Off T,Right Foot,Open Play
Manchester City,Sergio Leonel Agüero del Castillo,115.7,45.4,0.18982409,6.902897942168924,Blocked,Right Foot,Open Play
Manchester City,Sergio Leonel Agüero del Castillo,118.5,46.0,0.22102119,6.18465843842649,Saved,Left Foot,Open Play
Manchester City,Sergio Leonel Agüero del Castillo,106.1,37.1,0.22344457,14.199295757184585,Off T,Left Foot,Open Play
Manchester City,Kevin De Bruyne,95.8,36.6,0.05759658,24.437675830569486,Goal,Right Foot,Open Play
Manchester City,Kevin De Bruyne,103.6,47.1,0.052110665,17.870926109186403,Blocked,Right Foot,Open Play
West Ham United,Victor Moses,103.6,54.3,0.038475815,21.75890622251036,Off T,Left Foot,Open Play
Manchester City,Gnégnéri Yaya Touré,98.2,58.6,0.011972526,28.65658737533135,Off T,Right Foot,Open Play
Manchester City,Gnégnéri Yaya Touré,107.4,40.8,0.10731197,12.625371281669297,Blocked,Right Foot,Open Play
Manchester City,Nicolás Hernán Otamendi,111.9,33.0,0.04544337,10.705606008068852,Saved,Head,Open Play
Manchester City,Gnégnéri Yaya Touré,111.0,46.6,0.43860194,11.160645142642965,Saved,Right Foot,Open Play
Manchester City,Gnégnéri Yaya Touré,95.7,45.5,0.035706934,24.914654322305978,Saved,Left Foot,Open Play
West Ham United,Diafra Sakho,108.0,25.7,0.1390407,18.66788686488109,Off T,Right Foot,Open Play
Manchester City,Aleksandar Kolarov,88.5,26.8,0.007846762,34.15391632009425,Off T,Left Foot,Open Play
Manchester City,Nicolás Hernán Otamendi,87.1,34.2,0.021397121,33.40733452402332,Blocked,Right Foot,Open Play
Manchester City,Gnégnéri Yaya Touré,109.7,53.6,0.08462909,17.06018757223964,Off T,Right Foot,Open Play
Manchester City,Gnégnéri Yaya Touré,109.2,49.4,0.1380568,14.31782106327635,Blocked,Left Foot,Open Play
Manchester City,Wilfried Guemiand Bony,114.9,40.1,0.18293735,5.100980297942734,Wayward,Head,Open Play
Manchester City,Fernando Luiz Rosa,99.9,36.1,0.044305798,20.474862636901857,Blocked,Right Foot,Open Play
Manchester City,Wilfried Guemiand Bony,109.0,44.0,0.048598707,11.704699910719626,Blocked,Head,Open Play
Manchester City,Kevin De Bruyne,98.9,34.2,0.03608015,21.882641522448786,Off T,Right Foot,Open Play
Manchester City,Gnégnéri Yaya Touré,101.7,50.4,0.043837883,21.04875293218104,Blocked,Right Foot,Open Play
Manchester City,Kevin De Bruyne,97.8,38.9,0.05734254,22.227235545609357,Blocked,Left Foot,Open Play
Manchester City,Nicolás Hernán Otamendi,117.5,34.4,0.1338014,6.132699242584787,Saved,Head,Open Play
West Ham United,Dimitri Payet,87.2,25.0,0.008213813,36.06715957765457,Saved,Right Foot,Open Play
Manchester City,Wilfried Guemiand Bony,109.9,39.8,0.047558542,10.101980003939817,Blocked,Head,Open Play
Everton,Gareth Barry,94.8,57.9,0.009440414,30.91035425225664,Off T,Left Foot,Open Play
Liverpool,Daniel Andre Sturridge,98.8,54.6,0.032965086,25.741017850893158,Off T,Left Foot,Open Play
Liverpool,Daniel Andre Sturridge,113.3,43.5,0.15480594,7.559100475585705,Blocked,Right Foot,Open Play
Liverpool,Martin Škrtel,115.0,33.4,0.103623755,8.280096617793781,Off T,Head,Open Play
Liverpool,Daniel William John Ings,102.8,53.3,0.022677103,21.742354978244652,Off T,Right Foot,Open Play
Liverpool,Daniel Andre Sturridge,108.3,36.1,0.10204271,12.332882874656681,Blocked,Left Foot,Open Play
Liverpool,James Philip Milner,115.1,50.5,0.14362632,11.587061750072795,Saved,Right Foot,Open Play
Liverpool,Mamadou Sakho,114.6,32.7,0.062026568,9.08019823572151,Off T,Head,Open Play
Everton,Steven Naismith,109.6,40.3,0.11059604,10.404326023342412,Saved,Head,Open Play
Everton,James McCarthy,102.1,49.1,0.053499337,20.080338642562786,Saved,Right Foot,Open Play
Everton,Ross Barkley,100.3,21.0,0.008911522,27.369508581631496,Blocked,Right Foot,Open Play
Liverpool,Martin Škrtel,109.6,50.9,0.04041977,15.065523555456016,Saved,Head,Open Play
Liverpool,Daniel William John Ings,117.5,40.2,0.36298767,2.507987240796891,Goal,Head,Open Play
Everton,Romelu Lukaku Menama,110.8,46.1,0.12360107,11.038568747804222,Goal,Left Foot,Open Play
Everton,Guangtai Jiang,113.4,34.7,0.07812354,8.464632301523787,Blocked,Head,Open Play
Liverpool,Philippe Coutinho Correia,88.7,31.7,0.020882757,32.38178500330085,Blocked,Right Foot,Open Play
Everton,Ross Barkley,95.0,39.0,0.047851495,25.019992006393608,Off T,Right Foot,Open Play
Everton,José Ramiro Funes Mori,82.8,28.6,0.0058702338,38.90758280849634,Blocked,Left Foot,Open Play
Everton,Romelu Lukaku Menama,108.6,52.4,0.13014156,16.843990026119112,Saved,Right Foot,Open Play
Liverpool,Philippe Coutinho Correia,103.7,26.7,0.058361486,21.03758541277967,Saved,Right Foot,Open Play
Everton,Ross Barkley,82.2,42.3,0.0073073185,37.86990889875496,Blocked,Right Foot,Free Kick
Liverpool,Philippe Coutinho Correia,104.3,32.2,0.067292556,17.530829986055995,Blocked,Right Foot,Open Play
Everton,Romelu Lukaku Menama,88.7,44.6,0.021342464,31.63621342702062,Blocked,Left Foot,Open Play
Everton,Romelu Lukaku Menama,111.5,31.5,0.043734714,12.020815280171307,Blocked,Left Foot,Open Play
Everton,Romelu Lukaku Menama,94.8,50.8,0.025912348,27.416783181110073,Blocked,Left Foot,Open Play
Everton,Aaron Lennon,101.5,23.9,0.023738,24.5246814454337,Blocked,Right Foot,Open Play
Chelsea,Eden Hazard,111.1,54.3,0.0422685,16.843396332094073,Saved,Right Foot,Open Play
AFC Bournemouth,Junior Stanislas,102.3,34.3,0.118262194,18.595160660774084,Blocked,Right Foot,Open Play
AFC Bournemouth,Junior Stanislas,107.9,25.2,0.034948386,19.116746585127917,Blocked,Right Foot,Open Play
AFC Bournemouth,Junior Stanislas,101.8,31.2,0.13856578,20.215835377248204,Saved,Left Foot,Open Play
AFC Bournemouth,Joshua King,107.9,39.2,0.12096565,12.126417442921872,Blocked,Left Foot,Open Play
AFC Bournemouth,Joshua King,106.7,52.6,0.11985558,18.32075325962336,Saved,Right Foot,Open Play
AFC Bournemouth,Harry Arter,88.4,31.3,0.025617622,32.77575323314476,Off T,Left Foot,Open Play
Chelsea,Gary Cahill,113.4,40.3,0.09540296,6.606814663663566,Wayward,Head,Open Play
Chelsea,Pedro Eliezer Rodríguez Ledesma,110.5,49.5,0.087238535,13.435028842544403,Off T,Right Foot,Open Play
AFC Bournemouth,Dan Gosling,91.2,47.5,0.025668973,29.760544349860265,Blocked,Right Foot,Open Play
Chelsea,Nemanja Matić,90.0,53.8,0.010779802,33.02181097396083,Off T,Left Foot,Open Play
Chelsea,Eden Hazard,100.1,52.2,0.037646063,23.342022191746803,Saved,Left Foot,Open Play
AFC Bournemouth,Joshua King,116.3,55.3,0.011684196,15.741029191256839,Saved,Right Foot,Open Play
AFC Bournemouth,Joshua King,101.1,27.2,0.054131273,22.826519664635697,Off T,Right Foot,Open Play
Chelsea,Pedro Eliezer Rodríguez Ledesma,99.3,27.6,0.026056353,24.12985702402731,Blocked,Right Foot,Open Play
Chelsea,Pedro Eliezer Rodríguez Ledesma,103.9,31.0,0.05191021,18.44478246008881,Saved,Right Foot,Open Play
Chelsea,Kurt Happy Zouma,115.6,48.3,0.08138597,9.394147114027968,Off T,Left Foot,Open Play
Chelsea,Oscar dos Santos Emboaba Júnior,102.7,40.4,0.08934397,17.304623659588785,Blocked,Right Foot,Open Play
Chelsea,Oscar dos Santos Emboaba Júnior,111.5,26.3,0.07418764,16.12265486822812,Saved,Left Foot,Open Play
AFC Bournemouth,Matt Ritchie,96.7,52.6,0.029029507,26.48867682614592,Off T,Left Foot,Open Play
Chelsea,Pedro Eliezer Rodríguez Ledesma,103.5,39.5,0.050204255,16.507574019219177,Saved,Right Foot,Open Play
Chelsea,Willian Borges da Silva,101.0,56.6,0.02486205,25.230140705116966,Off T,Right Foot,Open Play
Chelsea,Nemanja Matić,115.3,38.4,0.2974862,4.964876634922567,Off T,Head,Open Play
Chelsea,Pedro Eliezer Rodríguez Ledesma,108.3,28.5,0.06936761,16.40548688701436,Blocked,Left Foot,Open Play
Chelsea,Diego da Silva Costa,109.4,29.2,0.07906399,15.132745950421553,Saved,Right Foot,Open Play
Chelsea,Kurt Happy Zouma,115.4,33.2,0.07043524,8.20975030070951,Off T,Head,Open Play
Chelsea,Nemanja Matić,91.3,37.1,0.027855273,28.846143589741768,Off T,Left Foot,Open Play
AFC Bournemouth,Steve Cook,111.9,46.2,0.09503335,10.200490184299966,Blocked,Right Foot,Open Play
AFC Bournemouth,Glenn Murray,117.6,37.2,0.6975857,3.687817782917157,Goal,Head,Open Play
AFC Bournemouth,Matt Ritchie,97.6,29.8,0.0650052,24.61300469264166,Off T,Left Foot,Open Play
Chelsea,Branislav Ivanović,84.5,50.0,0.0061713485,36.881567211820055,Off T,Right Foot,Open Play
AFC Bournemouth,Harry Arter,110.6,52.6,0.058213312,15.720050890502874,Blocked,Right Foot,Open Play
AFC Bournemouth,Dan Gosling,117.1,49.8,0.11122126,10.220078277586722,Saved,Right Foot,Open Play
Chelsea,Loïc Rémy,113.6,37.9,0.11737664,6.73572564761957,Blocked,Head,Open Play
Leicester City,Riyad Mahrez,117.6,39.6,0.27191454,2.4331050121192934,Goal,Head,Open Play
Leicester City,Jamie Vardy,100.9,41.8,0.417406,19.184629264074918,Saved,Right Foot,Open Play
Leicester City,Riyad Mahrez,111.0,49.6,0.32371697,13.159027319676786,Goal,Left Foot,Open Play
Leicester City,Riyad Mahrez,106.2,50.5,0.2717814,17.34041521994211,Saved,Left Foot,Open Play
Leicester City,José Leonardo Ulloa,104.0,34.4,0.18027243,16.951696080333672,Off T,Right Foot,Open Play
Swansea City,Gylfi Þór Sigurðsson,110.7,47.8,0.052499413,12.137956994486341,Off T,Right Foot,Open Play
Swansea City,Sung-Yeung Ki,112.7,36.7,0.09575282,8.011242100947888,Post,Head,Open Play
Swansea City,Kyle Naughton,90.5,52.0,0.018530691,31.847291878588358,Blocked,Right Foot,Open Play
Leicester City,Riyad Mahrez,100.9,48.1,0.07421022,20.74656598090392,Off T,Left Foot,Open Play
Swansea City,Gylfi Þór Sigurðsson,106.9,29.7,0.05375077,16.664333169977127,Off T,Left Foot,Open Play
Leicester City,Marc Albrighton,103.7,50.8,0.03865154,19.553260597659914,Blocked,Right Foot,Open Play
Leicester City,Riyad Mahrez,109.3,49.7,0.27825505,14.442298985964808,Goal,Right Foot,Open Play
Leicester City,Jamie Vardy,104.1,32.6,0.34704983,17.537673733993348,Off T,Right Foot,Open Play
Leicester City,Jamie Vardy,116.3,53.2,0.06144888,13.708756325794113,Off T,Right Foot,Open Play
Swansea City,Bafétimbi Gomis,101.3,43.0,0.36977807,18.93911296761282,Saved,Right Foot,Open Play
Swansea City,Gylfi Þór Sigurðsson,96.5,32.5,0.05630815,24.66779276708802,Post,Right Foot,Open Play
Swansea City,Ashley Williams,113.7,34.7,0.09567941,8.232860985101105,Off T,Head,Open Play
Swansea City,Bafétimbi Gomis,102.7,41.5,0.102065235,17.364907140552173,Wayward,Right Foot,Open Play
Swansea City,André Ayew Pelé,110.2,29.0,0.11809573,14.732277488562316,Saved,Left Foot,Open Play
Leicester City,Marc Albrighton,101.1,31.1,0.030461242,20.890667772955467,Blocked,Right Foot,Open Play
Leicester City,José Leonardo Ulloa,89.8,38.1,0.025894824,30.25970918564817,Blocked,Right Foot,Open Play
Leicester City,Danny Simpson,97.9,47.0,0.03538808,23.18210516756405,Blocked,Right Foot,Open Play
Leicester City,Robert Huth,110.7,42.1,0.09964505,9.53414914924242,Blocked,Right Foot,Open Play
Leicester City,Christian Fuchs,95.4,42.2,0.030055495,24.698178070456933,Off T,Right Foot,Open Play
Swansea City,André Ayew Pelé,106.8,43.1,0.08517489,13.559129765585993,Off T,Left Foot,Open Play
Leicester City,Andrew Philip King,104.2,30.8,0.06223334,18.283325736856515,Blocked,Right Foot,Open Play
Watford,Nathan Aké,118.7,37.5,0.947351,2.8178005607210728,Goal,Left Foot,Open Play
Liverpool,Nathaniel Edwin Clyne,100.3,55.0,0.032369286,24.760654272454115,Blocked,Right Foot,Open Play
Liverpool,Philippe Coutinho Correia,97.4,30.9,0.053234633,24.363292059982367,Saved,Right Foot,Open Play
Watford,Odion Jude Ighalo,109.3,51.5,0.08880042,15.707959765672946,Goal,Right Foot,Open Play
Watford,Etienne Capoue,91.1,42.8,0.029163841,29.035323314886654,Blocked,Right Foot,Open Play
Watford,José Manuel Jurado Marín,110.7,52.6,0.0889815,15.660459763365825,Saved,Right Foot,Open Play
Liverpool,Adam David Lallana,111.0,30.8,0.12804571,12.870120434556934,Blocked,Right Foot,Open Play
Liverpool,Alberto Moreno Pérez,117.4,27.6,0.017939737,12.66964877176948,Off T,Left Foot,Open Play
Liverpool,Divock Okoth Origi,106.2,51.6,0.031348545,18.027756377319946,Saved,Right Foot,Open Play
Liverpool,Adam David Lallana,108.9,29.9,0.055358212,15.007331541616582,Off T,Head,Open Play
Watford,Odion Jude Ighalo,105.1,45.4,0.47352463,15.84834376204656,Saved,Right Foot,Open Play
Liverpool,Jordan Brian Henderson,108.2,52.0,0.12533784,16.82973558912914,Saved,Right Foot,Open Play
Liverpool,Emre Can,95.8,52.7,0.024402568,27.330020124398008,Saved,Right Foot,Open Play
Liverpool,Jordon Ibe,102.4,56.2,0.022702612,23.920702330826323,Blocked,Right Foot,Open Play
Liverpool,Jordan Brian Henderson,99.9,48.2,0.031093763,21.708293346092407,Blocked,Right Foot,Open Play
Liverpool,Christian Benteke Liolo,108.3,32.3,0.06644083,14.006427096158395,Off T,Head,Open Play
Watford,Odion Jude Ighalo,112.1,38.6,0.26663187,8.02309167341369,Goal,Head,Open Play
Liverpool,Jordon Ibe,96.4,50.6,0.041489333,25.871219530590352,Off T,Left Foot,Open Play
Tottenham Hotspur,Harry Kane,98.6,50.4,0.042727053,23.793276361190784,Blocked,Left Foot,Open Play
Tottenham Hotspur,Harry Kane,97.4,49.5,0.038618296,24.515505297668245,Saved,Right Foot,Open Play
Chelsea,Eden Hazard,114.8,50.0,0.07902273,11.271202242884298,Off T,Head,Open Play
Chelsea,Pedro Eliezer Rodríguez Ledesma,99.0,33.3,0.07837149,22.042912693199145,Blocked,Right Foot,Open Play
Tottenham Hotspur,Heung-Min Son,113.5,30.9,0.09668431,11.183022847155415,Saved,Head,Open Play
Tottenham Hotspur,Mousa Sidi Yaya Dembélé,92.1,46.9,0.035991725,28.74056366879398,Saved,Left Foot,Open Play
Tottenham Hotspur,Heung-Min Son,90.9,41.0,0.027377065,29.117177060972097,Off T,Right Foot,Open Play
Tottenham Hotspur,Heung-Min Son,95.4,35.3,0.032876678,25.04495957273638,Blocked,Left Foot,Open Play
Chelsea,Oscar dos Santos Emboaba Júnior,115.0,25.2,0.015944377,15.621779668142809,Off T,Right Foot,Open Play
Tottenham Hotspur,Harry Kane,96.0,36.1,0.04895022,24.314810301542558,Off T,Right Foot,Open Play
Tottenham Hotspur,Heung-Min Son,112.0,31.7,0.15508485,11.527792503337317,Saved,Left Foot,Open Play
Chelsea,Eden Hazard,112.0,27.0,0.05267457,15.264337522473747,Saved,Left Foot,Open Play
Chelsea,Pedro Eliezer Rodríguez Ledesma,97.6,37.1,0.045841258,22.586943130932973,Off T,Right Foot,Open Play
Tottenham Hotspur,Harry Kane,96.7,31.0,0.034308452,24.97779013443743,Blocked,Right Foot,Open Play
Crystal Palace,Connor Wickham,101.0,54.5,0.04073413,23.90083680543424,Saved,Right Foot,Open Play
Everton,Gareth Barry,102.3,57.1,0.027222615,24.610973162392423,Wayward,Right Foot,Open Play
Everton,Ross Barkley,103.2,23.7,0.066961475,23.407904647789383,Off T,Right Foot,Open Play
Crystal Palace,Mile Jedinak,113.2,45.9,0.07621897,9.002777349240619,Wayward,Head,Open Play
Crystal Palace,Connor Wickham,114.7,35.0,0.1014022,7.286288492778747,Saved,Head,Open Play
Crystal Palace,Mile Jedinak,94.3,52.2,0.024931466,28.448725806264157,Off T,Right Foot,Open Play
Everton,Gareth Barry,101.3,33.0,0.05190093,19.967223141939396,Blocked,Right Foot,Open Play
Everton,Romelu Lukaku Menama,102.3,45.1,0.087149546,18.420097719610503,Post,Left Foot,Open Play
Everton,Arouna Koné,109.3,26.2,0.08568331,17.462244987400677,Off T,Left Foot,Open Play
Everton,Séamus Coleman,91.3,44.2,0.030139633,29.00568909714093,Blocked,Left Foot,Open Play
Crystal Palace,Yannick Bolasie Yala,87.8,28.3,0.010077934,34.25974313972596,Off T,Right Foot,Open Play
Crystal Palace,James McArthur,109.1,23.5,0.026151221,19.77523704029866,Off T,Left Foot,Open Play
Everton,Romelu Lukaku Menama,117.0,30.3,0.043861423,10.15332457867865,Blocked,Left Foot,Open Play
Everton,Gareth Barry,107.3,43.9,0.090704374,13.285330255586425,Saved,Right Foot,Open Play
Crystal Palace,Yohan Cabaye,83.6,23.8,0.00566922,39.84218869489979,Off T,Right Foot,Open Play
Everton,Arouna Koné,98.3,30.4,0.036670957,23.72867463639721,Off T,Right Foot,Open Play
Crystal Palace,Mile Jedinak,112.1,39.9,0.08201936,7.900632886041477,Wayward,Head,Open Play
Everton,Ross Barkley,109.9,42.8,0.10137818,10.480935072788109,Off T,Head,Open Play
Crystal Palace,Yannick Bolasie Yala,108.7,25.6,0.092465766,18.30437106267243,Saved,Left Foot,Open Play
Everton,Ross Barkley,98.2,28.5,0.030635042,24.647312226691167,Blocked,Left Foot,Open Play
Crystal Palace,Damien Delaney,108.5,34.2,0.052718807,12.87982919141399,Wayward,Right Foot,Open Play
Everton,Tom Cleverley,100.1,44.2,0.096906416,20.33838735003344,Saved,Right Foot,Open Play
Everton,Ross Barkley,97.5,25.3,0.021906601,26.876383685310046,Blocked,Right Foot,Open Play
Everton,Tom Cleverley,100.0,43.4,0.021800488,20.286941612771503,Saved,Right Foot,Open Play
Crystal Palace,Jason Puncheon,103.8,33.7,0.068324015,17.38188712424517,Saved,Left Foot,Open Play
Crystal Palace,Scott Dann,112.1,39.5,0.15276986,7.915806970865326,Goal,Head,Open Play
Everton,Romelu Lukaku Menama,94.7,37.5,0.03190188,25.42321773497603,Post,Left Foot,Open Play
Everton,Romelu Lukaku Menama,118.7,37.9,0.8981004,2.4698178070456938,Goal,Right Foot,Open Play
Crystal Palace,Yannick Bolasie Yala,108.7,49.3,0.03903878,14.634889818512468,Blocked,Left Foot,Open Play
Everton,Ross Barkley,100.6,41.3,0.050111737,19.443507913954218,Blocked,Left Foot,Open Play
Everton,Tom Cleverley,98.5,45.9,0.0422519,22.294842452908252,Blocked,Left Foot,Open Play
Crystal Palace,Jordon Mutch,96.7,40.8,0.057469282,23.313729860320503,Off T,Left Foot,Open Play
Everton,Arouna Koné,107.7,32.4,0.07589874,14.458561477546787,Blocked,Right Foot,Open Play
Watford,Odion Jude Ighalo,115.7,43.1,0.21448,5.300943312279427,Goal,Right Foot,Open Play
Watford,Almen Abdi,116.1,49.6,0.07387999,10.36194962350233,Blocked,Right Foot,Open Play
Watford,Odion Jude Ighalo,117.1,50.8,0.029191228,11.18257573191436,Saved,Right Foot,Open Play
Watford,Odion Jude Ighalo,119.5,47.4,0.02487211,7.416872656315462,Blocked,Left Foot,Open Play
Watford,Almen Abdi,112.6,36.8,0.16800435,8.062257748298556,Saved,Left Foot,Open Play
Watford,José Manuel Jurado Marín,108.6,36.5,0.13656469,11.92518343674428,Post,Right Foot,Open Play
Sunderland,Billy Jones,87.8,31.1,0.01919701,33.40733452402332,Off T,Right Foot,Open Play
Sunderland,Fabio Borini,112.6,52.8,0.12161977,14.785127662620976,Off T,Right Foot,Open Play
Watford,Etienne Capoue,99.6,36.5,0.10645566,20.698067542647557,Saved,Right Foot,Open Play
Sunderland,Jack Rodwell,92.0,29.7,0.02375723,29.834376145647827,Off T,Left Foot,Open Play
Sunderland,Fabio Borini,104.4,46.5,0.05422972,16.899999999999995,Off T,Right Foot,Open Play
Sunderland,Ola Toivonen,111.2,32.9,0.07716916,11.307077429645556,Off T,Head,Open Play
Watford,Troy Deeney,99.2,26.4,0.03327766,24.851559307214504,Off T,Right Foot,Open Play
Sunderland,Patrick van Aanholt,88.2,27.8,0.011866985,34.059947152043556,Off T,Left Foot,Open Play
Sunderland,Steven Fletcher,105.3,60.9,0.009991567,25.551907952244978,Blocked,Left Foot,Open Play
Sunderland,Jack Rodwell,96.7,27.1,0.030631742,26.632686683847723,Saved,Left Foot,Open Play
Sunderland,Jack Rodwell,97.3,53.2,0.020424804,26.258903252040064,Off T,Left Foot,Open Play
Sunderland,Jack Rodwell,104.4,29.7,0.102825336,18.69358178627092,Off T,Right Foot,Open Play
Sunderland,Duncan Watmore,90.2,44.0,0.03724207,30.06725793949292,Off T,Right Foot,Open Play
Watford,Odion Jude Ighalo,107.2,31.4,0.46103123,15.420765220960988,Saved,Left Foot,Open Play
Sunderland,Jermain Defoe,105.1,33.8,0.22269204,16.13846337170922,Saved,Right Foot,Open Play
Watford,Odion Jude Ighalo,106.0,48.9,0.215866,16.58945448168806,Blocked,Right Foot,Open Play
Sunderland,Jermain Defoe,113.9,38.3,0.3487425,6.332456079595021,Off T,Right Foot,Open Play
Watford,Adlène Guédioura,95.8,25.9,0.023594087,28.00803456153252,Saved,Right Foot,Open Play
Sunderland,Duncan Watmore,109.0,54.5,0.04931833,18.200274723201296,Wayward,Head,Open Play
Sunderland,Adam Johnson,114.2,27.3,0.06787557,13.961733416735902,Off T,Left Foot,Open Play
Watford,Troy Deeney,93.0,45.3,0.03170719,27.515268488604647,Blocked,Right Foot,Open Play
Sunderland,Jack Rodwell,112.1,40.6,0.1955369,7.922752047110908,Saved,Head,Open Play
Watford,Odion Jude Ighalo,107.6,35.1,0.3304646,13.333041663476497,Saved,Right Foot,Open Play
Sunderland,Patrick van Aanholt,108.7,27.4,0.08340843,16.924833824885845,Post,Left Foot,Open Play
Everton,Romelu Lukaku Menama,95.8,50.9,0.023632351,26.54147697472769,Saved,Left Foot,Open Play
Everton,Ross Barkley,92.7,42.7,0.031717513,27.433191575170394,Off T,Right Foot,Open Play
Sunderland,Jermain Defoe,105.4,51.8,0.1302669,18.772320048411697,Saved,Right Foot,Open Play
Sunderland,Adam Johnson,103.5,42.3,0.18230186,16.659531806146294,Post,Right Foot,Open Play
Sunderland,Steven Fletcher,113.6,29.9,0.10788164,11.95700631429122,Saved,Left Foot,Open Play
Everton,Séamus Coleman,93.6,49.3,0.022637587,27.990176848315915,Off T,Left Foot,Open Play
Everton,Gerard Deulofeu Lázaro,109.1,45.0,0.20405485,11.992080720208655,Goal,Left Foot,Open Play
Everton,Gareth Barry,91.7,30.1,0.01910464,29.98166106138884,Blocked,Left Foot,Open Play
Everton,Séamus Coleman,108.2,54.0,0.07658492,18.30956034425731,Saved,Right Foot,Open Play
Sunderland,Steven Fletcher,104.7,40.3,0.06894188,15.302940893828216,Blocked,Left Foot,Open Play
Sunderland,Adam Johnson,97.0,30.3,0.032942634,24.961770770520268,Off T,Left Foot,Open Play
Everton,Arouna Koné,104.4,32.3,0.062000476,17.39683879329805,Goal,Left Foot,Open Play
Everton,Romelu Lukaku Menama,96.1,37.8,0.05408451,24.00104164406204,Saved,Right Foot,Open Play
Everton,Ross Barkley,98.8,31.7,0.04321678,22.766861883008826,Blocked,Left Foot,Open Play
Sunderland,Steven Fletcher,106.2,52.9,0.03246846,18.890473789717397,Saved,Left Foot,Open Play
Sunderland,Jermain Defoe,104.2,48.1,0.18369643,17.755280904564703,Goal,Right Foot,Open Play
Sunderland,Steven Fletcher,115.1,41.5,0.16310103,5.124451190127588,Goal,Head,Open Play
Sunderland,Jermain Defoe,99.8,36.9,0.18702085,20.43648697795196,Saved,Left Foot,Open Play
Everton,Arouna Koné,100.0,42.2,0.06280573,20.120636172845032,Off T,Right Foot,Open Play
Everton,Romelu Lukaku Menama,107.5,35.5,0.9431592,13.285330255586423,Goal,Left Foot,Open Play
Everton,Arouna Koné,112.1,28.4,0.19394006,14.034600101178519,Goal,Left Foot,Open Play
Sunderland,Jermain Defoe,101.2,35.0,0.04870333,19.453534383242545,Blocked,Right Foot,Open Play
Everton,José Ramiro Funes Mori,112.6,44.2,0.09435688,8.508818954473066,Off T,Head,Open Play
Everton,Arouna Koné,113.2,39.5,0.31370547,6.818357573492311,Goal,Head,Open Play
Sunderland,Sebastian Larsson,110.9,47.3,0.15289138,11.6661904664719,Blocked,Right Foot,Open Play
Sunderland,Billy Jones,96.6,36.9,0.037268016,23.604448733236715,Blocked,Left Foot,Open Play
Everton,Kevin Mirallas,108.3,25.9,0.060053885,18.322117781522966,Off T,Right Foot,Open Play
Sunderland,Duncan Watmore,107.3,50.3,0.23407622,16.351758315239373,Saved,Right Foot,Open Play
Sunderland,Yann Gérard M''Vila,100.5,29.1,0.05283683,22.339650847763934,Saved,Right Foot,Open Play
Sunderland,Jermain Defoe,100.8,26.7,0.039355166,23.35658365429328,Saved,Right Foot,Open Play
Sunderland,Patrick van Aanholt,102.7,25.8,0.04389327,22.381465546295217,Blocked,Right Foot,Open Play
Leicester City,Shinji Okazaki,98.0,50.9,0.02706634,24.552189311749775,Blocked,Left Foot,Open Play
Leicester City,Marc Albrighton,97.0,35.9,0.047939513,23.362576912660984,Off T,Right Foot,Open Play
Leicester City,Danny Drinkwater,89.5,25.0,0.007700124,33.98896879871468,Off T,Right Foot,Open Play
Aston Villa,Carles Gil de Pareja Vicent,98.0,48.3,0.037992336,23.51361307838504,Off T,Left Foot,Open Play
Aston Villa,Scott Sinclair,118.2,44.3,0.5595581,4.661544808322662,Off T,Right Foot,Open Play
Leicester City,Wes Morgan,114.1,41.6,0.15063162,6.113100686231175,Off T,Head,Open Play
Leicester City,Riyad Mahrez,99.9,55.4,0.02741243,25.321334877924578,Saved,Left Foot,Open Play
Aston Villa,Gabriel Imuetinyan Agbonlahor,113.4,42.9,0.09926803,7.209022125087418,Saved,Head,Open Play
Aston Villa,Jack Grealish,106.6,33.9,0.11465027,14.723111084278354,Saved,Right Foot,Open Play
Aston Villa,Jack Grealish,99.5,29.3,0.04436055,23.12444593930847,Blocked,Right Foot,Open Play
Leicester City,Jamie Vardy,100.2,24.3,0.03173766,25.269151153135315,Blocked,Right Foot,Open Play
Aston Villa,Micah Richards,109.6,47.5,0.034242384,12.822246293064259,Blocked,Head,Open Play
Aston Villa,Carlos Alberto Sánchez Moreno,110.8,40.0,0.16942655,9.200000000000003,Blocked,Right Foot,Open Play
Aston Villa,Jack Grealish,98.5,34.8,0.06929315,22.119900542271886,Goal,Right Foot,Open Play
Leicester City,Marc Albrighton,96.2,23.9,0.020535886,28.734126052483305,Saved,Right Foot,Open Play
Leicester City,Jamie Vardy,111.1,34.1,0.065629646,10.678014796768176,Off T,Left Foot,Open Play
Leicester City,Jeffrey Schlupp,95.3,26.4,0.024911242,28.1966310044303,Off T,Left Foot,Open Play
Leicester City,Jamie Vardy,110.6,52.9,0.03296225,15.961516218705542,Blocked,Right Foot,Open Play
Leicester City,Riyad Mahrez,105.1,28.4,0.06325788,18.88306119250796,Blocked,Left Foot,Open Play
Aston Villa,Carlos Alberto Sánchez Moreno,84.2,38.4,0.011731326,35.835736353534024,Off T,Left Foot,Open Play
Leicester City,Gökhan İnler,91.9,44.7,0.032191634,28.49034924320865,Wayward,Right Foot,Open Play
Aston Villa,Carles Gil de Pareja Vicent,98.4,34.8,0.049038973,22.2171105231981,Goal,Left Foot,Open Play
Leicester City,José Leonardo Ulloa,109.7,43.1,0.11503656,10.756393447619883,Off T,Head,Open Play
Leicester City,Ritchie De Laet,113.6,31.7,0.064732745,10.48093507278812,Goal,Right Foot,Open Play
Aston Villa,Ashley Westwood,101.0,25.5,0.02736354,23.90083680543424,Blocked,Right Foot,Open Play
Leicester City,Jamie Vardy,108.3,49.1,0.10553801,14.822280526288797,Blocked,Right Foot,Open Play
Leicester City,Nathan Dyer,92.2,46.8,0.029094292,28.619573721493474,Blocked,Right Foot,Open Play
Leicester City,Danny Drinkwater,98.4,30.7,0.037985984,23.517015116719207,Blocked,Right Foot,Open Play
Leicester City,Jamie Vardy,112.7,40.7,0.2589955,7.333484846919639,Goal,Left Foot,Open Play
Leicester City,Riyad Mahrez,98.6,53.4,0.042760476,25.249158401816093,Saved,Left Foot,Open Play
Leicester City,Nathan Dyer,109.5,38.0,0.24478358,10.688779163215974,Goal,Head,Open Play
Leicester City,Riyad Mahrez,97.4,47.6,0.067222476,23.84365743756607,Off T,Left Foot,Open Play
Crystal Palace,Yannick Bolasie Yala,101.3,23.0,0.03843266,25.27231687044146,Saved,Right Foot,Open Play
Crystal Palace,Wilfried Zaha,107.7,51.9,0.106193796,17.114321488157216,Off T,Left Foot,Open Play
West Bromwich Albion,James McClean,91.3,53.0,0.019509925,31.506983352901308,Off T,Left Foot,Open Play
Crystal Palace,Yohan Cabaye,97.7,58.6,0.010392561,29.038767191463204,Blocked,Right Foot,Open Play
Crystal Palace,James McArthur,98.0,31.5,0.03460672,23.58495283014151,Blocked,Left Foot,Open Play
Crystal Palace,Yannick Bolasie Yala,97.4,24.1,0.023251783,27.632770400377876,Saved,Right Foot,Open Play
West Bromwich Albion,Chris Brunt,101.1,44.1,0.055682186,19.339596686590966,Off T,Left Foot,Open Play
Crystal Palace,Wilfried Zaha,105.8,44.5,0.07761498,14.89597261007149,Blocked,Left Foot,Open Play
Crystal Palace,Yohan Cabaye,96.0,29.4,0.028657049,26.236615635405418,Off T,Right Foot,Open Play
Crystal Palace,Yohan Cabaye,92.5,34.2,0.018947566,28.104981764804617,Saved,Right Foot,Open Play
Crystal Palace,Wilfried Zaha,114.3,50.9,0.11464295,12.300406497347964,Saved,Right Foot,Open Play
Crystal Palace,Jason Puncheon,100.7,51.2,0.040590066,22.314345161801185,Off T,Left Foot,Open Play
Crystal Palace,Wilfried Zaha,114.2,53.5,0.04333858,14.693195704134617,Saved,Left Foot,Open Play
Crystal Palace,Jason Puncheon,99.7,44.0,0.039292738,20.69033590834136,Blocked,Left Foot,Open Play
West Bromwich Albion,James McClean,100.8,28.4,0.016401464,22.432119828495928,Blocked,Right Foot,Open Play
West Bromwich Albion,James McClean,103.2,28.5,0.026788842,20.359027481684873,Blocked,Right Foot,Open Play
Crystal Palace,Jason Puncheon,92.8,36.2,0.01963286,27.464158461529458,Blocked,Left Foot,Open Play
Crystal Palace,Dwight Gayle,112.3,48.9,0.042823084,11.768602295939822,Blocked,Right Foot,Open Play
Crystal Palace,Yohan Cabaye,99.7,37.3,0.038173005,20.478769494283583,Blocked,Right Foot,Open Play
Crystal Palace,Jason Puncheon,101.6,52.6,0.030447915,22.300672635595554,Off T,Left Foot,Open Play
West Bromwich Albion,James McClean,94.4,44.7,0.021335667,26.027869678481174,Saved,Left Foot,Open Play
Crystal Palace,Yohan Cabaye,96.5,49.1,0.022916187,25.200396822272463,Wayward,Right Foot,Open Play
Crystal Palace,Yannick Bolasie Yala,115.0,42.5,0.3336021,5.5901699437494745,Goal,Head,Open Play
Crystal Palace,Yannick Bolasie Yala,95.8,24.6,0.019969953,28.684490582891655,Saved,Right Foot,Open Play
Crystal Palace,Yohan Cabaye,108.2,40.1,0.7835,11.800423721205943,Goal,Right Foot,Penalty
West Bromwich Albion,Callum McManaman,111.7,27.5,0.0643762,15.004665940966495,Saved,Right Foot,Open Play
Liverpool,Roberto Firmino Barbosa de Oliveira,100.8,50.7,0.05954213,21.980218379260933,Off T,Right Foot,Open Play
Chelsea,Ramires Santos do Nascimento,107.5,44.6,0.09733244,13.319534526401439,Goal,Head,Open Play
Liverpool,Nathaniel Edwin Clyne,105.2,55.1,0.046342947,21.143556938225885,Off T,Right Foot,Open Play
Liverpool,Lucas Pezzini Leiva,92.5,32.0,0.024664586,28.64000698323937,Blocked,Right Foot,Open Play
Liverpool,Adam David Lallana,104.7,29.2,0.053563748,18.72778684201633,Saved,Left Foot,Open Play
Liverpool,Adam David Lallana,107.4,48.4,0.053732615,15.143315356948749,Saved,Left Foot,Open Play
Liverpool,Lucas Pezzini Leiva,111.5,31.2,0.06349415,12.23478647136925,Saved,Head,Open Play
Liverpool,Philippe Coutinho Correia,100.5,46.2,0.07546014,20.46191584383046,Goal,Left Foot,Open Play
Liverpool,Philippe Coutinho Correia,105.3,25.8,0.038390514,20.438444167793204,Blocked,Left Foot,Open Play
Liverpool,James Philip Milner,97.7,32.0,0.026391184,23.691559678501537,Off T,Left Foot,Open Play
Liverpool,Roberto Firmino Barbosa de Oliveira,78.8,43.0,0.0062002754,41.30907890524794,Saved,Right Foot,Open Play
Chelsea,Robert Kenedy Nunes do Nascimento,105.3,24.0,0.061116748,21.72763217656264,Off T,Right Foot,Open Play
Chelsea,Ramires Santos do Nascimento,104.7,43.0,0.0892515,15.591343752223537,Blocked,Right Foot,Open Play
Liverpool,Adam David Lallana,92.1,36.9,0.029309727,28.071693928225997,Off T,Left Foot,Open Play
Chelsea,Oscar dos Santos Emboaba Júnior,71.0,51.6,0.008840867,50.354344400458636,Saved,Right Foot,Open Play
Liverpool,Philippe Coutinho Correia,103.7,42.1,0.120460406,16.434719346554107,Goal,Right Foot,Open Play
Liverpool,Alberto Moreno Pérez,106.3,25.9,0.1005521,19.659603251337504,Saved,Left Foot,Open Play
Chelsea,Diego da Silva Costa,106.1,28.3,0.059240364,18.168654325513494,Blocked,Left Foot,Open Play
Liverpool,Jordon Ibe,105.4,53.3,0.05920247,19.749683541768455,Blocked,Left Foot,Open Play
Liverpool,Christian Benteke Liolo,106.7,48.9,0.08216655,16.003124694883805,Goal,Right Foot,Open Play
Chelsea,Oscar dos Santos Emboaba Júnior,100.0,43.6,0.060638227,20.321417273408862,Blocked,Right Foot,Open Play
Chelsea,Radamel Falcao García Zárate,107.3,41.4,0.058804903,12.776932339180641,Off T,Head,Open Play
Liverpool,Philippe Coutinho Correia,107.9,27.1,0.0487738,17.68671818060094,Blocked,Right Foot,Open Play
Chelsea,Oscar dos Santos Emboaba Júnior,100.0,44.2,0.056242026,20.43624231604235,Blocked,Right Foot,Open Play
Norwich City,Vadis Odjidja-Ofoe,98.6,35.8,0.07749127,21.808255317654375,Saved,Right Foot,Open Play
Norwich City,Sébastien Aymar Bassong Nguena,111.3,36.1,0.09163061,9.534149149242424,Off T,Head,Open Play
Norwich City,Robert Brady,100.6,59.8,0.008913649,27.720028860013837,Saved,Left Foot,Open Play
Norwich City,Cameron Jerome,117.6,37.6,0.22802804,3.394112549695431,Off T,Head,Open Play
Tottenham Hotspur,Bamidele Alli,110.7,54.6,0.0954776,17.31040149736568,Saved,Right Foot,Open Play
Tottenham Hotspur,Harry Kane,109.5,49.0,0.2554363,13.82931668593933,Off T,Right Foot,Open Play
Tottenham Hotspur,Harry Kane,108.1,40.1,0.7835,11.900420160649796,Goal,Right Foot,Penalty
Tottenham Hotspur,Toby Alderweireld,115.0,38.2,0.20645288,5.314132102234568,Saved,Head,Open Play
Tottenham Hotspur,Bamidele Alli,115.8,42.5,0.21603069,4.887739763939978,Saved,Head,Open Play
Tottenham Hotspur,Toby Alderweireld,114.7,45.1,0.12539689,7.355270219373316,Off T,Head,Open Play
Norwich City,Cameron Jerome,106.5,45.7,0.080172114,14.654009690183777,Blocked,Right Foot,Open Play
Tottenham Hotspur,Harry Kane,109.6,55.3,0.043226857,18.5,Goal,Right Foot,Open Play
Norwich City,Cameron Jerome,109.2,34.7,0.052913472,12.030378215168462,Off T,Head,Open Play
Tottenham Hotspur,Bamidele Alli,100.8,19.3,0.010926042,28.23349075123372,Blocked,Right Foot,Open Play
Tottenham Hotspur,Bamidele Alli,113.0,30.6,0.21010983,11.720068259186887,Saved,Right Foot,Open Play
Tottenham Hotspur,Erik Lamela,109.0,33.6,0.092179075,12.726350615946426,Blocked,Right Foot,Open Play
Tottenham Hotspur,Erik Lamela,107.9,42.0,0.08332559,12.264175471673578,Wayward,Left Foot,Open Play
Norwich City,Robert Brady,96.4,61.4,0.010166174,31.857809089766352,Off T,Left Foot,Open Play
Tottenham Hotspur,Harry Kane,106.5,29.9,0.07232883,16.86001186239203,Blocked,Right Foot,Open Play
Tottenham Hotspur,Erik Lamela,101.4,47.9,0.07464889,20.20816666597937,Saved,Left Foot,Open Play
Norwich City,Robert Brady,108.4,42.4,0.06544954,11.84567431596867,Off T,Head,Open Play
Tottenham Hotspur,Tom Carroll,97.8,23.5,0.035510324,27.660260302462813,Goal,Left Foot,Open Play
Norwich City,Cameron Jerome,108.4,50.0,0.11503239,15.315351775261313,Wayward,Right Foot,Open Play
Norwich City,Dieumerci Mbokani Bezua,110.8,37.5,0.10867126,9.533624704172073,Saved,Left Foot,Open Play
Norwich City,Nathan Redmond,90.6,39.1,0.030239027,29.413772284424866,Off T,Right Foot,Open Play
Newcastle United,Georginio Wijnaldum,106.3,39.0,0.21282902,13.736447866897763,Blocked,Right Foot,Open Play
Southampton,Cédric Ricardo Alves Soares,114.8,52.1,0.06915526,13.170041761513136,Post,Right Foot,Open Play
Newcastle United,Papiss Demba Cissé,99.5,40.3,0.07411168,20.50219500443794,Saved,Right Foot,Open Play
Southampton,Dušan Tadić,92.6,52.6,0.022433048,30.15824928605771,Saved,Left Foot,Open Play
Newcastle United,Fabricio Coloccini,110.7,44.6,0.092550404,10.375451797391763,Blocked,Right Foot,Open Play
Southampton,Graziano Pellè,111.6,32.6,0.039861035,11.194641575325226,Goal,Head,Open Play
Newcastle United,Papiss Demba Cissé,113.5,50.2,0.032899346,12.095040305844378,Blocked,Head,Open Play
Southampton,Jay Rodriguez,110.8,37.3,0.11221553,9.58801335001157,Off T,Head,Open Play
Newcastle United,Fabricio Coloccini,108.4,40.9,0.10274441,11.634861408714753,Blocked,Left Foot,Open Play
Southampton,Sadio Mané,100.4,31.8,0.067990035,21.246176126540977,Off T,Left Foot,Open Play
Newcastle United,Papiss Demba Cissé,118.8,41.3,0.87286663,1.769180601295413,Goal,Other,Open Play
Southampton,Dušan Tadić,108.0,48.7,0.07273486,14.821943192442752,Off T,Left Foot,Open Play
Southampton,Maya Yoshida,114.2,44.6,0.17521158,7.402702209328698,Saved,Head,Open Play
Newcastle United,Georginio Wijnaldum,111.6,43.0,0.096518055,8.919641248391109,Goal,Head,Open Play
Newcastle United,Gabriel Antoine Obertan,91.4,28.0,0.021246124,31.01548000595831,Off T,Right Foot,Open Play
Newcastle United,Vurnon Anita,97.1,34.2,0.037376232,23.623081932719963,Off T,Right Foot,Open Play
Southampton,José Miguel da Rocha Fonte,111.8,42.7,0.06713453,8.633075929238666,Off T,Head,Open Play
Southampton,Dušan Tadić,97.9,55.6,0.025065323,27.05124766069025,Blocked,Left Foot,Open Play
Newcastle United,Papiss Demba Cissé,113.4,30.2,0.0706874,11.815244390193541,Off T,Left Foot,Open Play
Southampton,Graziano Pellè,110.8,52.8,0.087205075,15.763248396190424,Off T,Right Foot,Open Play
Southampton,Shane Long,113.1,38.4,0.15447524,7.083078426785918,Goal,Head,Open Play
Southampton,Shane Long,86.0,43.4,0.018690856,34.16957711181102,Off T,Right Foot,Open Play
Southampton,Sadio Mané,106.6,36.4,0.27509272,13.875157656761964,Blocked,Right Foot,Open Play
Southampton,Sadio Mané,102.9,44.0,0.1424163,17.561605849124383,Off T,Left Foot,Open Play
Stoke City,Mame Biram Diouf,112.4,36.5,0.3964351,8.367197858303573,Goal,Head,Open Play
Norwich City,Robert Brady,88.8,26.0,0.0072465306,34.1970758983864,Off T,Right Foot,Open Play
Stoke City,Marco van Ginkel,93.7,24.6,0.016342735,30.477040538739974,Off T,Right Foot,Open Play
Norwich City,Steven Whittaker,113.8,56.4,0.021415636,17.532826355154494,Saved,Right Foot,Open Play
Norwich City,Nathan Redmond,88.4,48.0,0.023063045,32.59693237100693,Off T,Right Foot,Open Play
Norwich City,Alexander Banor Tettey,88.2,48.9,0.020295424,33.02196238868913,Off T,Right Foot,Open Play
Norwich City,Russell Martin,110.1,39.8,0.28833002,9.902019995940229,Saved,Right Foot,Open Play
Norwich City,Russell Martin,109.1,47.1,0.21509801,13.008458786497352,Goal,Right Foot,Open Play
Norwich City,Robert Brady,94.3,50.0,0.053114243,27.576983156248257,Off T,Left Foot,Free Kick
Norwich City,Robert Brady,98.2,25.1,0.028605705,26.405491853021786,Blocked,Right Foot,Open Play
Norwich City,Nathan Redmond,96.0,42.0,0.033619445,24.08318915758459,Blocked,Right Foot,Open Play
Norwich City,Nathan Redmond,99.1,60.1,0.009107851,28.9968963856479,Off T,Right Foot,Open Play
Norwich City,Cameron Jerome,105.5,40.8,0.44621456,14.52205219657332,Off T,Right Foot,Open Play
Norwich City,Wes Hoolahan,109.6,39.3,0.122640125,10.423531071570714,Off T,Head,Open Play
Norwich City,Graham Dorrans,104.6,52.4,0.09211643,19.77169694285243,Saved to Post,Right Foot,Open Play
Stoke City,Xherdan Shaqiri,103.4,61.6,0.008749763,27.241879523997603,Off T,Left Foot,Open Play
Norwich City,Nathan Redmond,105.7,47.3,0.2795069,16.055528642807122,Saved,Right Foot,Open Play
Stoke City,Stephen Ireland,103.3,46.3,0.07482786,17.848809484108457,Off T,Right Foot,Open Play
Stoke City,José Luis Sanmartín Mato,90.7,40.9,0.026316341,29.313819266687165,Blocked,Left Foot,Open Play
Norwich City,Jonathan Howson,99.2,32.6,0.04383846,22.077137495608433,Blocked,Left Foot,Open Play
Norwich City,Graham Dorrans,99.8,51.8,0.039871026,23.394016328967545,Saved,Right Foot,Open Play
Norwich City,Cameron Jerome,115.9,36.5,0.22469985,5.3907327887774175,Saved,Right Foot,Open Play
Norwich City,Cameron Jerome,110.1,38.5,0.08284487,10.012991560967187,Blocked,Head,Open Play
Stoke City,José Luis Sanmartín Mato,113.8,48.4,0.0967436,10.44030650891055,Off T,Left Foot,Open Play
Norwich City,Bradley Johnson,114.1,34.8,0.18371537,7.864477096412711,Off T,Left Foot,Open Play
Norwich City,Cameron Jerome,111.2,34.1,0.042385932,10.594810050208542,Blocked,Head,Open Play
Norwich City,Graham Dorrans,96.3,43.6,0.03717376,23.971858501167578,Blocked,Right Foot,Open Play
Norwich City,Cameron Jerome,111.8,30.6,0.03816692,12.473972903610141,Off T,Head,Open Play
Manchester City,Aleksandar Kolarov,43.7,21.6,0.012462552,47.415714694603096,Off T,Left Foot,Open Play
Manchester City,Raheem Sterling,113.4,36.0,0.16702515,7.71751255262989,Goal,Head,Open Play
Manchester City,Gnégnéri Yaya Touré,94.3,40.7,0.038016018,25.709531306501876,Goal,Left Foot,Open Play
Sunderland,Steven Fletcher,107.7,45.5,0.05783525,13.473678042761744,Saved Off Target,Head,Open Play
Sunderland,Yann Gérard M''Vila,87.3,50.5,0.012324545,34.34443186311284,Off T,Right Foot,Open Play
Sunderland,Danny Graham,106.8,35.7,0.092835814,13.882723075823419,Off T,Head,Open Play
Manchester City,Wilfried Guemiand Bony,105.2,41.1,0.030764818,14.840822079655828,Goal,Head,Open Play
Manchester City,Wilfried Guemiand Bony,106.8,34.7,0.05848126,14.224275025462635,Blocked,Head,Open Play
Manchester City,Kevin De Bruyne,94.6,30.1,0.028674563,27.26114451008982,Blocked,Left Foot,Open Play
Manchester City,Gnégnéri Yaya Touré,90.3,38.2,0.03714271,29.754495458669773,Saved,Right Foot,Open Play
Sunderland,Steven Fletcher,108.5,34.3,0.08175262,12.835108102388544,Off T,Left Foot,Open Play
Manchester City,David Josué Jiménez Silva,99.6,35.8,0.076450095,20.827865949251745,Off T,Left Foot,Open Play
Sunderland,Fabio Borini,112.5,26.6,0.07249932,15.35610627730871,Saved,Left Foot,Open Play
Manchester City,Nicolás Hernán Otamendi,109.1,45.7,0.033973884,12.30040649734797,Wayward,Head,Open Play
Manchester City,Eliaquim Mangala,111.5,39.5,0.1831349,8.514693182963201,Saved,Other,Open Play
Sunderland,Steven Fletcher,109.9,34.9,0.042489737,11.314592347937237,Saved Off Target,Head,Open Play
Manchester City,Wilfried Guemiand Bony,105.8,28.7,0.083941504,18.14745161172775,Blocked,Right Foot,Open Play
Manchester City,David Josué Jiménez Silva,107.9,49.7,0.08565126,15.50806241927082,Saved,Left Foot,Open Play
Manchester City,Raheem Sterling,98.1,48.9,0.042958237,23.63937393418024,Blocked,Right Foot,Open Play
Manchester City,Kevin De Bruyne,108.3,40.2,0.57949895,11.701709276853535,Goal,Right Foot,Open Play
Sunderland,Lee Cattermole,95.1,56.2,0.019075327,29.706059987820677,Wayward,Right Foot,Open Play
Sunderland,Fabio Borini,112.6,33.7,0.4392004,9.718538984847468,Saved,Left Foot,Open Play
Sunderland,Fabio Borini,116.7,30.4,0.1399121,10.15135458941318,Goal,Left Foot,Open Play
Manchester City,Wilfried Guemiand Bony,108.3,40.0,0.7835,11.700000000000003,Off T,Right Foot,Penalty
Sunderland,Sebastián Coates Nión,109.9,38.3,0.07451238,10.24207010325549,Off T,Head,Open Play
Manchester City,David Josué Jiménez Silva,101.1,51.2,0.06485319,21.969296757065308,Off T,Left Foot,Open Play
Manchester City,Kevin De Bruyne,99.8,27.2,0.03543082,23.914012628582434,Saved,Right Foot,Open Play
Manchester City,Wilfried Guemiand Bony,112.2,46.3,0.31616378,10.026464980241037,Off T,Right Foot,Open Play
Manchester City,Wilfried Guemiand Bony,112.3,53.3,0.06562915,15.368148880070104,Saved,Right Foot,Open Play
Sunderland,Sebastián Coates Nión,113.4,37.6,0.21167962,7.022819946431769,Saved,Head,Open Play
Southampton,Dušan Tadić,104.1,42.5,0.12975295,16.095340940781597,Off T,Left Foot,Open Play
Southampton,Graziano Pellè,109.2,35.5,0.1724836,11.699999999999998,Off T,Right Foot,Open Play
Southampton,Victor Wanyama,114.9,35.4,0.098437175,6.868041933477107,Off T,Head,Open Play
Southampton,Sadio Mané,105.5,35.7,0.06267969,15.124152868838637,Off T,Right Foot,Open Play
Aston Villa,Leandro Bacuna,95.7,15.1,0.0071468144,34.792240514229604,Off T,Right Foot,Open Play
Southampton,José Miguel da Rocha Fonte,111.8,35.6,0.14020388,9.305912099305475,Blocked,Left Foot,Open Play
Southampton,Sadio Mané,117.0,44.0,0.52563,5.0,Off T,Head,Open Play
Aston Villa,Idrissa Gana Gueye,81.5,29.1,0.00829143,40.01324780619539,Saved,Right Foot,Open Play
Southampton,Dušan Tadić,89.8,50.1,0.025334049,31.844151739369668,Blocked,Left Foot,Free Kick
Southampton,James Ward-Prowse,92.6,41.8,0.030286929,27.459060435491967,Saved,Right Foot,Open Play
Southampton,Graziano Pellè,110.4,45.6,0.16523102,11.113955191559839,Saved,Head,Open Play
Aston Villa,Joleon Lescott,117.8,41.0,0.5302452,2.4166091947189168,Goal,Left Foot,Open Play
Southampton,Victor Wanyama,108.9,31.8,0.07524728,13.800362314084362,Blocked,Right Foot,Open Play
Southampton,Graziano Pellè,112.2,43.0,0.08423308,8.357032966310468,Wayward,Head,Open Play
Southampton,Sadio Mané,104.7,47.1,0.07363974,16.867127793433,Blocked,Right Foot,Open Play
Aston Villa,Jordan Ayew,105.7,19.5,0.009168124,24.99479945908748,Blocked,Right Foot,Open Play
Aston Villa,Jordan Ayew,99.2,32.8,0.046730015,22.010906387516165,Blocked,Right Foot,Open Play
Aston Villa,Joleon Lescott,114.2,52.1,0.02107937,13.418271125595874,Off T,Head,Open Play
Southampton,Steven Davis,110.5,29.4,0.08263751,14.23411395205195,Blocked,Right Foot,Open Play
Southampton,Virgil van Dijk,111.8,40.1,0.07182213,8.200609733428365,Off T,Head,Open Play
Southampton,Juan Miguel Jiménez López,113.0,34.3,0.11609918,9.027181176868005,Off T,Right Foot,Open Play
Southampton,Juan Miguel Jiménez López,107.0,29.7,0.03597245,16.585837331892535,Blocked,Left Foot,Open Play
Aston Villa,Alan Hutton,113.5,33.1,0.06942296,9.479451460923253,Wayward,Head,Open Play
Southampton,Juan Miguel Jiménez López,98.2,37.2,0.13796295,21.979080963497992,Saved,Right Foot,Open Play
Southampton,Oriol Romeu Vidal,117.3,42.7,0.63186514,3.8183766184073606,Goal,Left Foot,Open Play
Aston Villa,Ashley Westwood,113.1,29.0,0.07746392,12.984991336154216,Off T,Left Foot,Open Play
Aston Villa,Scott Sinclair,96.2,41.1,0.037960988,23.825406607233376,Blocked,Right Foot,Open Play
Southampton,James Ward-Prowse,87.4,39.3,0.019973233,32.60751447136073,Blocked,Right Foot,Open Play
Southampton,Oriol Romeu Vidal,101.1,42.7,0.062896036,19.091883092036788,Off T,Left Foot,Open Play
Southampton,Virgil van Dijk,115.6,36.7,0.14281829,5.500000000000003,Off T,Head,Open Play
Southampton,Shane Long,110.6,28.2,0.030282894,15.086417732516892,Off T,Head,Open Play
Southampton,Juan Miguel Jiménez López,95.8,20.7,0.010311954,30.953675064521825,Off T,Right Foot,Open Play
Manchester United,Morgan Schneiderlin,114.8,48.8,0.11606456,10.22154587134451,Off T,Head,Open Play
Manchester United,Memphis Depay,94.5,23.1,0.013209601,30.591828974417332,Blocked,Right Foot,Open Play
Manchester United,Memphis Depay,106.9,28.6,0.060506362,17.36577093019483,Blocked,Right Foot,Open Play
Manchester United,Adnan Januzaj,114.6,29.6,0.08887279,11.718361660232203,Goal,Right Foot,Open Play
Aston Villa,Micah Richards,109.9,42.2,0.07061287,10.336827366266688,Off T,Head,Open Play
Aston Villa,Jordan Ayew,98.6,34.9,0.09245858,21.999318171252497,Off T,Right Foot,Open Play
Aston Villa,Gabriel Imuetinyan Agbonlahor,110.9,44.6,0.047294308,10.196568050084299,Saved,Head,Open Play
Aston Villa,Idrissa Gana Gueye,104.2,48.2,0.064329326,17.8011235600453,Blocked,Right Foot,Open Play
Manchester United,Memphis Depay,104.2,18.0,0.0070380424,27.08578963220382,Blocked,Right Foot,Open Play
Manchester United,Memphis Depay,90.6,20.8,0.008386019,35.114099732158884,Off T,Right Foot,Free Kick
Manchester United,Memphis Depay,102.5,31.4,0.19541705,19.498974332000135,Off T,Right Foot,Open Play
Aston Villa,Rudy Gestede,107.7,47.8,0.04981423,14.564683312726023,Wayward,Head,Open Play
Manchester United,Memphis Depay,95.7,36.7,0.05145264,24.523050381222966,Saved,Right Foot,Open Play
West Bromwich Albion,James Morrison,93.4,42.1,0.034976427,26.68276597356428,Saved,Right Foot,Open Play
Everton,Ross Barkley,105.8,36.3,0.28961727,14.674126890551277,Off T,Left Foot,Open Play
Everton,José Ramiro Funes Mori,86.0,39.2,0.016255273,34.00941046239996,Off T,Right Foot,Open Play
West Bromwich Albion,Saido Berahino,107.1,44.7,0.17159827,13.729530217745987,Goal,Right Foot,Open Play
Everton,James McCarthy,98.8,59.1,0.009521209,28.535066146760553,Saved Off Target,Left Foot,Open Play
Everton,Gareth Barry,114.6,48.7,0.06695693,10.239628899525613,Blocked,Right Foot,Open Play
Everton,Guangtai Jiang,114.2,40.5,0.14758325,5.821511831131151,Off T,Head,Open Play
West Bromwich Albion,José Salomón Rondón Giménez,80.8,47.8,0.0074260286,39.96848758709792,Off T,Right Foot,Open Play
West Bromwich Albion,James Morrison,98.5,29.8,0.057537414,23.796848530845423,Blocked,Left Foot,Open Play
West Bromwich Albion,James McClean,100.3,40.1,0.15686439,19.700253805471647,Off T,Left Foot,Open Play
West Bromwich Albion,Darren Fletcher,115.5,32.4,0.14756288,8.832326986700618,Saved,Head,Open Play
West Bromwich Albion,Craig Dawson,116.6,37.6,0.16606124,4.1617304093369665,Goal,Head,Open Play
Everton,Romelu Lukaku Menama,111.0,38.5,0.0798417,9.12414379544733,Goal,Head,Open Play
Everton,Brendan Joel Zibusiso Galloway,116.6,30.0,0.092448674,10.562196741208716,Off T,Left Foot,Open Play
West Bromwich Albion,Saido Berahino,101.9,23.4,0.022734221,24.559519539274376,Saved,Right Foot,Open Play
Everton,Ross Barkley,96.2,44.1,0.07291217,24.150569351466643,Blocked,Right Foot,Free Kick
Everton,Arouna Koné,109.7,46.7,0.43742692,12.287391912037313,Goal,Right Foot,Open Play
Everton,Romelu Lukaku Menama,118.6,43.7,0.5494063,3.9560080889705014,Goal,Right Foot,Open Play
West Bromwich Albion,Rickie Lambert,107.1,38.9,0.05732388,12.946814279968649,Off T,Right Foot,Open Play
Everton,Darron Gibson,91.1,51.7,0.018788066,31.178518245740936,Saved,Right Foot,Open Play
Everton,Ross Barkley,99.8,32.8,0.053924788,21.444812892632104,Blocked,Right Foot,Open Play
West Bromwich Albion,Saido Berahino,104.9,40.2,0.034671515,15.101324445226645,Blocked,Head,Open Play
Tottenham Hotspur,Christian Dannemann Eriksen,109.1,32.5,0.18283193,13.2310241478126,Off T,Left Foot,Open Play
Tottenham Hotspur,Harry Kane,107.1,58.4,0.012276721,22.47153755309147,Blocked,Right Foot,Open Play
Tottenham Hotspur,Toby Alderweireld,105.8,39.3,0.016993416,14.217243052012584,Blocked,Head,Open Play
Tottenham Hotspur,Harry Kane,101.5,42.1,0.05049196,18.618807695446023,Off T,Right Foot,Open Play
Tottenham Hotspur,Kyle Walker,113.4,49.6,0.19606647,11.649892703368558,Saved,Right Foot,Open Play
Manchester United,Juan Manuel Mata García,97.5,43.7,0.08245576,22.802192877001985,Blocked,Left Foot,Free Kick
Manchester United,Memphis Depay,104.3,30.8,0.058163673,18.19697777104759,Blocked,Right Foot,Open Play
Manchester United,Juan Manuel Mata García,103.5,50.7,0.040131547,19.665706191235547,Blocked,Left Foot,Open Play
Manchester United,Juan Manuel Mata García,103.0,39.3,0.0553608,17.014405661086137,Off T,Left Foot,Open Play
Manchester United,Memphis Depay,100.7,28.4,0.03637375,22.517770760001977,Blocked,Right Foot,Open Play
Tottenham Hotspur,Toby Alderweireld,102.8,22.7,0.025639586,24.395286429964294,Saved,Right Foot,Open Play
Manchester United,Memphis Depay,91.5,37.7,0.027124977,28.592656399852043,Off T,Left Foot,Open Play
Manchester United,Ashley Young,107.6,30.5,0.072495714,15.620819440733579,Saved,Right Foot,Open Play
Manchester United,Wayne Mark Rooney,108.6,38.8,0.10672537,11.462983904725686,Wayward,Right Foot,Open Play
Manchester United,Wayne Mark Rooney,96.7,25.8,0.046245903,27.286077035733808,Off T,Right Foot,Free Kick
Tottenham Hotspur,Christian Dannemann Eriksen,112.1,23.7,0.018566791,18.113530854032852,Saved,Left Foot,Open Play
Tottenham Hotspur,Harry Kane,109.4,42.1,0.044932175,10.80601684248178,Saved,Head,Open Play
Tottenham Hotspur,Christian Dannemann Eriksen,98.6,50.1,0.03684687,23.663685258217924,Saved,Right Foot,Open Play
Newcastle United,Chancel Mbemba Mangulu,113.0,31.7,0.24456298,10.857716150277646,Blocked,Left Foot,Open Play
Newcastle United,Georginio Wijnaldum,111.1,49.5,0.31176093,13.017680284904838,Goal,Right Foot,Open Play
Norwich City,Robert Brady,87.6,43.3,0.023372952,32.56762195801223,Post,Left Foot,Open Play
Norwich City,Dieumerci Mbokani Bezua,115.4,38.1,0.48680782,4.9769468552517155,Goal,Right Foot,Open Play
Newcastle United,Georginio Wijnaldum,109.5,43.3,0.08343665,11.006361796706484,Goal,Head,Open Play
Norwich City,Jonathan Howson,99.0,51.9,0.030493122,24.137315509393332,Blocked,Right Foot,Open Play
Norwich City,Nathan Redmond,101.7,46.0,0.067058586,19.25850461484484,Blocked,Left Foot,Open Play
Newcastle United,Ayoze Pérez Gutiérrez,103.8,51.9,0.07681266,20.100995000248123,Blocked,Right Foot,Open Play
Newcastle United,Ayoze Pérez Gutiérrez,109.7,51.0,0.09963754,15.069505632236247,Goal,Right Foot,Open Play
Norwich City,Nathan Redmond,110.4,49.5,0.069910415,13.50592462588178,Goal,Right Foot,Open Play
Newcastle United,Georginio Wijnaldum,104.7,35.9,0.10706527,15.839823231336892,Off T,Left Foot,Open Play
Newcastle United,Ayoze Pérez Gutiérrez,107.1,32.0,0.10174897,15.179262169156976,Blocked,Left Foot,Open Play
Newcastle United,Ayoze Pérez Gutiérrez,106.2,26.3,0.06538472,19.445565047074357,Off T,Right Foot,Open Play
Norwich City,Sébastien Aymar Bassong Nguena,114.6,34.3,0.09521794,7.851751396981446,Blocked,Head,Open Play
Norwich City,Steven Whittaker,95.2,56.7,0.016900305,29.89866217742861,Blocked,Left Foot,Open Play
Norwich City,Nathan Redmond,111.4,16.9,0.00812147,24.64893506827425,Off T,Right Foot,Free Kick
Norwich City,Nathan Redmond,99.6,58.6,0.010814107,27.606520968785624,Off T,Left Foot,Open Play
Newcastle United,Aleksandar Mitrović,105.0,36.2,0.26873535,15.473848907107758,Goal,Left Foot,Open Play
Newcastle United,Georginio Wijnaldum,115.9,42.6,0.48528257,4.8548944375753385,Goal,Head,Open Play
Norwich City,Nathan Redmond,103.9,60.0,0.0102555165,25.67508519946915,Post,Right Foot,Open Play
Norwich City,Dieumerci Mbokani Bezua,113.6,33.9,0.105883196,8.841379982785497,Saved,Head,Open Play
Norwich City,Russell Martin,113.9,36.4,0.12843333,7.083078426785908,Blocked,Head,Open Play
Norwich City,Jonathan Howson,111.9,32.0,0.084981784,11.384638773364744,Blocked,Right Foot,Open Play
Norwich City,Steven Whittaker,98.4,37.3,0.04770122,21.76809592040608,Blocked,Left Foot,Open Play
Norwich City,Robert Brady,96.5,27.8,0.033927802,26.478104161740884,Saved,Right Foot,Open Play
Norwich City,Jonathan Howson,91.1,30.2,0.030136447,30.516389039334264,Saved,Right Foot,Open Play
Newcastle United,Georginio Wijnaldum,96.5,29.3,0.036391806,25.821309029559288,Goal,Right Foot,Open Play
Norwich City,Dieumerci Mbokani Bezua,94.7,42.0,0.043690234,25.37892826736385,Blocked,Right Foot,Open Play
Norwich City,Cameron Jerome,100.1,42.7,0.053362656,20.082330542046165,Off T,Left Foot,Open Play
Aston Villa,Carles Gil de Pareja Vicent,95.2,51.8,0.015441174,27.46415846152945,Off T,Left Foot,Open Play
Chelsea,Ruben Loftus-Cheek,106.8,31.8,0.04386382,15.539626765144654,Blocked,Right Foot,Open Play
Aston Villa,Alan Hutton,112.9,56.7,0.013807228,18.14662503056698,Saved,Right Foot,Open Play
Aston Villa,Alan Hutton,113.4,53.5,0.047406577,15.02697574364183,Wayward,Right Foot,Open Play
Aston Villa,Jack Grealish,102.2,52.7,0.034523033,21.866183937761065,Saved,Left Foot,Open Play
Aston Villa,Jordan Ayew,97.5,25.5,0.051481657,26.767517628648346,Off T,Right Foot,Free Kick
Chelsea,Kurt Happy Zouma,94.6,42.0,0.033593222,25.478618486880332,Blocked,Right Foot,Open Play
Aston Villa,Rudy Gestede,110.5,38.2,0.17077029,9.669022701390249,Off T,Right Foot,Open Play
Chelsea,John Terry,109.9,38.9,0.08998033,10.159724405711009,Off T,Head,Open Play
Chelsea,Diego da Silva Costa,111.6,37.0,0.67447734,8.919641248391109,Goal,Right Foot,Open Play
Chelsea,Willian Borges da Silva,107.9,14.9,0.007511349,27.86431409527247,Saved,Right Foot,Free Kick
Aston Villa,Ashley Westwood,98.6,45.0,0.049216557,21.97635092548352,Saved,Right Foot,Open Play
Aston Villa,Jack Grealish,106.7,22.1,0.016661743,22.30022421411946,Off T,Right Foot,Open Play
Chelsea,Pedro Eliezer Rodríguez Ledesma,106.9,54.4,0.038559288,19.467151820438442,Off T,Left Foot,Open Play
Chelsea,Diego da Silva Costa,111.6,34.9,0.11178772,9.827003612495526,Saved,Head,Open Play
Aston Villa,Joleon Lescott,112.6,36.5,0.07181136,8.18596359630313,Blocked,Head,Open Play
Aston Villa,Joleon Lescott,115.9,33.2,0.06745717,7.940403012442121,Blocked,Left Foot,Open Play
Aston Villa,Rudy Gestede,106.2,43.0,0.027197104,14.122322755127781,Off T,Head,Open Play
Chelsea,Pedro Eliezer Rodríguez Ledesma,88.0,31.4,0.022560503,33.13547947442439,Blocked,Right Foot,Open Play
Chelsea,Francesc Fàbregas i Soler,115.1,52.0,0.077776186,12.961867149450347,Off T,Right Foot,Open Play
Sunderland,Jermain Defoe,98.7,40.5,0.052556932,21.305867736377223,Blocked,Right Foot,Open Play
Sunderland,Jermain Defoe,89.2,23.6,0.0067907935,34.89412558010302,Saved,Right Foot,Open Play
Tottenham Hotspur,Harry Kane,93.2,31.0,0.030364534,28.270833026283466,Off T,Right Foot,Open Play
Tottenham Hotspur,Heung-Min Son,88.6,37.2,0.019211572,31.524593573906714,Blocked,Right Foot,Open Play
Sunderland,Jeremain Lens,92.4,59.8,0.0066523426,33.96763165132358,Off T,Left Foot,Open Play
Sunderland,Jermain Defoe,107.7,45.4,0.46183652,13.433167906342865,Post,Right Foot,Open Play
Tottenham Hotspur,Harry Kane,104.4,43.9,0.048292868,16.08011193990887,Blocked,Right Foot,Open Play
Tottenham Hotspur,Harry Kane,111.2,57.5,0.01241558,19.588006534611935,Blocked,Right Foot,Open Play
Tottenham Hotspur,Heung-Min Son,95.9,50.6,0.033756953,26.328121847180814,Off T,Left Foot,Open Play
Sunderland,Jermain Defoe,106.2,52.0,0.0814933,18.287700784953802,Saved,Left Foot,Open Play
Sunderland,Jeremain Lens,95.2,46.9,0.027021892,25.741989045137903,Blocked,Left Foot,Open Play
Sunderland,Jeremain Lens,111.8,28.3,0.0806382,14.287407042567242,Blocked,Left Foot,Open Play
Sunderland,Jermain Defoe,105.3,23.6,0.03842329,22.0238507078122,Blocked,Right Foot,Open Play
Tottenham Hotspur,Ryan Mason,90.4,37.7,0.02806574,29.68922363417406,Off T,Left Foot,Open Play
Sunderland,Jeremain Lens,102.8,25.6,0.04653528,22.432119828495924,Saved,Right Foot,Open Play
Tottenham Hotspur,Nacer Chadli,111.1,41.4,0.06958861,9.009439494219388,Wayward,Right Foot,Open Play
Sunderland,Ola Toivonen,92.2,49.1,0.027685953,29.251495688254984,Off T,Right Foot,Open Play
Sunderland,Billy Jones,90.5,52.0,0.01400011,31.847291878588358,Blocked,Right Foot,Open Play
Tottenham Hotspur,Harry Kane,113.8,46.7,0.12710917,9.12852671574116,Off T,Right Foot,Open Play
Tottenham Hotspur,Nacer Chadli,101.7,50.7,0.0694736,21.19858485842864,Blocked,Right Foot,Open Play
Tottenham Hotspur,Eric Dier,112.9,38.4,0.14099266,7.278049189171499,Saved,Head,Open Play
Tottenham Hotspur,Andros Townsend,100.8,50.0,0.040436424,21.648094604375697,Blocked,Left Foot,Open Play
Tottenham Hotspur,Ryan Mason,99.6,36.1,0.07526835,20.769448716805176,Saved,Left Foot,Open Play
Tottenham Hotspur,Ryan Mason,109.1,44.0,0.49434486,11.610770861575045,Goal,Right Foot,Open Play
Sunderland,Jack Rodwell,106.4,49.8,0.09469869,16.763054614240204,Post,Right Foot,Open Play
Tottenham Hotspur,Harry Kane,112.5,52.4,0.13878465,14.491721774861674,Saved,Right Foot,Open Play
Tottenham Hotspur,Erik Lamela,111.9,44.3,0.13777885,9.170605214488294,Off T,Head,Open Play
Tottenham Hotspur,Nacer Chadli,92.7,37.5,0.039149195,27.41422988157792,Off T,Right Foot,Open Play
Tottenham Hotspur,Nacer Chadli,109.9,49.1,0.09314624,13.594851966829205,Off T,Right Foot,Open Play
Sunderland,Jeremain Lens,115.1,36.8,0.13641623,5.852349955359819,Off T,Head,Open Play
AFC Bournemouth,Callum Wilson,106.5,52.2,0.06787996,18.19587865424476,Goal,Right Foot,Open Play
AFC Bournemouth,Matt Ritchie,94.2,33.6,0.019833341,26.581948762270983,Goal,Left Foot,Open Play
Sunderland,Ola Toivonen,113.7,28.8,0.018789858,12.85029182548007,Saved,Head,Open Play
Sunderland,Jordi Gómez García-Penche,116.0,74.8,0.008465516,35.02913073429028,Saved,Left Foot,Free Kick
AFC Bournemouth,Callum Wilson,110.9,57.1,0.009722556,19.370596273734062,Blocked,Right Foot,Open Play
Sunderland,Fabio Borini,89.5,44.4,0.021393487,30.815742729974886,Blocked,Right Foot,Open Play
AFC Bournemouth,Marc Pugh,108.4,45.9,0.054927386,13.01422298871507,Off T,Head,Open Play
Sunderland,Younes Kaboul,93.9,20.8,0.008836302,32.401388859121454,Blocked,Right Foot,Open Play
Sunderland,Jermain Defoe,108.6,28.4,0.21523397,16.264070831129583,Saved,Right Foot,Open Play
AFC Bournemouth,Lee Tomlin,94.4,44.1,0.025731878,25.926241532470527,Saved,Right Foot,Open Play
AFC Bournemouth,Matt Ritchie,99.9,60.5,0.009149136,28.70992859621911,Blocked,Left Foot,Open Play
Sunderland,Fabio Borini,102.9,34.1,0.076180466,18.089223311131956,Blocked,Right Foot,Open Play
Sunderland,Jack Rodwell,94.8,40.7,0.032372266,25.209720347516754,Blocked,Right Foot,Open Play
Sunderland,Fabio Borini,89.3,43.8,0.013377207,30.934285186504635,Off T,Right Foot,Open Play
AFC Bournemouth,Sylvain Distin,116.4,43.4,0.1450499,4.951767361255974,Blocked,Head,Open Play
AFC Bournemouth,Marc Pugh,94.6,23.9,0.016823092,30.072745135753742,Blocked,Right Foot,Open Play
AFC Bournemouth,Matt Ritchie,90.9,27.0,0.020883983,31.87177434659074,Off T,Left Foot,Open Play
AFC Bournemouth,Marc Pugh,101.0,19.1,0.00981444,28.24553061990516,Saved,Right Foot,Open Play
AFC Bournemouth,Andrew Surman,101.1,29.0,0.039306756,21.8680131699247,Blocked,Left Foot,Open Play
AFC Bournemouth,Marc Pugh,106.7,27.9,0.053225473,17.98054504179448,Post,Right Foot,Open Play
Sunderland,Jeremain Lens,90.4,36.3,0.029892249,29.83035366870463,Off T,Right Foot,Open Play
AFC Bournemouth,Marc Pugh,105.4,26.6,0.046460558,19.817164277464116,Blocked,Right Foot,Open Play
AFC Bournemouth,Glenn Murray,105.7,20.5,0.010145112,24.181397809059753,Saved,Right Foot,Open Play
AFC Bournemouth,Adam Smith,96.6,52.3,0.044645246,26.43577122007225,Wayward,Right Foot,Open Play
Arsenal,Aaron Ramsey,108.6,30.8,0.06502127,14.649232061783993,Blocked,Left Foot,Open Play
Arsenal,Santiago Cazorla González,104.9,46.2,0.056177016,16.32329623574846,Blocked,Right Foot,Open Play
Leicester City,Jeffrey Schlupp,103.3,22.2,0.028971994,24.40758078958257,Saved,Left Foot,Open Play
Leicester City,Jamie Vardy,101.6,37.2,0.058932893,18.61182419861095,Blocked,Left Foot,Open Play
Leicester City,Jamie Vardy,113.3,25.9,0.07671545,15.610893632332521,Goal,Right Foot,Open Play
Leicester City,Riyad Mahrez,91.8,41.5,0.029999163,28.2398654387729,Blocked,Left Foot,Open Play
Arsenal,Theo Walcott,116.7,29.6,0.09052327,10.911003620199196,Saved,Left Foot,Open Play
Arsenal,Santiago Cazorla González,104.0,21.9,0.021842366,24.158021442162852,Saved Off Target,Right Foot,Open Play
Leicester City,Jamie Vardy,101.1,53.2,0.04343468,23.05319934412576,Blocked,Left Foot,Open Play
Leicester City,Jamie Vardy,115.0,41.2,0.2241868,5.141984052872977,Post,Head,Open Play
Arsenal,Theo Walcott,109.3,30.6,0.42959407,14.24254190796011,Goal,Left Foot,Open Play
Arsenal,Santiago Cazorla González,103.4,41.5,0.061995808,16.66763330530162,Blocked,Right Foot,Open Play
Arsenal,Alexis Alejandro Sánchez Sánchez,114.7,36.0,0.7257534,6.640030120413609,Goal,Right Foot,Open Play
Arsenal,Santiago Cazorla González,102.4,59.8,0.011800119,26.491508073343045,Off T,Right Foot,Open Play
Arsenal,Theo Walcott,101.4,25.6,0.045653593,23.522754940695183,Blocked,Right Foot,Open Play
Leicester City,Riyad Mahrez,96.6,29.8,0.02269394,25.52645686341918,Off T,Left Foot,Open Play
Arsenal,Alexis Alejandro Sánchez Sánchez,112.0,34.4,0.1106217,9.765244492586962,Blocked,Right Foot,Open Play
Arsenal,Alexis Alejandro Sánchez Sánchez,107.4,50.6,0.05238152,16.465721970202214,Blocked,Right Foot,Open Play
Arsenal,Theo Walcott,106.8,41.5,0.10614795,13.28495389529072,Blocked,Right Foot,Open Play
Arsenal,Alexis Alejandro Sánchez Sánchez,115.8,29.4,0.046680387,11.401754250991383,Blocked,Head,Open Play
Leicester City,Jeffrey Schlupp,100.5,26.2,0.03201618,23.889118861942148,Saved,Left Foot,Open Play
Arsenal,Alexis Alejandro Sánchez Sánchez,114.4,39.5,0.31850713,5.622277118748233,Goal,Head,Open Play
Arsenal,Theo Walcott,102.6,44.1,0.11157008,17.87652091431664,Saved,Right Foot,Open Play
Arsenal,Theo Walcott,99.6,23.6,0.036646605,26.174797038372624,Off T,Right Foot,Open Play
Arsenal,Mesut Özil,107.2,32.1,0.17639641,15.04160895649132,Blocked,Left Foot,Open Play
Leicester City,Andrew Philip King,102.5,44.5,0.101796836,18.069310999592652,Off T,Right Foot,Open Play
Arsenal,Theo Walcott,107.0,29.8,0.095833994,16.523922052587878,Saved,Right Foot,Open Play
Leicester City,N''Golo Kanté,89.8,31.3,0.021536218,31.42817207538485,Off T,Right Foot,Open Play
Arsenal,Santiago Cazorla González,89.4,48.6,0.020803722,31.785531299633796,Blocked,Right Foot,Open Play
Arsenal,Aaron Ramsey,102.8,48.1,0.08141377,19.01183841715472,Saved,Right Foot,Open Play
Arsenal,Aaron Ramsey,97.8,52.0,0.035183277,25.235689013775712,Blocked,Right Foot,Open Play
Arsenal,Theo Walcott,106.5,44.0,0.08554249,14.080127840328723,Blocked,Right Foot,Open Play
Arsenal,Mesut Özil,104.4,50.6,0.061348923,18.86054081939327,Blocked,Right Foot,Open Play
Arsenal,Alexis Alejandro Sánchez Sánchez,92.5,29.0,0.026167579,29.618406439239774,Goal,Right Foot,Open Play
Leicester City,Jamie Vardy,112.2,30.8,0.30048242,12.06150902665168,Saved,Left Foot,Open Play
Leicester City,Riyad Mahrez,110.3,24.8,0.05151989,18.031361568112377,Saved,Left Foot,Open Play
Leicester City,Wes Morgan,114.8,34.3,0.08111569,7.7155686763841365,Off T,Head,Open Play
Leicester City,Riyad Mahrez,108.7,52.4,0.09895737,16.776471619503308,Blocked,Right Foot,Open Play
Leicester City,Andrej Kramarić,113.3,36.4,0.36157164,7.605918747922571,Saved,Right Foot,Open Play
Leicester City,Jamie Vardy,110.5,26.7,0.0611111,16.34441800738099,Goal,Right Foot,Open Play
Arsenal,Mesut Özil,108.8,27.3,0.19784258,16.933103672983286,Saved,Left Foot,Open Play
Arsenal,Olivier Giroud,108.6,36.2,0.21319295,12.016655108639846,Goal,Left Foot,Open Play
Manchester United,Ander Herrera Agüera,101.4,48.2,0.03142079,20.327321515635056,Blocked,Right Foot,Open Play
Manchester United,Memphis Depay,111.2,40.6,0.19655217,8.820430828479976,Goal,Left Foot,Open Play
Watford,Odion Jude Ighalo,109.6,53.9,0.08215285,17.360011520733504,Off T,Right Foot,Open Play
Manchester United,Morgan Schneiderlin,112.0,53.5,0.06238033,15.692354826475215,Off T,Right Foot,Open Play
Watford,Etienne Capoue,99.1,46.2,0.045200415,21.800229356591647,Off T,Right Foot,Open Play
Manchester United,Memphis Depay,94.6,21.4,0.00821562,31.48205838251369,Saved,Right Foot,Open Play
Manchester United,Jesse Lingard,103.9,32.0,0.19899037,17.978042162593784,Saved,Left Foot,Open Play
Manchester United,Bastian Schweinsteiger,91.5,48.5,0.024351954,29.740544715926102,Off T,Right Foot,Open Play
Manchester United,Phil Jones,103.2,52.0,0.052710865,20.645580640902303,Blocked,Left Foot,Open Play
Manchester United,Memphis Depay,96.5,22.6,0.016059695,29.24055403031892,Off T,Right Foot,Open Play
Watford,Troy Deeney,102.4,33.9,0.08930233,18.62713075060139,Saved,Right Foot,Open Play
Watford,Odion Jude Ighalo,115.5,39.0,0.28411442,4.6097722286464435,Blocked,Right Foot,Open Play
Watford,Ben Watson,90.1,43.7,0.027688993,30.12806001056159,Blocked,Right Foot,Open Play
Manchester United,Memphis Depay,105.7,27.9,0.03773829,18.73232500251904,Off T,Left Foot,Open Play
Watford,Etienne Capoue,111.4,32.3,0.11945056,11.543396380615194,Blocked,Left Foot,Open Play
Watford,Almen Abdi,106.1,27.4,0.049189508,18.760863519571807,Saved,Right Foot,Open Play
Watford,Troy Deeney,103.1,45.7,0.12343411,17.83535814050282,Saved,Right Foot,Open Play
Manchester United,Jesse Lingard,98.8,38.8,0.27037808,21.2339351039792,Saved,Right Foot,Open Play
Watford,Troy Deeney,108.1,40.1,0.7835,11.900420160649796,Goal,Right Foot,Penalty
Manchester United,Chris Smalling,111.7,36.3,0.086513646,9.087353850269064,Saved,Right Foot,Open Play
Manchester United,Jesse Lingard,107.4,29.8,0.0693088,16.21110730332755,Saved,Left Foot,Open Play
Manchester United,Bastian Schweinsteiger,118.0,48.4,0.11984462,8.63481325796916,Blocked,Right Foot,Open Play
Watford,Odion Jude Ighalo,109.0,39.7,0.05718027,11.00409014866745,Saved,Right Foot,Open Play
AFC Bournemouth,Junior Stanislas,120.2,1.0,0.00018,39.000512817141264,Goal,Right Foot,Corner
Manchester United,Marouane Fellaini-Bakkioui,112.4,36.2,0.38391295,8.497058314499194,Saved,Left Foot,Open Play
Manchester United,Paddy McNair,107.7,35.4,0.06646917,13.132021931142209,Saved,Head,Open Play
Manchester United,Paddy McNair,111.0,44.9,0.083019175,10.247438704378768,Off T,Right Foot,Open Play
AFC Bournemouth,Junior Stanislas,89.9,48.6,0.037855312,31.304472523906224,Off T,Right Foot,Free Kick
Manchester United,Anthony Martial,101.7,41.5,0.16560505,18.361372497719223,Off T,Right Foot,Open Play
Manchester United,Memphis Depay,110.4,28.3,0.13040406,15.134397906755323,Saved,Right Foot,Open Play
Manchester United,Marouane Fellaini-Bakkioui,114.5,38.9,0.31130567,5.608921464952064,Goal,Right Foot,Open Play
AFC Bournemouth,Junior Stanislas,97.3,28.4,0.03266647,25.492155656201383,Saved,Right Foot,Open Play
AFC Bournemouth,Joshua King,112.1,36.0,0.09392718,8.854942122905157,Off T,Left Foot,Open Play
AFC Bournemouth,Matt Ritchie,99.1,47.6,0.04915676,22.238929830367294,Saved,Left Foot,Open Play
AFC Bournemouth,Matt Ritchie,102.2,40.6,0.03607292,17.810109488714545,Off T,Head,Open Play
AFC Bournemouth,Simon Francis,110.2,56.6,0.014183522,19.276929216034386,Saved,Right Foot,Open Play
AFC Bournemouth,Joshua King,112.0,41.4,0.13452877,8.121576201698781,Goal,Right Foot,Open Play
Manchester United,Marouane Fellaini-Bakkioui,106.3,36.7,0.07648106,14.091841611372166,Saved,Right Foot,Open Play
Manchester United,Marouane Fellaini-Bakkioui,106.3,29.0,0.057882454,17.56957597667058,Blocked,Right Foot,Open Play
Manchester United,Marouane Fellaini-Bakkioui,111.4,43.8,0.1427861,9.402127418834521,Blocked,Left Foot,Open Play
AFC Bournemouth,Glenn Murray,111.8,45.3,0.5549199,9.763708311906907,Off T,Left Foot,Open Play
AFC Bournemouth,Glenn Murray,114.0,41.5,0.12418688,6.18465843842649,Off T,Left Foot,Open Play
Manchester United,Michael Carrick,101.5,39.1,0.0649704,18.521878954360975,Blocked,Right Foot,Open Play
Manchester United,Anthony Martial,104.5,37.1,0.04094817,15.768956845650887,Off T,Left Foot,Open Play
AFC Bournemouth,Harry Arter,97.9,29.4,0.054196835,24.51060994753088,Off T,Left Foot,Open Play
West Ham United,Cheikhou Kouyaté,89.1,47.0,0.020213937,31.682960720235734,Saved,Right Foot,Open Play
West Ham United,Michail Antonio,96.5,49.5,0.02470938,25.347583711273153,Saved,Right Foot,Open Play
West Ham United,Michail Antonio,101.1,57.0,0.025405297,25.420660888340418,Blocked,Left Foot,Open Play
West Ham United,Alexandre Dimitri Song-Billong,94.4,46.2,0.029137122,26.340083523026266,Blocked,Right Foot,Open Play
Stoke City,Marco van Ginkel,111.4,46.2,0.084593154,10.601886624558855,Off T,Left Foot,Open Play
Stoke City,Ibrahim Afellay,100.5,39.6,0.07471115,19.504102132628407,Blocked,Left Foot,Open Play
Stoke City,Ryan Shawcross,111.7,39.7,0.07348032,8.305419917138444,Blocked,Head,Open Play
Stoke City,Marko Arnautović,113.6,42.2,0.3105806,6.767569726275458,Off T,Left Foot,Open Play
West Ham United,James Collins,108.1,38.4,0.08400308,12.007081243999314,Blocked,Left Foot,Open Play
West Ham United,James Collins,111.5,37.9,0.12966536,8.755569655939013,Saved,Right Foot,Open Play
West Ham United,Mauro Matías Zárate,95.5,47.8,0.062677845,25.71167050193355,Blocked,Right Foot,Free Kick
West Ham United,Cheikhou Kouyaté,111.1,49.7,0.059325803,13.164345787011225,Blocked,Right Foot,Open Play
West Ham United,Andy Carroll,106.6,34.4,0.030481705,14.523085071705673,Saved Off Target,Head,Open Play
West Ham United,Andy Carroll,107.4,36.7,0.041745376,13.02497600765544,Off T,Head,Open Play
West Ham United,Michail Antonio,111.1,39.7,0.17260039,8.905054744357281,Off T,Head,Open Play
West Ham United,Michail Antonio,107.4,34.5,0.13309301,13.748090776540568,Saved,Right Foot,Open Play
Stoke City,Marko Arnautović,107.0,51.0,0.07664683,17.029386365926403,Saved,Right Foot,Open Play
West Ham United,Andy Carroll,113.6,39.5,0.15741299,6.419501538281619,Blocked,Head,Open Play
West Ham United,Cheikhou Kouyaté,110.3,35.0,0.06870421,10.912836478203092,Off T,Head,Open Play
Stoke City,Marko Arnautović,88.6,40.9,0.0288367,31.412895441203766,Blocked,Right Foot,Free Kick
Stoke City,Bojan Krkíc Pérez,103.5,27.8,0.03340511,20.520477577288496,Off T,Right Foot,Open Play
West Ham United,Andy Carroll,112.1,39.5,0.08574834,7.915806970865326,Saved,Head,Open Play
West Ham United,Mark Noble,96.4,42.6,0.04102696,23.74278837878988,Off T,Right Foot,Open Play
West Ham United,Aaron Cresswell,104.4,21.7,0.01664262,24.046829312822094,Saved,Left Foot,Open Play
Stoke City,Mame Biram Diouf,107.0,48.7,0.21944693,15.642570121306795,Saved,Left Foot,Open Play
Stoke City,Bojan Krkíc Pérez,105.3,56.6,0.032244846,22.17318199988446,Wayward,Left Foot,Open Play
Stoke City,Charlie Adam,93.8,41.4,0.029621327,26.2373779177722,Blocked,Left Foot,Open Play
Stoke City,Mame Biram Diouf,102.7,37.8,0.06940423,17.439323381370045,Blocked,Left Foot,Open Play
West Ham United,Michail Antonio,101.2,30.8,0.03947005,20.930360723121805,Blocked,Right Foot,Open Play
West Ham United,Mauro Matías Zárate,101.6,48.4,0.058368266,20.22671500763286,Post,Right Foot,Open Play
West Ham United,Enner Remberto Valencia Lastra,111.9,38.5,0.27661958,8.237718130647583,Saved,Head,Open Play
West Ham United,Mauro Matías Zárate,96.0,46.8,0.029259034,24.944738924270183,Blocked,Left Foot,Open Play
West Ham United,Cheikhou Kouyaté,81.2,32.9,0.007381318,39.44426447533279,Saved,Right Foot,Free Kick
Stoke City,Mame Biram Diouf,102.7,43.9,0.42787996,17.734147850968196,Saved,Right Foot,Open Play
West Ham United,Enner Remberto Valencia Lastra,78.1,38.0,0.0054937513,41.94770553915912,Off T,Right Foot,Open Play
West Ham United,Cheikhou Kouyaté,116.6,42.9,0.18486765,4.468780594300869,Blocked,Head,Open Play
Arsenal,Alexis Alejandro Sánchez Sánchez,103.7,26.7,0.021022763,21.03758541277967,Off T,Head,Open Play
Arsenal,Alexis Alejandro Sánchez Sánchez,115.6,44.6,0.3619568,6.365532185135825,Goal,Right Foot,Open Play
Arsenal,Mesut Özil,105.7,42.0,0.12780957,14.439182802361078,Goal,Left Foot,Open Play
Arsenal,Alexis Alejandro Sánchez Sánchez,102.8,37.4,0.078730255,17.39540169125163,Goal,Right Foot,Open Play
Arsenal,Santiago Cazorla González,89.0,44.9,0.020406762,31.384868965793054,Off T,Right Foot,Open Play
Arsenal,Aaron Ramsey,112.9,44.4,0.30145916,8.35284382710463,Off T,Right Foot,Open Play
Arsenal,Theo Walcott,101.9,57.4,0.03948905,25.10717029057635,Off T,Right Foot,Open Play
Manchester United,Anthony Martial,109.5,40.0,0.36363524,10.5,Saved,Left Foot,Open Play
Manchester United,Ashley Young,94.8,36.3,0.04910972,25.470178640912597,Saved,Right Foot,Open Play
Arsenal,Mesut Özil,94.4,46.0,0.05942554,26.29372548727167,Blocked,Left Foot,Free Kick
Arsenal,Mesut Özil,96.2,46.0,0.027135253,24.5446531855718,Blocked,Left Foot,Open Play
Manchester United,Wayne Mark Rooney,97.9,34.4,0.044761263,22.79846486059971,Saved,Right Foot,Open Play
Manchester United,Bastian Schweinsteiger,110.9,37.6,0.54113483,9.411163583744568,Saved,Right Foot,Open Play
Manchester United,Juan Manuel Mata García,98.4,45.4,0.070311815,22.26477037833536,Off T,Left Foot,Open Play
Arsenal,Mesut Özil,103.4,38.1,0.16058023,16.708381130438696,Saved,Left Foot,Open Play
Manchester United,Juan Manuel Mata García,94.1,54.2,0.02391848,29.537264599146624,Blocked,Left Foot,Open Play
Manchester United,Luis Antonio Valencia Mosquera,101.1,55.9,0.034163345,24.69858295530333,Wayward,Right Foot,Open Play
Arsenal,Olivier Giroud,105.0,38.0,0.20838387,15.132745950421556,Saved,Right Foot,Open Play
Manchester United,Wayne Mark Rooney,93.2,47.5,0.027956977,27.829660436304284,Off T,Right Foot,Open Play
Arsenal,Alex Oxlade-Chamberlain,112.6,53.2,0.12895793,15.13274595042156,Post,Right Foot,Open Play
Newcastle United,Fabricio Coloccini,115.7,38.2,0.41482657,4.661544808322662,Saved,Right Foot,Open Play
Newcastle United,Moussa Sissoko,107.2,52.1,0.064534955,17.613914953808536,Blocked,Right Foot,Open Play
Newcastle United,Aleksandar Mitrović,107.7,48.7,0.037371393,15.065855435387663,Off T,Head,Open Play
Sunderland,Lee Cattermole,91.4,36.6,0.021841373,28.8013888554007,Blocked,Right Foot,Open Play
Newcastle United,Georginio Wijnaldum,98.6,28.7,0.054690037,24.200206610688273,Saved,Left Foot,Open Play
Newcastle United,Jack Colback,102.3,38.2,0.07391329,17.791290003819288,Wayward,Left Foot,Open Play
Newcastle United,Aleksandar Mitrović,112.8,43.9,0.8392974,8.18840643837371,Off T,Right Foot,Open Play
Newcastle United,Moussa Sissoko,103.0,56.0,0.031611867,23.345235059857504,Blocked,Left Foot,Open Play
Newcastle United,Moussa Sissoko,94.0,47.5,0.026376052,27.060118255469618,Saved,Left Foot,Open Play
Sunderland,Steven Fletcher,111.1,39.9,0.064235546,8.900561780022658,Blocked,Head,Open Play
Newcastle United,Jack Colback,111.5,49.7,0.18312919,12.897286536322284,Saved,Right Foot,Open Play
Newcastle United,Aleksandar Mitrović,113.3,46.6,0.070946634,9.404786015641188,Off T,Right Foot,Open Play
Newcastle United,Ayoze Pérez Gutiérrez,111.8,50.3,0.16809975,13.165485179058157,Wayward,Left Foot,Open Play
Newcastle United,Georginio Wijnaldum,100.2,26.9,0.061820045,23.741314201197877,Saved,Right Foot,Free Kick
Newcastle United,Ayoze Pérez Gutiérrez,111.2,21.6,0.010394924,20.396078054371138,Blocked,Right Foot,Open Play
Sunderland,Adam Johnson,108.1,40.2,0.7835,11.901680553602509,Goal,Left Foot,Penalty
Sunderland,Jermain Defoe,103.0,52.7,0.058981504,21.220037700249264,Blocked,Right Foot,Open Play
Newcastle United,Aleksandar Mitrović,109.0,33.7,0.45560068,12.676355943251197,Saved,Right Foot,Open Play
Newcastle United,Ayoze Pérez Gutiérrez,94.5,41.8,0.032252952,25.563450471327222,Saved,Right Foot,Open Play
Sunderland,Steven Fletcher,95.9,26.3,0.02273964,27.721832551258217,Blocked,Left Foot,Open Play
Sunderland,Yann Gérard M''Vila,107.5,26.5,0.036030393,18.398369492974098,Blocked,Right Foot,Open Play
Sunderland,Billy Jones,118.5,41.4,0.86778295,2.051828452868318,Goal,Right Foot,Open Play
Newcastle United,Georginio Wijnaldum,109.5,55.3,0.053915214,18.556400513030535,Saved,Right Foot,Open Play
Newcastle United,Ayoze Pérez Gutiérrez,109.5,25.0,0.02946819,18.309833423600555,Off T,Left Foot,Open Play
Sunderland,Adam Johnson,95.6,52.2,0.032034416,27.280029325497438,Post,Left Foot,Open Play
Newcastle United,Vurnon Anita,101.0,49.0,0.042791177,21.02379604162864,Off T,Right Foot,Open Play
Newcastle United,Paul Dummett,93.1,28.0,0.02362311,29.455220250407233,Blocked,Left Foot,Open Play
Newcastle United,Aleksandar Mitrović,113.5,37.9,0.15569912,6.8308125431752265,Off T,Head,Open Play
Newcastle United,Florian Thauvin,100.2,50.7,0.04219326,22.506221362103414,Blocked,Left Foot,Open Play
Newcastle United,Florian Thauvin,97.8,53.6,0.02540992,26.034592372457077,Off T,Left Foot,Open Play
Sunderland,Steven Fletcher,111.8,49.1,0.19063072,12.249489785293102,Goal,Left Foot,Open Play
Arsenal,Olivier Giroud,114.2,42.3,0.14458397,6.239390995922595,Off T,Head,Open Play
Arsenal,Gabriel Armando de Abreu,112.4,36.7,0.10049327,8.285529554590937,Off T,Head,Open Play
Arsenal,Gabriel Armando de Abreu,110.6,41.9,0.056658436,9.590099061010793,Off T,Head,Open Play
Everton,Brendan Joel Zibusiso Galloway,96.7,32.5,0.024494035,24.477336456403908,Blocked,Left Foot,Open Play
Everton,John Stones,107.8,42.6,0.11884518,12.473972903610143,Off T,Right Foot,Open Play
Arsenal,Alexis Alejandro Sánchez Sánchez,99.7,22.6,0.026427459,26.73667892614937,Off T,Right Foot,Open Play
Arsenal,Olivier Giroud,115.6,41.0,0.30794454,4.512205669071396,Goal,Head,Open Play
Arsenal,Laurent Koscielny,116.6,38.6,0.38184738,3.676955262170052,Goal,Head,Open Play
Arsenal,Alex Oxlade-Chamberlain,102.0,44.4,0.09676939,18.529975715040752,Blocked,Right Foot,Open Play
Everton,Ross Barkley,99.2,27.6,0.04340038,24.215697388264495,Goal,Left Foot,Open Play
Arsenal,Alexis Alejandro Sánchez Sánchez,110.1,29.8,0.18513039,14.214429288578565,Saved,Left Foot,Open Play
Everton,Séamus Coleman,90.5,50.3,0.022345418,31.246439797199294,Saved,Right Foot,Open Play
Arsenal,Francis Joseph Coquelin,87.8,32.3,0.011978738,33.10785405307931,Wayward,Right Foot,Open Play
Arsenal,Olivier Giroud,111.4,49.8,0.24198993,13.038404810405291,Saved,Left Foot,Open Play
Arsenal,Mesut Özil,94.1,32.2,0.02695991,27.049029557453633,Saved,Left Foot,Open Play
Arsenal,Alex Oxlade-Chamberlain,109.5,52.6,0.03994113,16.401524319403975,Blocked,Right Foot,Open Play
Arsenal,Héctor Bellerín Moruno,88.8,51.7,0.014057545,33.32161460673837,Off T,Right Foot,Open Play
Everton,Ross Barkley,99.8,46.1,0.07506493,21.1009478460092,Saved,Right Foot,Open Play
Arsenal,Olivier Giroud,103.1,51.8,0.13074309,20.61188977265307,Post,Left Foot,Open Play
Everton,Brendan Joel Zibusiso Galloway,116.9,31.9,0.11975366,8.672946442818612,Off T,Head,Open Play
Everton,Kevin Mirallas,99.0,30.5,0.040691603,23.04886114323222,Blocked,Right Foot,Open Play
Everton,Romelu Lukaku Menama,113.3,41.3,0.1454622,6.824954212300623,Post,Head,Open Play
Arsenal,Olivier Giroud,109.7,41.2,0.27705798,10.369667304209907,Wayward,Head,Open Play
Arsenal,Mathieu Flamini,102.1,46.6,0.099551745,19.07799779851125,Off T,Right Foot,Open Play
Arsenal,Mathieu Flamini,110.3,42.9,0.1517043,10.124228365658297,Saved,Head,Open Play
Everton,Gerard Deulofeu Lázaro,105.2,45.2,0.18180354,15.68693724090206,Saved,Right Foot,Open Play
Arsenal,Alexis Alejandro Sánchez Sánchez,104.6,27.1,0.039825536,20.089051744669288,Blocked,Right Foot,Open Play
Everton,Kevin Mirallas,105.5,58.0,0.020795194,23.11384866265244,Saved,Right Foot,Open Play
Arsenal,Mesut Özil,97.3,44.3,0.060890257,23.103679360655956,Post,Left Foot,Open Play
Arsenal,Olivier Giroud,110.7,31.1,0.08415267,12.872451204024816,Blocked,Left Foot,Open Play
West Bromwich Albion,Saido Berahino,102.8,36.8,0.04317007,17.495142182903233,Wayward,Right Foot,Open Play
Norwich City,Wes Hoolahan,105.2,29.1,0.061216902,18.380696395947567,Off T,Left Foot,Open Play
West Bromwich Albion,Chris Brunt,97.9,19.9,0.010268908,29.873399538720058,Saved,Left Foot,Open Play
Norwich City,Jonathan Howson,95.4,30.7,0.03349715,26.299239532731736,Off T,Right Foot,Open Play
Norwich City,Alexander Banor Tettey,96.0,47.6,0.031794984,25.1745903640953,Blocked,Right Foot,Open Play
Norwich City,Nathan Redmond,113.6,56.5,0.009110907,17.69773996870787,Saved,Right Foot,Open Play
Norwich City,Matt Jarvis,104.8,24.3,0.03622137,21.852459815773603,Blocked,Right Foot,Open Play
Norwich City,Nathan Redmond,111.0,45.0,0.155867,10.295630140987,Off T,Right Foot,Open Play
West Bromwich Albion,Chris Brunt,88.6,26.5,0.0071102,34.179087173299415,Saved,Left Foot,Open Play
West Bromwich Albion,Craig Dawson,116.6,44.2,0.20385875,5.403702434442525,Off T,Head,Open Play
Norwich City,Jonathan Howson,95.0,34.9,0.026149418,25.514897609044016,Blocked,Right Foot,Open Play
Norwich City,Dieumerci Mbokani Bezua,118.2,30.2,0.028339142,9.96393496566492,Saved,Left Foot,Open Play
West Bromwich Albion,José Salomón Rondón Giménez,112.4,45.8,0.11742091,9.560334722173689,Off T,Head,Open Play
West Bromwich Albion,José Salomón Rondón Giménez,114.8,40.7,0.1838684,5.246903848937966,Goal,Head,Open Play
Norwich City,Wes Hoolahan,103.2,33.4,0.061986756,18.049930747789585,Wayward,Left Foot,Open Play
Norwich City,Russell Martin,91.0,47.1,0.020986767,29.8564900817226,Off T,Right Foot,Open Play
West Bromwich Albion,Chris Brunt,98.6,26.4,0.029449554,25.355867171130242,Saved,Right Foot,Open Play
Norwich City,Russell Martin,99.1,55.6,0.03853885,26.080069018313587,Off T,Right Foot,Open Play
Norwich City,Ryan Bennett,112.2,46.9,0.039818533,10.413932974625865,Off T,Head,Open Play
Norwich City,Russell Martin,116.1,41.6,0.1481099,4.215447781671604,Off T,Head,Open Play
Norwich City,Nathan Redmond,97.0,44.9,0.027188484,23.516164653276263,Blocked,Right Foot,Open Play
Norwich City,Alexander Banor Tettey,89.7,46.3,0.02394382,30.94802093834111,Saved,Right Foot,Open Play
Norwich City,Dieumerci Mbokani Bezua,104.0,45.4,0.035392158,16.886681142249355,Off T,Head,Open Play
Manchester City,Wilfried Guemiand Bony,98.1,49.3,0.054472484,23.792856070678024,Saved,Left Foot,Open Play
Manchester City,Gnégnéri Yaya Touré,99.4,43.1,0.039747633,20.831946620515325,Blocked,Left Foot,Open Play
Norwich City,Alexander Banor Tettey,107.0,47.3,0.123071104,14.909393012460297,Blocked,Right Foot,Open Play
Norwich City,Sébastien Aymar Bassong Nguena,116.2,44.7,0.1734994,6.044005294504631,Off T,Head,Open Play
Manchester City,Nicolás Hernán Otamendi,109.4,39.4,0.038811993,10.616967551989593,Saved,Head,Open Play
Manchester City,Wilfried Guemiand Bony,103.1,46.0,0.32509223,17.933488227336035,Off T,Right Foot,Open Play
Manchester City,Gnégnéri Yaya Touré,104.9,52.5,0.0709554,19.602550854416876,Blocked,Left Foot,Open Play
Manchester City,Wilfried Guemiand Bony,100.7,50.8,0.051824108,22.11628359376864,Off T,Right Foot,Open Play
Norwich City,Matt Jarvis,103.2,47.1,0.13306908,18.238695128764007,Saved,Right Foot,Open Play
Manchester City,Gnégnéri Yaya Touré,91.0,36.2,0.045223963,29.24790590794493,Saved,Right Foot,Free Kick
Manchester City,Wilfried Guemiand Bony,113.0,39.9,0.19763565,7.000714249274855,Wayward,Head,Open Play
Manchester City,Kelechi Promise Iheanacho,105.0,51.2,0.027689084,18.720042734993957,Blocked,Left Foot,Open Play
Manchester City,Vincent Kompany,110.2,39.8,0.17480338,9.802040603874275,Off T,Head,Open Play
Manchester City,Kevin De Bruyne,113.0,27.1,0.10425139,14.676852523616907,Off T,Left Foot,Open Play
Manchester City,Gnégnéri Yaya Touré,94.4,42.0,0.020924991,25.678006153126447,Off T,Right Foot,Open Play
Manchester City,Wilfried Guemiand Bony,105.4,40.3,0.022587754,14.603081866510227,Wayward,Head,Open Play
Manchester City,Nicolás Hernán Otamendi,109.5,45.5,0.04822109,11.853269591129697,Goal,Head,Open Play
Manchester City,Wilfried Guemiand Bony,111.7,40.2,0.09797245,8.302409288875126,Off T,Head,Open Play
Manchester City,Wilfried Guemiand Bony,103.7,31.3,0.10108175,18.476471524617462,Blocked,Right Foot,Open Play
Manchester City,Wilfried Guemiand Bony,110.8,34.8,0.04924086,10.56787585089833,Off T,Head,Open Play
Norwich City,Cameron Jerome,119.2,41.9,0.93852484,2.061552812808828,Goal,Right Foot,Open Play
Manchester City,Raheem Sterling,103.6,42.0,0.29271457,16.521501142450713,Blocked,Right Foot,Open Play
Manchester City,Gnégnéri Yaya Touré,108.1,40.0,0.7835,11.900000000000006,Goal,Right Foot,Penalty
Manchester City,Wilfried Guemiand Bony,98.5,44.0,0.07167425,21.86892772862904,Blocked,Right Foot,Open Play
Norwich City,Martin Olsson,96.2,30.8,0.023696944,25.51626931978889,Saved,Left Foot,Open Play
Manchester City,Aleksandar Kolarov,108.2,40.1,0.7835,11.800423721205943,Off T,Left Foot,Penalty
Manchester City,David Josué Jiménez Silva,92.0,47.0,0.025104793,28.861739379323623,Blocked,Left Foot,Open Play
Manchester City,David Josué Jiménez Silva,109.8,27.9,0.064761534,15.825612152457172,Wayward,Left Foot,Open Play
Manchester City,Gnégnéri Yaya Touré,100.9,49.9,0.040374268,21.51325173003839,Blocked,Right Foot,Open Play
Manchester City,David Josué Jiménez Silva,110.7,43.8,0.14925604,10.046392387319935,Goal,Right Foot,Open Play
Manchester City,Jesús Navas González,96.0,54.6,0.022991054,28.091991741419832,Blocked,Left Foot,Open Play
Manchester City,Wilfried Guemiand Bony,99.2,46.5,0.044421624,21.79197099851227,Blocked,Right Foot,Open Play
Manchester City,Wilfried Guemiand Bony,108.1,42.0,0.13220054,12.066896867049131,Blocked,Right Foot,Open Play
Manchester City,Gnégnéri Yaya Touré,98.8,39.7,0.0719944,21.202122535255757,Goal,Right Foot,Open Play
West Bromwich Albion,Rickie Lambert,86.7,44.5,0.021853555,33.60267846467004,Off T,Right Foot,Free Kick
Manchester City,Wilfried Guemiand Bony,101.5,34.5,0.07841335,19.300259065618782,Blocked,Left Foot,Open Play
Manchester City,Raheem Sterling,106.6,32.3,0.41158655,15.454772725601636,Saved,Right Foot,Open Play
Manchester City,Aleksandar Kolarov,113.5,28.6,0.13907936,13.122880781291887,Blocked,Left Foot,Open Play
Manchester City,Jesús Navas González,104.0,56.7,0.03557661,23.12768903284546,Blocked,Right Foot,Open Play
Manchester City,Raheem Sterling,115.2,29.1,0.10910677,11.910079764636336,Saved,Right Foot,Open Play
West Bromwich Albion,Rickie Lambert,90.2,40.1,0.033423413,29.800167784762554,Off T,Right Foot,Free Kick
Manchester City,Vincent Kompany,117.0,30.0,0.052862104,10.44030650891055,Goal,Head,Open Play
Manchester City,Aleksandar Kolarov,87.7,47.7,0.026109,33.20512008711909,Off T,Left Foot,Free Kick
Manchester City,Sergio Leonel Agüero del Castillo,103.5,41.9,0.07820632,16.60903368652132,Blocked,Right Foot,Open Play
West Bromwich Albion,Craig Dawson,114.9,40.1,0.18453373,5.100980297942734,Blocked,Head,Open Play
West Bromwich Albion,Craig Gardner,92.5,42.2,0.038931943,27.587859648765797,Off T,Right Foot,Open Play
West Bromwich Albion,Craig Gardner,89.0,52.8,0.012998339,33.53863443850987,Off T,Right Foot,Open Play
West Bromwich Albion,James Morrison,110.0,34.6,0.090908654,11.364858116140297,Saved,Head,Open Play
West Bromwich Albion,James Morrison,110.4,51.5,0.13954903,14.980320423809362,Wayward,Left Foot,Open Play
West Bromwich Albion,Chris Brunt,111.5,28.6,0.11816509,14.220056258679147,Off T,Right Foot,Open Play
West Bromwich Albion,Victor Chinedu Anichebe,94.8,29.0,0.028077235,27.49618155308115,Saved,Left Foot,Open Play
Manchester City,Samir Nasri,99.1,36.3,0.0829242,21.22498527679113,Blocked,Right Foot,Open Play
Manchester City,David Josué Jiménez Silva,108.4,36.2,0.07962755,12.206555615733697,Blocked,Left Foot,Open Play
Manchester City,Sergio Leonel Agüero del Castillo,111.1,32.8,0.105672814,11.447707194019253,Saved,Left Foot,Open Play
Manchester City,Aleksandar Kolarov,95.9,18.4,0.0097377,32.363096267199154,Saved,Left Foot,Free Kick
Crystal Palace,Connor Wickham,115.0,47.6,0.070967756,9.097252332435328,Off T,Head,Open Play
Stoke City,Glen Johnson,101.9,42.1,0.056059584,18.22141597132341,Off T,Right Foot,Open Play
Stoke City,Xherdan Shaqiri,97.9,59.0,0.012058567,29.144639301250578,Off T,Left Foot,Open Play
Stoke City,Xherdan Shaqiri,102.3,30.7,0.046681594,19.994499243541963,Blocked,Left Foot,Open Play
Stoke City,Bojan Krkíc Pérez,82.0,20.6,0.005597853,42.66567707185718,Blocked,Right Foot,Open Play
Stoke City,Bojan Krkíc Pérez,96.8,36.4,0.042257622,23.477648945326706,Saved,Right Foot,Open Play
Stoke City,Ryan Shawcross,111.5,39.7,0.0711262,8.505292469985967,Off T,Head,Open Play
Stoke City,Ibrahim Afellay,99.7,52.9,0.03416982,24.05202694161138,Off T,Right Foot,Open Play
Stoke City,Marco van Ginkel,110.2,32.8,0.07962172,12.160592090848208,Post,Right Foot,Open Play
Crystal Palace,Yannick Bolasie Yala,93.7,16.9,0.0062331874,35.00428545192717,Off T,Right Foot,Open Play
Crystal Palace,Connor Wickham,108.1,40.1,0.7835,11.900420160649796,Goal,Right Foot,Penalty
Crystal Palace,Yannick Bolasie Yala,97.1,23.9,0.024111679,27.99321346326642,Off T,Right Foot,Open Play
Stoke City,Ibrahim Afellay,96.2,31.4,0.028780026,25.30612574061861,Off T,Left Foot,Open Play
Stoke City,Xherdan Shaqiri,100.1,51.0,0.048597846,22.737853900489384,Saved,Left Foot,Open Play
Stoke City,Glenn Whelan,97.4,22.5,0.015801504,28.583386783234765,Blocked,Right Foot,Open Play
Stoke City,Marko Arnautović,89.3,30.8,0.024669113,32.04886893480018,Off T,Right Foot,Free Kick
Crystal Palace,James McArthur,113.8,43.9,0.3753046,7.324616030891996,Off T,Right Foot,Open Play
Crystal Palace,Yannick Bolasie Yala,102.9,28.7,0.08327862,20.496341136895623,Off T,Left Foot,Open Play
Stoke City,Glen Johnson,95.6,53.4,0.02306521,27.83738493465218,Blocked,Left Foot,Open Play
Stoke City,Philipp Wollscheid,104.6,44.4,0.044860028,16.016241756417145,Blocked,Left Foot,Open Play
Crystal Palace,James McArthur,112.1,44.5,0.10152501,9.09175450614457,Blocked,Left Foot,Open Play
Crystal Palace,Marouane Chamakh,93.8,41.9,0.033699803,26.268802789621002,Off T,Right Foot,Open Play
Stoke City,Marko Arnautović,104.5,28.6,0.055245496,19.240841977418764,Blocked,Right Foot,Open Play
Stoke City,Bojan Krkíc Pérez,108.2,35.3,0.44325647,12.701574705523718,Saved,Right Foot,Open Play
Stoke City,Marko Arnautović,115.2,48.2,0.075612664,9.501578816175764,Blocked,Right Foot,Open Play
Stoke City,Bojan Krkíc Pérez,108.1,40.1,0.7835,11.900420160649796,Goal,Right Foot,Penalty
Stoke City,Charlie Adam,98.8,23.4,0.023297299,26.925824035672523,Blocked,Left Foot,Open Play
Stoke City,Ryan Shawcross,113.5,44.0,0.24373353,7.632168761236874,Saved Off Target,Head,Open Play
Stoke City,Charlie Adam,90.0,44.6,0.035104163,30.350617786134105,Off T,Left Foot,Free Kick
Stoke City,Charlie Adam,95.7,29.1,0.031394195,26.632686683847723,Blocked,Left Foot,Open Play
Stoke City,Ryan Shawcross,114.9,43.4,0.15435992,6.129437168288776,Off T,Head,Open Play
Crystal Palace,Yannick Bolasie Yala,107.9,29.5,0.35557494,16.0206117236515,Saved,Left Foot,Open Play
Crystal Palace,Damien Delaney,108.1,33.6,0.08485871,13.511846653955192,Blocked,Right Foot,Open Play
Crystal Palace,Chung-Yong Lee,94.0,53.9,0.03418787,29.482367611845557,Goal,Right Foot,Open Play
Stoke City,Xherdan Shaqiri,100.7,43.2,0.060456693,19.56348639685677,Blocked,Left Foot,Open Play
Stoke City,Charlie Adam,100.0,36.1,0.06679336,20.37670238286853,Blocked,Left Foot,Open Play
Liverpool,Martin Škrtel,99.4,41.0,0.04570266,20.624257562394817,Blocked,Right Foot,Open Play
Liverpool,Christian Benteke Liolo,116.9,41.4,0.58307284,3.401470270338984,Off T,Right Foot,Open Play
Liverpool,Nathaniel Edwin Clyne,90.8,56.5,0.0064893514,33.5393798392278,Blocked,Right Foot,Open Play
Newcastle United,Chancel Mbemba Mangulu,115.4,38.7,0.17002915,4.780167361086842,Off T,Head,Open Play
Newcastle United,Georginio Wijnaldum,88.6,50.8,0.025187815,33.2054212441282,Off T,Right Foot,Free Kick
Liverpool,Jordon Ibe,99.5,21.7,0.014474561,27.479810770818638,Off T,Right Foot,Open Play
Liverpool,Roberto Firmino Barbosa de Oliveira,103.6,20.4,0.010332175,25.556212551941268,Off T,Right Foot,Open Play
Newcastle United,Georginio Wijnaldum,114.5,48.9,0.10171444,10.462313319720451,Off T,Right Foot,Open Play
Liverpool,Joe Allen,98.2,39.6,0.061427988,21.803669415949233,Off T,Right Foot,Open Play
Newcastle United,Georginio Wijnaldum,95.7,40.3,0.037497476,24.30185178129436,Blocked,Right Foot,Open Play
Newcastle United,Georginio Wijnaldum,112.6,53.1,0.07685874,15.04559736268388,Blocked,Right Foot,Open Play
Liverpool,Daniel Andre Sturridge,87.5,39.0,0.020082152,32.515380975778214,Off T,Left Foot,Open Play
Liverpool,Daniel Andre Sturridge,110.1,52.2,0.14033316,15.711460785044789,Off T,Right Foot,Open Play
Liverpool,Dejan Lovren,115.5,43.5,0.1674033,5.70087712549569,Off T,Head,Open Play
Liverpool,Dejan Lovren,108.8,36.2,0.067010865,11.827087553578018,Saved,Head,Open Play
Newcastle United,Georginio Wijnaldum,106.6,33.4,0.475783,14.937201879870278,Goal,Right Foot,Open Play
Manchester United,Juan Manuel Mata García,95.6,41.3,0.023646608,24.434606606205065,Wayward,Left Foot,Open Play
Manchester United,Wayne Mark Rooney,104.8,23.3,0.032663077,22.581629702038782,Saved,Right Foot,Open Play
Leicester City,N''Golo Kanté,98.0,27.5,0.035192795,25.30316185775999,Blocked,Right Foot,Open Play
Manchester United,Wayne Mark Rooney,97.0,36.7,0.036593255,23.235533133543548,Saved Off Target,Right Foot,Open Play
Manchester United,Bastian Schweinsteiger,110.6,31.5,0.09514493,12.673200069437874,Blocked,Right Foot,Open Play
Manchester United,Chris Smalling,111.2,36.4,0.06502883,9.507891459203769,Wayward,Head,Open Play
Leicester City,Jamie Vardy,107.8,53.0,0.14171019,17.828067758453244,Goal,Right Foot,Open Play
Manchester United,Bastian Schweinsteiger,95.2,30.7,0.021193385,26.486411610484343,Off T,Right Foot,Open Play
Leicester City,Riyad Mahrez,113.9,23.0,0.015576049,18.06128456118224,Saved,Left Foot,Open Play
Manchester United,Wayne Mark Rooney,110.4,40.3,0.0779977,9.604686356149267,Off T,Head,Open Play
Manchester United,Bastian Schweinsteiger,114.7,38.8,0.23693356,5.434151267677408,Goal,Head,Open Play
Manchester United,Bastian Schweinsteiger,110.9,38.2,0.070025995,9.276313923105443,Saved,Head,Open Play
Leicester City,José Leonardo Ulloa,108.3,37.5,0.14392132,11.964113005150029,Saved,Right Foot,Open Play
Leicester City,Marc Albrighton,95.8,23.5,0.014781401,29.289759302527568,Blocked,Right Foot,Open Play
Leicester City,José Leonardo Ulloa,99.5,48.3,0.060664363,22.116509670379727,Off T,Left Foot,Open Play
Manchester United,Juan Manuel Mata García,110.4,49.4,0.096640624,13.43577314485474,Blocked,Left Foot,Open Play
Manchester United,Memphis Depay,110.8,47.5,0.097055145,11.869709347747317,Off T,Right Foot,Open Play
Leicester City,Danny Drinkwater,91.3,39.9,0.027541611,28.700174215499114,Off T,Right Foot,Open Play
Manchester United,Matteo Darmian,97.5,50.3,0.02557665,24.74550464225775,Off T,Left Foot,Open Play
Aston Villa,Leandro Bacuna,96.4,25.5,0.023163987,27.69855591903664,Saved,Left Foot,Open Play
Norwich City,Robert Brady,101.8,49.9,0.0909907,20.718349355100663,Blocked,Left Foot,Free Kick
Aston Villa,Kieran Richardson,91.6,26.6,0.018973691,31.402547667346994,Off T,Left Foot,Open Play
Aston Villa,Jordan Ayew,108.5,41.8,0.083517976,11.640017182117901,Saved,Head,Open Play
Norwich City,Robert Brady,99.2,22.8,0.022749342,26.99036865253974,Off T,Right Foot,Open Play
Norwich City,Jonathan Howson,108.9,48.9,0.13756981,14.22743827960606,Goal,Right Foot,Open Play
Aston Villa,Kieran Richardson,96.5,22.0,0.010248805,29.60152023123137,Off T,Left Foot,Open Play
Norwich City,Graham Dorrans,108.5,46.7,0.066114254,13.309395177843358,Off T,Right Foot,Open Play
Norwich City,Nathan Redmond,96.2,22.9,0.019005386,29.306142700805918,Saved,Right Foot,Open Play
Norwich City,Jonathan Howson,99.5,40.3,0.08238072,20.50219500443794,Off T,Right Foot,Open Play
Norwich City,Sébastien Aymar Bassong Nguena,115.8,29.4,0.031909067,11.401754250991383,Off T,Head,Open Play
Norwich City,Nathan Redmond,92.0,24.9,0.017123958,31.812104614438827,Saved,Right Foot,Free Kick
Aston Villa,Adama Traoré Diarra,103.1,52.4,0.04082628,20.961154548354443,Blocked,Left Foot,Open Play
Aston Villa,Micah Richards,112.8,39.3,0.093333885,7.233947746562733,Off T,Head,Open Play
Norwich City,Dieumerci Mbokani Bezua,110.4,44.5,0.11326719,10.60235822824337,Goal,Head,Open Play
Aston Villa,Jordan Ayew,92.1,32.9,0.046526182,28.78923409887801,Saved,Right Foot,Free Kick
Southampton,Sadio Mané,112.2,52.0,0.06368191,14.312232530251874,Blocked,Right Foot,Open Play
Southampton,Sadio Mané,91.2,39.2,0.027273618,28.811108968590567,Blocked,Right Foot,Open Play
Southampton,Sadio Mané,103.6,41.2,0.12330739,16.44384383287558,Saved,Right Foot,Open Play
Tottenham Hotspur,Christian Dannemann Eriksen,103.7,58.7,0.010451288,24.806853891616324,Off T,Right Foot,Open Play
Tottenham Hotspur,Erik Lamela,105.9,29.9,0.052012883,17.34416328336423,Blocked,Left Foot,Open Play
Southampton,Sadio Mané,108.5,31.9,0.11859278,14.06627171641441,Blocked,Left Foot,Open Play
Tottenham Hotspur,Erik Lamela,112.6,21.8,0.011292705,19.646882704388503,Wayward,Left Foot,Open Play
Tottenham Hotspur,Bamidele Alli,92.2,42.1,0.027930297,27.879203718901294,Off T,Right Foot,Open Play
Tottenham Hotspur,Christian Dannemann Eriksen,88.3,41.5,0.025911747,31.73546911580165,Blocked,Right Foot,Free Kick
Tottenham Hotspur,Toby Alderweireld,105.2,27.1,0.030166976,19.632880583347923,Off T,Head,Open Play
Tottenham Hotspur,Harry Kane,107.2,56.1,0.036916338,20.56817930688081,Saved,Right Foot,Open Play
Tottenham Hotspur,Harry Kane,103.5,34.4,0.5023501,17.424408167854654,Goal,Right Foot,Open Play
Tottenham Hotspur,Bamidele Alli,114.9,34.1,0.472016,7.798717843338091,Goal,Right Foot,Open Play
Southampton,Steven Davis,97.1,31.3,0.03701559,24.496938584239466,Blocked,Left Foot,Open Play
Southampton,Graziano Pellè,99.5,34.4,0.064816475,21.25111761766896,Saved,Right Foot,Open Play
Southampton,Graziano Pellè,107.1,38.7,0.0872378,12.96533840669036,Off T,Head,Open Play
Tottenham Hotspur,Erik Lamela,103.0,63.2,0.0084862225,28.76178019525217,Blocked,Left Foot,Free Kick
Southampton,Graziano Pellè,104.4,32.7,0.05451752,17.22353041626483,Blocked,Right Foot,Open Play
Tottenham Hotspur,Christian Dannemann Eriksen,95.3,53.4,0.023387587,28.100711734758608,Saved,Right Foot,Open Play
Tottenham Hotspur,Tom Carroll,108.0,48.6,0.09076638,14.763468427168462,Saved,Right Foot,Open Play
Southampton,James Ward-Prowse,106.4,42.8,0.21294688,13.885243966167819,Saved,Right Foot,Open Play
Southampton,Sadio Mané,108.3,51.1,0.07009736,16.12761606685874,Blocked,Left Foot,Open Play
Southampton,Shane Long,106.6,39.1,0.18604238,13.43018987207553,Saved,Left Foot,Open Play
Watford,Troy Deeney,97.6,39.9,0.050582938,22.400223213173575,Off T,Right Foot,Open Play
Aston Villa,Jordan Ayew,113.5,55.3,0.024461076,16.623477373882995,Saved,Right Foot,Open Play
Aston Villa,Scott Sinclair,113.2,48.6,0.06393037,10.963576058932595,Wayward,Head,Open Play
Watford,Odion Jude Ighalo,109.5,47.9,0.3925691,13.140015220691335,Saved,Right Foot,Open Play
Watford,Ben Watson,95.4,41.6,0.03404474,24.651977608297468,Blocked,Right Foot,Open Play
Watford,Odion Jude Ighalo,111.9,42.3,0.35825562,8.420213774008348,Goal,Right Foot,Open Play
Aston Villa,Carlos Alberto Sánchez Moreno,113.0,48.0,0.06411129,10.63014581273465,Blocked,Head,Open Play
Aston Villa,Jordan Veretout,99.9,57.7,0.017013237,26.78245694479877,Blocked,Right Foot,Open Play
Aston Villa,Jordan Ayew,113.7,40.3,0.51958305,6.3071388124885885,Off T,Right Foot,Open Play
Watford,Etienne Capoue,110.1,45.1,0.43550393,11.136426715962358,Saved,Right Foot,Open Play
Aston Villa,Idrissa Gana Gueye,93.7,25.7,0.024494536,29.936265632172624,Off T,Right Foot,Open Play
Aston Villa,Jordan Ayew,97.8,27.8,0.03598397,25.331403435261933,Saved,Right Foot,Open Play
Aston Villa,Scott Sinclair,97.4,31.1,0.05254789,24.28929805490475,Saved,Right Foot,Open Play
Aston Villa,Jordan Ayew,115.4,50.1,0.09827758,11.098198051936178,Wayward,Right Foot,Open Play
Aston Villa,Ciaran Clark,116.0,35.0,0.58242095,6.4031242374328485,Off T,Left Foot,Open Play
Aston Villa,Carlos Alberto Sánchez Moreno,95.0,42.0,0.025589464,25.079872407968907,Saved,Head,Open Play
Aston Villa,Micah Richards,113.7,38.4,0.26421618,6.499999999999997,Goal,Head,Open Play
Watford,Craig Cathcart,110.3,35.5,0.036027785,10.692988356862644,Blocked,Head,Open Play
Watford,Ben Watson,92.1,30.1,0.021513881,29.604391566117354,Blocked,Right Foot,Open Play
Watford,Troy Deeney,109.2,42.5,0.06781671,11.085576214162254,Blocked,Right Foot,Open Play
Aston Villa,Micah Richards,110.2,39.4,0.0700618,9.818350166906859,Wayward,Head,Open Play
Watford,Troy Deeney,101.9,52.3,0.044653542,21.883783950679092,Off T,Right Foot,Open Play
Watford,Odion Jude Ighalo,103.7,31.1,0.04890177,18.571483516402232,Blocked,Left Foot,Open Play
Watford,Troy Deeney,108.8,42.5,0.06669506,11.475626344561766,Goal,Head,Open Play
Aston Villa,Jordan Ayew,101.6,32.5,0.062371682,19.869826370655588,Goal,Right Foot,Open Play
Watford,Adlène Guédioura,108.8,25.6,0.06783189,18.24280680158621,Saved,Right Foot,Open Play
Watford,Adlène Guédioura,92.9,40.8,0.017507818,27.111805546661767,Saved,Right Foot,Open Play
Watford,Nathan Aké,97.2,53.2,0.026234414,26.345398080120177,Blocked,Left Foot,Open Play
Watford,Troy Deeney,95.3,31.7,0.04196552,26.057244673986546,Blocked,Right Foot,Open Play
AFC Bournemouth,Dan Gosling,106.7,38.6,0.055063702,13.373481222179958,Off T,Left Foot,Open Play
AFC Bournemouth,Matt Ritchie,95.9,47.3,0.049586233,25.181342299408897,Saved,Left Foot,Open Play
AFC Bournemouth,Joshua King,96.0,35.9,0.05948154,24.347689828811276,Saved,Right Foot,Open Play
Everton,Arouna Koné,107.5,26.3,0.053830046,18.545619428857044,Saved,Right Foot,Open Play
Everton,Romelu Lukaku Menama,114.2,43.4,0.12688246,6.723094525588641,Saved,Head,Open Play
Everton,Ross Barkley,92.7,38.8,0.026785946,27.326360899322104,Blocked,Right Foot,Open Play
Everton,James McCarthy,105.2,25.4,0.07067055,20.78942038634074,Saved,Left Foot,Open Play
Everton,José Ramiro Funes Mori,113.3,41.5,0.08953459,6.865857557508751,Goal,Head,Open Play
Everton,Romelu Lukaku Menama,113.5,49.3,0.11423534,11.34636505670428,Goal,Right Foot,Open Play
AFC Bournemouth,Steve Cook,113.6,40.0,0.13434125,6.400000000000006,Saved,Head,Open Play
AFC Bournemouth,Harry Arter,100.6,26.0,0.02812155,23.924046480476505,Off T,Left Foot,Open Play
AFC Bournemouth,Joshua King,106.5,30.2,0.13517584,16.68202625582396,Blocked,Left Foot,Open Play
AFC Bournemouth,Matt Ritchie,96.3,35.0,0.036651347,24.221684499637927,Saved,Left Foot,Open Play
Everton,Romelu Lukaku Menama,111.9,23.3,0.016156722,18.56071119327058,Wayward,Left Foot,Open Play
Everton,Séamus Coleman,97.4,54.3,0.022540381,26.744158240632657,Blocked,Left Foot,Open Play
AFC Bournemouth,Dan Gosling,108.4,37.5,0.077987686,11.866338946785561,Saved,Head,Open Play
AFC Bournemouth,Charlie Daniels,107.4,22.6,0.035584312,21.483016547961782,Saved,Left Foot,Open Play
AFC Bournemouth,Junior Stanislas,102.3,26.7,0.04669816,22.140009033421826,Blocked,Right Foot,Open Play
AFC Bournemouth,Andrew Surman,105.0,30.4,0.057667058,17.808986495586996,Blocked,Left Foot,Open Play
Everton,Arouna Koné,94.0,37.6,0.03499218,26.110534272588144,Blocked,Right Foot,Open Play
AFC Bournemouth,Matt Ritchie,106.7,39.3,0.086198434,13.31840831330831,Saved,Left Foot,Open Play
AFC Bournemouth,Junior Stanislas,98.9,31.6,0.042606443,22.710570226218447,Blocked,Right Foot,Open Play
AFC Bournemouth,Adam Smith,97.5,56.1,0.018571923,27.666947789736405,Goal,Right Foot,Open Play
AFC Bournemouth,Charlie Daniels,104.8,26.4,0.03854697,20.39607805437114,Off T,Left Foot,Open Play
AFC Bournemouth,Junior Stanislas,111.4,44.8,0.12619545,9.848857801796099,Goal,Right Foot,Open Play
Everton,Romelu Lukaku Menama,96.8,28.1,0.029970357,26.073933343475435,Blocked,Left Foot,Open Play
AFC Bournemouth,Glenn Murray,112.9,39.1,0.08007654,7.156814934033149,Blocked,Head,Open Play
AFC Bournemouth,Charlie Daniels,115.7,45.0,0.16213556,6.594694837519017,Off T,Head,Open Play
Everton,Ross Barkley,113.0,49.9,0.11732264,12.124768039018313,Goal,Right Foot,Open Play
AFC Bournemouth,Junior Stanislas,112.9,41.1,0.15768006,7.184705978674417,Goal,Head,Open Play
Leicester City,Shinji Okazaki,112.7,45.4,0.0949728,9.080198235721506,Off T,Left Foot,Open Play
Leicester City,Marcin Ryszard Wasilewski,110.1,45.9,0.04159231,11.52475596270915,Off T,Head,Open Play
Everton,Ross Barkley,109.1,33.3,0.112989046,12.79453008124957,Off T,Left Foot,Open Play
Leicester City,Riyad Mahrez,108.0,40.0,0.7835,12.0,Goal,Left Foot,Penalty
Everton,Romelu Lukaku Menama,107.2,44.1,0.10226524,13.440610105199836,Off T,Right Foot,Open Play
Everton,Ross Barkley,112.7,33.0,0.2472509,10.11385188738692,Saved,Right Foot,Open Play
Everton,Ross Barkley,113.6,32.3,0.113817975,10.012492197250399,Blocked,Left Foot,Open Play
Everton,Romelu Lukaku Menama,111.7,45.3,0.24777251,9.84784240328814,Goal,Left Foot,Open Play
Everton,Romelu Lukaku Menama,116.3,42.5,0.18044521,4.465422712353224,Off T,Head,Open Play
Leicester City,Shinji Okazaki,97.3,55.3,0.018809892,27.374805935385186,Off T,Left Foot,Open Play
Leicester City,Andrew Philip King,92.3,24.1,0.009485928,31.939004367700633,Off T,Right Foot,Open Play
Leicester City,Christian Fuchs,93.8,32.1,0.020013442,27.365123789232165,Saved,Right Foot,Open Play
Leicester City,Jamie Vardy,102.5,27.1,0.06673946,21.740745157422733,Off T,Right Foot,Open Play
Leicester City,Riyad Mahrez,108.1,39.7,0.7835,11.90378091196239,Goal,Left Foot,Penalty
Everton,Romelu Lukaku Menama,111.2,35.7,0.083129756,9.794386147176347,Wayward,Head,Open Play
Leicester City,Shinji Okazaki,107.4,35.9,0.1401042,13.250283015845355,Goal,Left Foot,Open Play
Everton,Romelu Lukaku Menama,113.1,53.2,0.10747358,14.894629904767696,Off T,Right Foot,Open Play
Everton,Ross Barkley,97.4,48.2,0.047967795,24.04163056034261,Blocked,Right Foot,Open Play
Everton,Romelu Lukaku Menama,92.7,42.0,0.050897427,27.373162038756135,Off T,Left Foot,Free Kick
Everton,Romelu Lukaku Menama,112.8,46.3,0.16286804,9.567131231461184,Blocked,Left Foot,Open Play
Everton,Kevin Mirallas,106.4,28.3,0.09373425,17.940178371465535,Goal,Right Foot,Open Play
Everton,Gareth Barry,102.3,35.1,0.06225902,18.365728953678918,Blocked,Left Foot,Open Play
Everton,Ross Barkley,99.9,43.5,0.07817144,20.402450833171972,Saved,Left Foot,Open Play
Leicester City,José Leonardo Ulloa,106.3,39.3,0.41201138,13.717871555019025,Saved,Right Foot,Open Play
Leicester City,Jamie Vardy,109.7,43.8,0.12691802,10.978615577567142,Blocked,Right Foot,Open Play
Newcastle United,Moussa Sissoko,102.4,32.1,0.06392977,19.291708063310512,Blocked,Right Foot,Open Play
Leicester City,José Leonardo Ulloa,113.6,40.1,0.4375519,6.40078120232211,Blocked,Right Foot,Open Play
Leicester City,Danny Drinkwater,92.1,43.3,0.030989408,28.094483444263577,Saved,Right Foot,Open Play
Newcastle United,Moussa Sissoko,87.4,38.8,0.019137535,32.62207841324644,Blocked,Right Foot,Open Play
Newcastle United,Ayoze Pérez Gutiérrez,103.4,42.2,0.07558901,16.74514855114758,Off T,Right Foot,Open Play
Leicester City,Jamie Vardy,111.9,24.5,0.02690397,17.488853593074644,Blocked,Left Foot,Open Play
Leicester City,Danny Drinkwater,102.5,49.3,0.03753353,19.817668884104407,Blocked,Right Foot,Open Play
Newcastle United,Aleksandar Mitrović,96.9,35.8,0.034991793,23.478713763747788,Blocked,Left Foot,Open Play
Leicester City,Jamie Vardy,113.4,30.3,0.29750672,11.732433677630567,Saved,Left Foot,Open Play
Leicester City,José Leonardo Ulloa,114.8,48.1,0.045914866,9.625487000666515,Off T,Head,Open Play
Leicester City,Jamie Vardy,107.2,27.9,0.1296082,17.613914953808536,Goal,Right Foot,Open Play
Leicester City,José Leonardo Ulloa,114.8,44.1,0.12810497,6.621933252457325,Blocked,Head,Open Play
Leicester City,Jamie Vardy,111.6,51.2,0.160338,14.000000000000005,Post,Right Foot,Open Play
Leicester City,José Leonardo Ulloa,113.7,34.3,0.17318913,8.495881355103776,Goal,Head,Open Play
Newcastle United,Florian Thauvin,96.6,54.2,0.020883918,27.37151804339687,Off T,Left Foot,Open Play
Newcastle United,Papiss Demba Cissé,107.6,28.0,0.038656943,17.255723688098396,Blocked,Right Foot,Open Play
Leicester City,Riyad Mahrez,92.5,43.6,0.036536377,27.73463538610162,Off T,Left Foot,Open Play
Leicester City,Jamie Vardy,110.4,27.1,0.05368501,16.08011193990887,Blocked,Left Foot,Open Play
Newcastle United,Florian Thauvin,102.6,41.4,0.06342099,17.45623097922344,Blocked,Left Foot,Open Play
Newcastle United,Georginio Wijnaldum,112.5,42.6,0.0914324,7.937883848986454,Saved,Head,Open Play
Leicester City,Marc Albrighton,106.2,24.5,0.05489439,20.75307206174546,Off T,Left Foot,Open Play
Leicester City,Riyad Mahrez,96.8,45.3,0.08783229,23.79768896342668,Blocked,Left Foot,Free Kick
Leicester City,Wes Morgan,116.2,42.6,0.50043,4.604345773288534,Off T,Right Foot,Open Play
Leicester City,Danny Simpson,115.9,50.3,0.085843034,11.086027241532465,Saved,Right Foot,Open Play
Leicester City,Shinji Okazaki,118.9,40.3,0.75934,1.1401754250991318,Goal,Right Foot,Open Play
Newcastle United,Fabricio Coloccini,104.4,55.1,0.022006404,21.711057090800526,Off T,Right Foot,Open Play
Sunderland,Steven Fletcher,108.5,26.8,0.03631839,17.50685579994306,Saved,Left Foot,Open Play
Sunderland,Jermain Defoe,100.1,47.5,0.053132825,21.266405432042347,Off T,Right Foot,Open Play
Stoke City,Bojan Krkíc Pérez,92.6,28.0,0.025032269,29.912539176739916,Off T,Right Foot,Open Play
Stoke City,Jonathan Walters,115.8,37.0,0.66085654,5.161395160225578,Saved,Right Foot,Open Play
Sunderland,Yann Gérard M''Vila,93.8,45.7,0.025801212,26.81287004406653,Blocked,Right Foot,Open Play
Sunderland,Duncan Watmore,108.1,56.5,0.040265065,20.34354934616868,Blocked,Left Foot,Open Play
Sunderland,Patrick van Aanholt,96.4,56.3,0.03817682,28.68187581034406,Blocked,Left Foot,Free Kick
Stoke City,Charlie Adam,115.5,31.4,0.06446001,9.706183596038148,Off T,Head,Open Play
Sunderland,Yann Gérard M''Vila,98.0,50.7,0.067085125,24.464055264816583,Blocked,Right Foot,Free Kick
Stoke City,Xherdan Shaqiri,95.1,61.4,0.009532813,32.832453456907544,Off T,Left Foot,Free Kick
Sunderland,Yann Gérard M''Vila,96.4,34.8,0.053172205,24.16609194718914,Off T,Right Foot,Open Play
Sunderland,Yann Gérard M''Vila,107.0,50.8,0.093706146,16.900887550658396,Saved,Right Foot,Open Play
Sunderland,Jeremain Lens,112.0,54.7,0.037046548,16.73588957898564,Blocked,Right Foot,Open Play
Sunderland,Sebastián Coates Nión,116.6,43.9,0.32778427,5.173973328110614,Saved,Head,Open Play
Stoke City,Jonathan Walters,105.1,51.5,0.089272745,18.821795876058165,Saved,Right Foot,Open Play
Stoke City,Glen Johnson,89.0,43.5,0.016276179,31.196954979612993,Saved,Left Foot,Open Play
Sunderland,Jeremain Lens,98.1,39.6,0.09318991,21.903652663425802,Blocked,Right Foot,Open Play
Sunderland,Jeremain Lens,101.9,29.4,0.030412681,20.975461854271526,Off T,Right Foot,Open Play
Sunderland,DeAndre Yedlin,114.9,49.7,0.09923351,10.959014554237985,Off T,Right Foot,Open Play
Sunderland,Jeremain Lens,98.2,21.8,0.010583049,28.398591514369155,Off T,Right Foot,Open Play
Sunderland,Patrick van Aanholt,93.1,47.7,0.026955068,27.98035024798654,Goal,Left Foot,Open Play
Sunderland,Duncan Watmore,112.5,53.5,0.07499326,15.443445211480501,Goal,Right Foot,Open Play
Sunderland,Jeremain Lens,102.9,26.0,0.06640502,22.099999999999994,Off T,Right Foot,Open Play
Sunderland,Adam Johnson,92.5,48.4,0.033816222,28.754304025658488,Off T,Left Foot,Open Play
Stoke City,Jonathan Walters,116.9,33.5,0.1076144,7.201388754955531,Blocked,Head,Open Play
Southampton,Victor Wanyama,89.5,40.2,0.020462412,30.50065573065602,Blocked,Right Foot,Open Play
Crystal Palace,Yohan Cabaye,114.8,61.3,0.0055796206,21.925555865245467,Saved,Right Foot,Open Play
Crystal Palace,Connor Wickham,110.8,45.5,0.04792326,10.718675291284836,Saved,Head,Open Play
Crystal Palace,Wilfried Zaha,105.9,54.9,0.048170462,20.513897728125677,Off T,Right Foot,Open Play
Southampton,Shane Long,102.8,27.7,0.069984764,21.145448682872637,Off T,Right Foot,Open Play
Southampton,Steven Davis,113.2,42.4,0.1571499,7.211102550927975,Saved,Head,Open Play
Southampton,Shane Long,99.1,54.0,0.026598644,25.15571505642406,Blocked,Right Foot,Open Play
Southampton,Sadio Mané,104.7,29.4,0.056677848,18.613167382259256,Off T,Left Foot,Open Play
Crystal Palace,Yohan Cabaye,115.7,41.9,0.6582711,4.7010637094172605,Goal,Right Foot,Open Play
Southampton,José Miguel da Rocha Fonte,106.8,24.3,0.04322882,20.511703976023057,Blocked,Right Foot,Open Play
Southampton,Victor Wanyama,98.9,29.5,0.03268256,23.568198912941988,Off T,Right Foot,Open Play
Southampton,Victor Wanyama,100.1,54.7,0.023914387,24.740654801358843,Off T,Right Foot,Open Play
Crystal Palace,Jason Puncheon,115.7,28.3,0.049760506,12.46515142306743,Blocked,Right Foot,Open Play
Crystal Palace,Yannick Bolasie Yala,111.7,52.0,0.080502346,14.590750494748375,Blocked,Left Foot,Open Play
Southampton,Shane Long,104.5,39.7,0.06558431,15.50290295396317,Off T,Left Foot,Open Play
Southampton,Virgil van Dijk,91.1,53.4,0.01725039,31.85545479191908,Off T,Right Foot,Open Play
Southampton,Oriol Romeu Vidal,96.3,28.3,0.03142595,26.430664009820113,Saved,Left Foot,Open Play
Crystal Palace,Wilfried Zaha,104.0,52.3,0.028033616,20.18142710513803,Blocked,Right Foot,Open Play
Southampton,Sadio Mané,105.9,58.0,0.01845456,22.865038814749468,Off T,Left Foot,Open Play
Crystal Palace,Yannick Bolasie Yala,88.9,39.9,0.019271607,31.10016077128862,Blocked,Right Foot,Open Play
Crystal Palace,Joel Ward,101.7,50.7,0.037682,21.19858485842864,Blocked,Left Foot,Open Play
Crystal Palace,Wilfried Zaha,104.6,44.9,0.11936194,16.160754932861277,Off T,Right Foot,Open Play
Crystal Palace,Yohan Cabaye,101.4,58.0,0.0279516,25.883585532147585,Saved,Right Foot,Open Play
Crystal Palace,Connor Wickham,101.4,24.7,0.04225336,24.084227203711556,Saved,Left Foot,Open Play
Crystal Palace,Yannick Bolasie Yala,109.1,54.3,0.039195538,17.980545041794482,Saved,Right Foot,Open Play
Southampton,Sadio Mané,104.7,33.0,0.035389278,16.8252786009623,Blocked,Right Foot,Open Play
Southampton,Shane Long,106.9,50.0,0.2718469,16.480594649465772,Saved,Right Foot,Open Play
Southampton,Shane Long,113.9,46.8,0.070787214,9.135097153287418,Off T,Head,Open Play
Arsenal,Alex Oxlade-Chamberlain,99.2,57.9,0.012977139,27.44175650354765,Blocked,Right Foot,Open Play
Arsenal,Theo Walcott,110.8,47.0,0.18866183,11.560276813294742,Saved,Right Foot,Open Play
Newcastle United,Moussa Sissoko,104.4,57.2,0.04286449,23.220680437919988,Off T,Right Foot,Open Play
Arsenal,Alexis Alejandro Sánchez Sánchez,62.9,25.3,0.0029786641,58.96185207403173,Saved,Right Foot,Open Play
Arsenal,Alexis Alejandro Sánchez Sánchez,90.0,37.5,0.034568023,30.103986446980738,Blocked,Right Foot,Free Kick
Arsenal,Alexis Alejandro Sánchez Sánchez,91.4,46.2,0.026376678,29.26431273753067,Saved,Right Foot,Open Play
Arsenal,Theo Walcott,115.0,34.8,0.44730178,7.2138755187485755,Off T,Right Foot,Open Play
Arsenal,Aaron Ramsey,104.1,46.1,0.04147695,17.029973576021785,Blocked,Right Foot,Open Play
Arsenal,Francis Joseph Coquelin,95.4,41.2,0.024668336,24.629250902128547,Blocked,Right Foot,Open Play
Arsenal,Theo Walcott,114.1,45.8,0.19624493,8.273451516749224,Off T,Right Foot,Open Play
Arsenal,Alexis Alejandro Sánchez Sánchez,103.4,51.9,0.044985857,20.424739900424676,Blocked,Right Foot,Open Play
Arsenal,Santiago Cazorla González,103.0,34.0,0.06012873,18.027756377319946,Blocked,Right Foot,Open Play
Arsenal,Aaron Ramsey,99.1,44.2,0.04632076,21.31783291050008,Saved,Right Foot,Open Play
Arsenal,Alex Oxlade-Chamberlain,108.5,55.4,0.046687517,19.22004162326398,Blocked,Right Foot,Open Play
Arsenal,Alexis Alejandro Sánchez Sánchez,110.6,34.6,0.091152355,10.840664186294127,Saved,Left Foot,Open Play
Arsenal,Santiago Cazorla González,105.5,55.3,0.041100107,21.07937380474097,Saved,Left Foot,Open Play
Arsenal,Olivier Giroud,104.3,19.8,0.009693767,25.58378392654222,Off T,Left Foot,Open Play
Arsenal,Alexis Alejandro Sánchez Sánchez,116.9,30.6,0.06903243,9.897979591815693,Blocked,Left Foot,Open Play
Arsenal,Olivier Giroud,103.2,32.2,0.09671238,18.522418848519756,Saved,Left Foot,Open Play
Arsenal,Santiago Cazorla González,89.0,38.8,0.028831653,31.023217112349908,Saved,Right Foot,Free Kick
Arsenal,Alexis Alejandro Sánchez Sánchez,99.4,27.4,0.046618063,24.14787775354182,Blocked,Right Foot,Open Play
Arsenal,Ignacio Monreal Eraso,103.3,27.9,0.043829687,20.622802913280243,Saved,Left Foot,Open Play
Arsenal,Olivier Giroud,106.1,50.4,0.290064,17.360011520733508,Saved,Left Foot,Open Play
Manchester United,Morgan Schneiderlin,97.4,49.9,0.032604426,24.6732648832699,Blocked,Right Foot,Open Play
Manchester United,Memphis Depay,94.9,31.7,0.069717,26.436716891475005,Saved,Right Foot,Free Kick
Manchester United,Juan Manuel Mata García,96.7,40.5,0.055182837,23.305364189387813,Off T,Left Foot,Open Play
Manchester United,Juan Manuel Mata García,108.9,50.8,0.13638249,15.487091398968362,Off T,Left Foot,Open Play
Swansea City,Bafétimbi Gomis,100.1,54.3,0.052501235,24.505101509685694,Off T,Right Foot,Open Play
Swansea City,Gylfi Þór Sigurðsson,108.4,45.7,0.3407324,12.924782396620838,Off T,Right Foot,Open Play
Swansea City,Jonjo Shelvey,91.7,48.2,0.026047762,29.464045886469833,Saved,Left Foot,Open Play
Swansea City,Bafétimbi Gomis,108.3,50.0,0.13420261,15.391231269784756,Post,Right Foot,Open Play
Manchester United,Wayne Mark Rooney,110.5,45.6,0.12248601,11.027692415006868,Off T,Right Foot,Open Play
Manchester United,Wayne Mark Rooney,105.2,25.5,0.083857596,20.719314660480446,Saved,Right Foot,Open Play
Manchester United,Ander Herrera Agüera,93.6,37.1,0.046580013,26.55880268385607,Off T,Left Foot,Open Play
Swansea City,Wayne Routledge,100.6,43.0,0.06436781,19.63058837630702,Blocked,Right Foot,Open Play
Swansea City,Jonjo Shelvey,89.1,17.9,0.0068810494,37.98973545577806,Saved,Right Foot,Free Kick
Manchester United,Juan Manuel Mata García,117.4,47.0,0.11363337,7.4672618810377855,Goal,Right Foot,Open Play
Manchester United,Wayne Mark Rooney,113.7,48.1,0.06222995,10.261578825892242,Wayward,Head,Open Play
Manchester United,Juan Manuel Mata García,112.8,27.3,0.09015403,14.598972566588378,Saved,Left Foot,Open Play
Swansea City,André Ayew Pelé,109.8,36.9,0.18930738,10.66067540074268,Goal,Head,Open Play
Swansea City,Jonjo Shelvey,95.2,54.2,0.019794716,28.577613616255643,Off T,Right Foot,Open Play
Swansea City,Bafétimbi Gomis,110.8,52.3,0.101075694,15.360013020827815,Goal,Right Foot,Open Play
Manchester United,Memphis Depay,110.6,36.6,0.08998661,9.995999199679845,Wayward,Head,Open Play
Liverpool,Adam David Lallana,111.2,19.6,0.009389641,22.217110523198105,Blocked,Right Foot,Open Play
Liverpool,Divock Okoth Origi,114.6,36.1,0.2569013,6.661080993352359,Post,Head,Open Play
Liverpool,Adam David Lallana,100.3,57.4,0.017521882,26.284025566872362,Saved,Left Foot,Open Play
Tottenham Hotspur,Clinton Mua N''Jie,100.5,29.0,0.053090412,22.38861317723811,Blocked,Right Foot,Open Play
Tottenham Hotspur,Clinton Mua N''Jie,105.2,48.8,0.15024632,17.2185946000247,Saved,Right Foot,Open Play
Tottenham Hotspur,Christian Dannemann Eriksen,90.8,42.6,0.02845103,29.315524897228094,Blocked,Right Foot,Open Play
Tottenham Hotspur,Jan Vertonghen,113.5,47.7,0.060625643,10.076705810928493,Off T,Head,Open Play
Liverpool,Martin Škrtel,110.5,31.3,0.033451308,12.881770064707723,Blocked,Head,Open Play
Tottenham Hotspur,Harry Kane,108.2,29.0,0.18420139,16.13195586406062,Saved,Left Foot,Open Play
Tottenham Hotspur,Bamidele Alli,103.9,45.0,0.10566482,16.858528998699732,Blocked,Right Foot,Open Play
Tottenham Hotspur,Clinton Mua N''Jie,95.8,24.9,0.03246963,28.52455082906653,Off T,Right Foot,Open Play
Liverpool,Emre Can,91.0,42.1,0.02837392,29.07593506664919,Blocked,Right Foot,Open Play
Liverpool,Philippe Coutinho Correia,95.7,29.9,0.034349833,26.315394733881533,Saved,Right Foot,Open Play
Tottenham Hotspur,Harry Kane,114.3,48.2,0.16224903,9.98649087517733,Blocked,Right Foot,Open Play
Tottenham Hotspur,Mousa Sidi Yaya Dembélé,101.4,54.5,0.032140993,23.58410481659204,Off T,Left Foot,Open Play
Liverpool,Lucas Pezzini Leiva,86.5,33.0,0.017230064,34.2235299172952,Blocked,Right Foot,Open Play
Liverpool,Alberto Moreno Pérez,80.9,38.1,0.0051343036,39.14613646325777,Saved,Left Foot,Open Play
Liverpool,Lucas Pezzini Leiva,91.7,38.2,0.027675401,28.35718603811034,Saved,Right Foot,Open Play
Tottenham Hotspur,Kyle Walker,91.4,55.5,0.007972325,32.5301398705877,Saved,Right Foot,Open Play
Tottenham Hotspur,Harry Kane,96.5,54.4,0.020281339,27.56102320306704,Blocked,Left Foot,Open Play
Tottenham Hotspur,Kyle Walker,85.6,41.3,0.0148074,34.424555189573624,Off T,Right Foot,Open Play
Liverpool,Divock Okoth Origi,110.4,25.4,0.059595734,17.473408368146153,Saved,Left Foot,Open Play
Tottenham Hotspur,Harry Kane,100.7,39.5,0.11461097,19.30647559758124,Saved,Right Foot,Open Play
Liverpool,Emre Can,94.0,37.5,0.036651876,26.119915773217954,Off T,Right Foot,Open Play
Liverpool,Alberto Moreno Pérez,104.9,62.8,0.008905864,27.346846253270225,Blocked,Left Foot,Free Kick
AFC Bournemouth,Matt Ritchie,109.2,22.0,0.013555644,20.99142682144308,Blocked,Left Foot,Open Play
AFC Bournemouth,Eunan O''Kane,105.6,43.3,0.20494491,14.773286702694161,Blocked,Right Foot,Open Play
Manchester City,Wilfried Guemiand Bony,116.8,49.1,0.100671835,9.64624279188535,Saved,Right Foot,Open Play
Manchester City,Raheem Sterling,116.3,39.2,0.7831608,3.785498646149542,Goal,Right Foot,Open Play
Manchester City,Wilfried Guemiand Bony,115.5,34.1,0.8398377,7.420242583635658,Goal,Left Foot,Open Play
Manchester City,Wilfried Guemiand Bony,99.3,37.5,0.068443656,20.85041966004522,Saved,Right Foot,Open Play
Manchester City,Kevin De Bruyne,97.4,27.4,0.02782648,25.87508454092469,Saved,Right Foot,Open Play
AFC Bournemouth,Glenn Murray,99.1,46.2,0.10758801,21.800229356591647,Goal,Right Foot,Open Play
AFC Bournemouth,Adam Smith,89.6,46.6,0.028205842,31.108198276338673,Blocked,Right Foot,Open Play
AFC Bournemouth,Glenn Murray,111.3,38.3,0.08311163,8.864536084872128,Off T,Head,Open Play
Manchester City,Raheem Sterling,109.2,40.2,0.21252471,10.801851693112619,Goal,Right Foot,Open Play
Manchester City,Kevin De Bruyne,97.8,36.4,0.047070198,22.48999777678958,Saved to Post,Right Foot,Open Play
Manchester City,Jesús Navas González,111.3,38.4,0.39340213,8.84590300647707,Saved,Right Foot,Open Play
Manchester City,Raheem Sterling,113.7,49.8,0.099010944,11.650321883965262,Goal,Right Foot,Open Play
Manchester City,Pablo Javier Zabaleta Girod,112.5,59.3,0.010196078,20.706037766796424,Saved,Right Foot,Open Play
AFC Bournemouth,Glenn Murray,98.0,32.3,0.07997165,23.3085821104588,Off T,Right Foot,Open Play
Manchester City,Wilfried Guemiand Bony,107.3,43.1,0.16833448,13.072872675888803,Saved,Right Foot,Open Play
AFC Bournemouth,Dan Gosling,108.4,36.7,0.07558348,12.06026533704793,Off T,Head,Open Play
Manchester City,Raheem Sterling,90.7,41.2,0.04261223,29.32456308284916,Off T,Right Foot,Open Play
Manchester City,Raheem Sterling,115.2,28.4,0.06782131,12.553883861180172,Off T,Left Foot,Open Play
Manchester City,Raheem Sterling,110.7,47.9,0.3811497,12.202458768625277,Off T,Right Foot,Open Play
Manchester City,Wilfried Guemiand Bony,114.9,34.5,0.15143856,7.500666637039666,Off T,Head,Open Play
AFC Bournemouth,Dan Gosling,87.5,30.7,0.014807465,33.804437578519185,Off T,Right Foot,Open Play
Manchester City,Wilfried Guemiand Bony,112.8,45.0,0.28506118,8.765842800324451,Goal,Left Foot,Open Play
Tottenham Hotspur,Heung-Min Son,93.0,32.2,0.022739511,28.104092228712883,Blocked,Right Foot,Open Play
Tottenham Hotspur,Harry Kane,111.5,41.9,0.09163938,8.70976463516667,Off T,Head,Open Play
Tottenham Hotspur,Bamidele Alli,88.9,46.7,0.028654434,31.813519138881816,Blocked,Right Foot,Open Play
Tottenham Hotspur,Heung-Min Son,98.5,37.3,0.050584644,21.66887168266959,Blocked,Right Foot,Open Play
Tottenham Hotspur,Erik Lamela,93.5,36.7,0.035766523,26.704681237565822,Saved,Left Foot,Open Play
Crystal Palace,Brede Hangeland,112.0,49.4,0.040435854,12.343419299367577,Saved,Right Foot,Open Play
Tottenham Hotspur,Nacer Chadli,101.3,32.1,0.058368266,20.300246303924492,Saved,Right Foot,Open Play
Crystal Palace,Yannick Bolasie Yala,94.2,28.8,0.023618734,28.126144421160888,Blocked,Right Foot,Open Play
Tottenham Hotspur,Heung-Min Son,99.2,31.5,0.04164415,22.469757453074564,Blocked,Right Foot,Open Play
Tottenham Hotspur,Ben Davies,88.6,32.7,0.01821446,32.23740063962975,Off T,Left Foot,Open Play
Tottenham Hotspur,Bamidele Alli,99.6,43.3,0.050720528,20.665188119153434,Saved,Right Foot,Open Play
Tottenham Hotspur,Harry Kane,119.5,49.4,0.033559043,9.413288479590964,Wayward,Right Foot,Open Play
Tottenham Hotspur,Harry Kane,103.2,51.8,0.042587306,20.529978080845577,Off T,Right Foot,Open Play
Crystal Palace,Yannick Bolasie Yala,101.3,25.0,0.029152915,23.97269279826528,Saved,Right Foot,Open Play
Tottenham Hotspur,Erik Lamela,105.4,43.7,0.04918747,15.061540425866136,Off T,Left Foot,Open Play
Crystal Palace,Bakary Sako,99.2,54.9,0.05445823,25.58612905462645,Saved,Left Foot,Free Kick
Crystal Palace,Bakary Sako,104.0,54.4,0.02258899,21.525798475317934,Blocked,Left Foot,Open Play
Crystal Palace,Yohan Cabaye,110.0,56.1,0.048019875,18.952836199366047,Post,Right Foot,Open Play
Tottenham Hotspur,Erik Lamela,99.1,29.1,0.07217218,23.571593073019063,Saved,Left Foot,Free Kick
Tottenham Hotspur,Toby Alderweireld,114.1,30.1,0.050443128,11.524755962709147,Blocked,Head,Open Play
Tottenham Hotspur,Heung-Min Son,109.3,56.1,0.038017936,19.33132173442882,Saved,Right Foot,Open Play
Crystal Palace,Bakary Sako,107.7,55.3,0.04595589,19.63109777877946,Saved to Post,Right Foot,Open Play
Crystal Palace,Brede Hangeland,114.3,45.3,0.081393294,7.783315488916019,Blocked,Head,Open Play
Crystal Palace,Fraizer Campbell,116.7,40.1,0.23159643,3.3015148038438324,Off T,Right Foot,Open Play
Crystal Palace,Martin Kelly,90.3,48.2,0.019187449,30.8111992626058,Blocked,Right Foot,Open Play
Tottenham Hotspur,Heung-Min Son,107.6,26.4,0.09253383,18.40434731252375,Goal,Left Foot,Open Play
Tottenham Hotspur,Christian Dannemann Eriksen,84.9,36.2,0.017547347,35.30509878190401,Off T,Right Foot,Free Kick
Tottenham Hotspur,Bamidele Alli,98.4,37.0,0.04834172,21.807338214463492,Blocked,Right Foot,Open Play
Tottenham Hotspur,Bamidele Alli,105.6,29.0,0.05273667,18.120706387997135,Off T,Right Foot,Open Play
Tottenham Hotspur,Harry Kane,98.6,22.6,0.020110909,27.581152985326778,Blocked,Right Foot,Open Play
Tottenham Hotspur,Harry Kane,88.5,38.2,0.020637535,31.55138665732459,Blocked,Right Foot,Open Play
Tottenham Hotspur,Erik Lamela,102.4,58.3,0.017865138,25.389958645102194,Blocked,Left Foot,Open Play
Crystal Palace,Pape N''Diaye Souaré,99.2,16.9,0.0074466243,31.084562084739105,Off T,Right Foot,Open Play
Watford,Sebastian Prödl,101.6,41.2,0.052825473,18.43908891458578,Off T,Right Foot,Open Play
Watford,Troy Deeney,99.4,48.2,0.044802435,22.172054483064933,Blocked,Right Foot,Open Play
Watford,Almen Abdi,99.3,39.7,0.05502181,20.702173798903342,Blocked,Right Foot,Open Play
Swansea City,Bafétimbi Gomis,100.5,38.2,0.07801364,19.58290070444111,Saved,Right Foot,Open Play
Watford,Almen Abdi,90.7,39.3,0.025958769,29.308360581922692,Off T,Right Foot,Open Play
Watford,Etienne Capoue,84.4,41.3,0.014861241,35.62372804746858,Blocked,Right Foot,Open Play
Watford,Troy Deeney,98.5,40.1,0.04025288,21.500232556881798,Off T,Right Foot,Open Play
Swansea City,Jonjo Shelvey,92.9,45.6,0.030910853,27.67254957534632,Blocked,Right Foot,Open Play
Swansea City,Bafétimbi Gomis,112.6,41.2,0.49785027,7.496665925596531,Saved,Right Foot,Open Play
Watford,Odion Jude Ighalo,118.4,27.2,0.014694042,12.89961239727768,Saved,Left Foot,Open Play
Watford,Almen Abdi,93.3,34.6,0.026673155,27.240594707164526,Saved,Right Foot,Open Play
Watford,Troy Deeney,102.8,45.2,0.05471382,17.968861956172965,Wayward,Right Foot,Open Play
Watford,Odion Jude Ighalo,107.7,51.2,0.05438279,16.635203635663736,Off T,Right Foot,Open Play
Watford,Odion Jude Ighalo,107.3,39.9,0.26740918,12.70039369468522,Goal,Right Foot,Open Play
Watford,José Manuel Jurado Marín,100.3,44.2,0.038438126,20.142740627829177,Blocked,Right Foot,Open Play
Watford,Etienne Capoue,107.5,54.3,0.07518241,18.993156662334986,Off T,Right Foot,Open Play
Swansea City,Federico Fernández,88.9,51.5,0.015070561,33.15810609790613,Off T,Right Foot,Open Play
Watford,Etienne Capoue,104.9,60.7,0.0102427555,25.622255950637914,Saved,Right Foot,Open Play
Swansea City,Jefferson Antonio Montero Vite,109.7,23.5,0.032698076,19.45096398639409,Off T,Left Foot,Open Play
Watford,José Manuel Jurado Marín,101.7,59.0,0.010606636,26.379727064547122,Off T,Right Foot,Open Play
Swansea City,Jonjo Shelvey,88.8,47.9,0.026195128,32.18462365788981,Saved,Right Foot,Open Play
Watford,Steven Berghuis,107.7,45.5,0.29331362,13.473678042761744,Saved,Left Foot,Open Play
Watford,Steven Berghuis,107.8,52.2,0.07370945,17.253405460951765,Saved,Left Foot,Open Play
Swansea City,Jonjo Shelvey,100.0,45.7,0.07200711,20.79639391817726,Wayward,Right Foot,Open Play
Swansea City,Federico Fernández,112.7,49.1,0.0693747,11.666190466471907,Off T,Head,Open Play
Liverpool,James Philip Milner,98.1,39.2,0.05543656,21.91460700081113,Goal,Left Foot,Open Play
Liverpool,Emre Can,114.0,50.3,0.042545285,11.920151005754917,Saved,Head,Open Play
Aston Villa,Rudy Gestede,112.7,40.7,0.14410707,7.333484846919639,Off T,Head,Open Play
Liverpool,Daniel William John Ings,98.4,37.8,0.07580802,21.711747972008144,Saved,Right Foot,Open Play
Liverpool,Daniel William John Ings,102.7,31.8,0.09130254,19.144973230589798,Off T,Right Foot,Open Play
Liverpool,Philippe Coutinho Correia,101.0,17.1,0.007733061,29.75583976297762,Off T,Right Foot,Open Play
Aston Villa,Rudy Gestede,102.0,41.9,0.08450712,18.1,Off T,Right Foot,Open Play
Liverpool,Philippe Coutinho Correia,93.8,25.5,0.020086711,29.944782517159815,Blocked,Right Foot,Open Play
Aston Villa,Ashley Westwood,102.6,43.6,0.07890355,17.768511473953023,Blocked,Right Foot,Open Play
Aston Villa,Micah Richards,112.1,30.5,0.039614122,12.355565547557914,Off T,Head,Open Play
Aston Villa,Scott Sinclair,92.7,40.1,0.0265484,27.30018314956879,Saved,Right Foot,Open Play
Liverpool,Philippe Coutinho Correia,103.5,40.6,0.06502086,16.510905486980416,Blocked,Right Foot,Open Play
Aston Villa,Scott Sinclair,107.1,45.5,0.07207102,14.023551618616453,Off T,Head,Open Play
Liverpool,James Philip Milner,103.6,29.2,0.08632978,19.63670033381373,Saved,Left Foot,Open Play
Liverpool,Nathaniel Edwin Clyne,114.0,48.8,0.21715155,10.650821564555477,Blocked,Right Foot,Open Play
Liverpool,Martin Škrtel,111.1,29.8,0.026083607,13.536986370680888,Blocked,Head,Open Play
Liverpool,Philippe Coutinho Correia,99.2,25.5,0.051333714,25.35527558517162,Saved,Right Foot,Free Kick
Liverpool,Daniel Andre Sturridge,108.0,28.5,0.097983554,16.62077013859466,Goal,Left Foot,Open Play
Liverpool,Philippe Coutinho Correia,104.4,42.7,0.13738999,15.831929762350509,Blocked,Right Foot,Open Play
Liverpool,Daniel Andre Sturridge,105.8,46.6,0.14514096,15.65886330485071,Saved,Right Foot,Open Play
Aston Villa,Rudy Gestede,115.8,36.9,0.5260317,5.220153254455279,Goal,Right Foot,Open Play
Liverpool,Daniel Andre Sturridge,106.4,35.2,0.15128371,14.42220510185595,Goal,Right Foot,Open Play
Aston Villa,Rudy Gestede,111.7,44.6,0.06169935,9.489467845985883,Goal,Head,Open Play
Liverpool,Philippe Coutinho Correia,90.9,31.9,0.038958337,30.2062907355405,Saved,Right Foot,Free Kick
Liverpool,Philippe Coutinho Correia,99.5,45.5,0.08235107,21.224985276791124,Saved,Right Foot,Open Play
Aston Villa,Micah Richards,108.9,38.6,0.051429443,11.187939935484096,Off T,Head,Open Play
Aston Villa,Idrissa Gana Gueye,96.9,50.6,0.023488838,25.415939880319197,Saved,Left Foot,Open Play
Liverpool,Daniel William John Ings,105.9,33.0,0.104270786,15.741982086128793,Blocked,Right Foot,Open Play
Liverpool,Daniel Andre Sturridge,103.6,35.9,0.08800108,16.904733065032413,Blocked,Left Foot,Open Play
Liverpool,Daniel Andre Sturridge,106.1,30.9,0.17092966,16.613849644197465,Saved,Right Foot,Open Play
Crystal Palace,Dwight Gayle,106.9,27.3,0.07985663,18.24554740203757,Saved,Left Foot,Open Play
Crystal Palace,Yannick Bolasie Yala,113.0,55.5,0.020525515,17.00735135169495,Saved to Post,Right Foot,Open Play
Crystal Palace,Scott Dann,110.9,44.3,0.054294735,10.064790112068899,Saved,Head,Open Play
Crystal Palace,Yannick Bolasie Yala,108.2,40.6,0.085470356,11.815244390193541,Blocked,Right Foot,Open Play
Manchester United,Wayne Mark Rooney,95.1,36.8,0.06997982,25.10478042126639,Saved,Right Foot,Free Kick
Crystal Palace,Dwight Gayle,108.2,35.2,0.14751543,12.738916751435339,Saved,Right Foot,Open Play
Manchester United,Ander Herrera Agüera,108.1,40.6,0.24060789,11.915116449284083,Wayward,Right Foot,Open Play
Crystal Palace,Yannick Bolasie Yala,102.9,53.3,0.025892688,21.663333076883614,Blocked,Left Foot,Open Play
Crystal Palace,Yohan Cabaye,113.0,44.4,0.19803634,8.268010643437755,Off T,Right Foot,Open Play
Crystal Palace,Scott Dann,110.5,42.6,0.05076381,9.849365461794989,Off T,Head,Open Play
Crystal Palace,Dwight Gayle,105.7,53.9,0.07451009,19.942417105255817,Saved,Right Foot,Open Play
Crystal Palace,Jason Puncheon,105.5,56.7,0.041646156,22.11650967037973,Off T,Left Foot,Open Play
Manchester United,Wayne Mark Rooney,92.9,52.3,0.021885186,29.760712357065643,Off T,Right Foot,Open Play
Manchester United,Anthony Martial,111.0,43.6,0.16455609,9.693296652842108,Blocked,Right Foot,Open Play
Crystal Palace,Yannick Bolasie Yala,113.4,38.7,0.09776094,6.726812023536849,Off T,Head,Open Play
Manchester United,Wayne Mark Rooney,98.8,38.9,0.08166497,21.22851855405836,Blocked,Right Foot,Open Play
Manchester City,Kevin De Bruyne,79.2,46.3,0.0066458425,41.28353182565658,Off T,Right Foot,Open Play
Tottenham Hotspur,Erik Lamela,108.5,49.8,0.057712328,15.109268678529745,Blocked,Left Foot,Open Play
Manchester City,Gnégnéri Yaya Touré,95.3,43.3,0.04326526,24.919470299346255,Off T,Left Foot,Open Play
Manchester City,Fernando Francisco Reges,93.3,32.3,0.01940216,27.788126960988215,Blocked,Right Foot,Open Play
Manchester City,Sergio Leonel Agüero del Castillo,95.1,40.0,0.035647098,24.900000000000006,Saved,Right Foot,Open Play
Manchester City,Sergio Leonel Agüero del Castillo,110.3,45.7,0.114706255,11.250777750893496,Blocked,Right Foot,Open Play
Manchester City,Kevin De Bruyne,109.4,51.3,0.22408156,15.493547043850219,Goal,Right Foot,Open Play
Tottenham Hotspur,Heung-Min Son,107.3,22.5,0.02693476,21.622673285234647,Saved,Left Foot,Open Play
Manchester City,Sergio Leonel Agüero del Castillo,111.1,52.4,0.049886208,15.263354808167177,Blocked,Right Foot,Open Play
Manchester City,Raheem Sterling,101.6,35.5,0.066882655,18.942280749687992,Saved,Right Foot,Open Play
Tottenham Hotspur,Harry Kane,94.7,43.2,0.061037876,25.501568579207042,Off T,Right Foot,Open Play
Manchester City,Fernando Luiz Rosa,108.9,60.1,0.010210042,22.961271741782944,Saved,Right Foot,Open Play
Tottenham Hotspur,Erik Lamela,103.8,46.1,0.14797139,17.310401497365685,Off T,Left Foot,Open Play
Tottenham Hotspur,Erik Lamela,103.4,51.6,0.048228484,20.251419703319566,Blocked,Left Foot,Open Play
Tottenham Hotspur,Harry Kane,104.1,34.4,0.15788078,16.857342613828557,Saved,Left Foot,Open Play
Manchester City,Sergio Leonel Agüero del Castillo,106.8,31.6,0.07786328,15.646085772486359,Blocked,Left Foot,Open Play
Manchester City,Nicolás Hernán Otamendi,111.1,33.5,0.0475984,11.020889256316847,Off T,Head,Open Play
Manchester City,Aleksandar Kolarov,109.4,25.7,0.062065806,17.800280896660027,Saved,Left Foot,Open Play
Tottenham Hotspur,Heung-Min Son,113.2,41.4,0.4415821,6.942621983083909,Saved,Left Foot,Open Play
Tottenham Hotspur,Eric Dier,90.9,42.0,0.035202067,29.16864755178066,Goal,Right Foot,Open Play
Manchester City,Gnégnéri Yaya Touré,101.1,36.0,0.0660955,19.31864384474232,Saved,Right Foot,Open Play
Tottenham Hotspur,Toby Alderweireld,112.2,42.7,0.12881602,8.254089895318561,Goal,Head,Open Play
Manchester City,Raheem Sterling,102.7,26.8,0.05262865,21.760744472558834,Saved,Right Foot,Open Play
Tottenham Hotspur,Christian Dannemann Eriksen,91.6,46.5,0.042532753,29.134343994674058,Post,Right Foot,Free Kick
Tottenham Hotspur,Harry Kane,105.7,44.4,0.23874858,14.961617559608985,Goal,Right Foot,Open Play
Manchester City,Aleksandar Kolarov,85.0,31.0,0.006056891,36.138621999185304,Blocked,Left Foot,Free Kick
Manchester City,Jesús Navas González,108.6,60.0,0.00776577,23.02086010556513,Saved,Right Foot,Open Play
Manchester City,Martín Gastón Demichelis,106.3,41.3,0.06446298,13.761540611428652,Blocked,Right Foot,Open Play
Manchester City,Raheem Sterling,102.2,38.4,0.0873476,17.871765441612084,Off T,Right Foot,Open Play
Tottenham Hotspur,Nacer Chadli,115.6,46.4,0.10314044,7.766595135579041,Wayward,Head,Open Play
Tottenham Hotspur,Harry Kane,111.8,57.6,0.012356485,19.416487838947603,Saved,Right Foot,Open Play
Manchester City,Samir Nasri,92.9,29.1,0.022373779,29.20992981847097,Off T,Right Foot,Open Play
Tottenham Hotspur,Erik Lamela,111.8,34.5,0.5325783,9.873702446397706,Goal,Left Foot,Open Play
Manchester City,Sergio Leonel Agüero del Castillo,102.0,26.0,0.0349746,22.80350850198276,Blocked,Right Foot,Open Play
Manchester City,Jesús Navas González,106.4,54.2,0.031913202,19.66214637317096,Off T,Right Foot,Open Play
Manchester City,Jesús Navas González,102.4,54.2,0.025915321,22.614154859291112,Blocked,Right Foot,Open Play
Manchester City,Kevin De Bruyne,95.3,22.7,0.015064079,30.155928107090322,Saved,Right Foot,Free Kick
Tottenham Hotspur,Clinton Mua N''Jie,108.5,23.6,0.039267708,20.030227157973023,Blocked,Right Foot,Open Play
Manchester City,Raheem Sterling,99.9,27.1,0.021971311,23.883467084994166,Blocked,Right Foot,Open Play
Liverpool,James Philip Milner,93.8,38.2,0.046288513,26.261759270848557,Off T,Right Foot,Open Play
Liverpool,Philippe Coutinho Correia,108.5,37.0,0.5385115,11.884864324004713,Goal,Right Foot,Open Play
Liverpool,Philippe Coutinho Correia,92.8,42.0,0.02674822,27.27343029396926,Saved,Right Foot,Open Play
Liverpool,Roberto Firmino Barbosa de Oliveira,114.0,34.3,0.89169306,8.275868534480235,Goal,Right Foot,Open Play
Liverpool,Roberto Firmino Barbosa de Oliveira,109.4,49.5,0.3571474,14.234113952051947,Saved,Right Foot,Open Play
Liverpool,Roberto Firmino Barbosa de Oliveira,110.5,30.2,0.09317891,13.64880947189168,Off T,Left Foot,Open Play
Manchester City,Sergio Leonel Agüero del Castillo,96.4,36.3,0.057845645,23.88828164602887,Goal,Right Foot,Open Play
Manchester City,Fernando Francisco Reges,108.7,38.6,0.03555401,11.386395390991828,Wayward,Head,Open Play
Liverpool,Philippe Coutinho Correia,102.9,22.1,0.020429065,24.755201473629732,Blocked,Right Foot,Open Play
Liverpool,Dejan Lovren,94.2,44.9,0.031086227,26.261188091935214,Blocked,Right Foot,Open Play
Manchester City,Fabian Delph,84.8,31.6,0.0068678227,36.18839593018735,Off T,Left Foot,Open Play
Manchester City,Raheem Sterling,101.4,46.1,0.064155184,19.574728606036913,Blocked,Left Foot,Open Play
Liverpool,Roberto Firmino Barbosa de Oliveira,106.5,43.8,0.49594823,14.024621207005913,Saved,Right Foot,Open Play
Liverpool,Dejan Lovren,109.7,35.5,0.056335583,11.24010676105881,Saved,Head,Open Play
Manchester City,Sergio Leonel Agüero del Castillo,103.1,41.4,0.11530224,16.957889019568448,Saved,Right Foot,Open Play
Manchester City,Fernando Francisco Reges,113.1,38.0,0.36974403,7.184010022264729,Off T,Left Foot,Open Play
Manchester City,Kelechi Promise Iheanacho,113.7,72.9,0.006462516,33.49776111921512,Off T,Left Foot,Open Play
Liverpool,Roberto Firmino Barbosa de Oliveira,110.0,40.5,0.35010925,10.012492197250394,Saved,Right Foot,Open Play
Manchester City,Kelechi Promise Iheanacho,107.4,51.1,0.046789188,16.79196236298783,Blocked,Left Foot,Open Play
Manchester City,Kelechi Promise Iheanacho,101.3,53.7,0.062229984,23.181458107720495,Off T,Left Foot,Open Play
Liverpool,Christian Benteke Liolo,108.7,52.4,0.2441179,16.776471619503308,Saved,Right Foot,Open Play
Liverpool,Martin Škrtel,102.8,41.6,0.059916005,17.27425830535135,Goal,Right Foot,Open Play
Manchester City,Fabian Delph,92.2,30.8,0.027955502,29.28275943281302,Saved,Right Foot,Open Play
Manchester City,Fernando Luiz Rosa,104.3,43.7,0.088408984,16.13009609394811,Off T,Right Foot,Open Play
Liverpool,Jordon Ibe,92.1,35.4,0.03363901,28.276668827851704,Blocked,Right Foot,Open Play
Sunderland,Yann Gérard M''Vila,96.2,53.3,0.050506245,27.26407893181062,Goal,Right Foot,Free Kick
Aston Villa,Scott Sinclair,107.9,40.1,0.7835,12.100413216084807,Goal,Right Foot,Penalty
Aston Villa,Scott Sinclair,109.0,28.4,0.14927568,15.986244086714054,Blocked,Right Foot,Open Play
Aston Villa,Ashley Westwood,102.4,52.0,0.059644,21.301643129110953,Off T,Right Foot,Open Play
Aston Villa,Leandro Bacuna,112.3,48.4,0.073749326,11.395174417269795,Blocked,Right Foot,Open Play
Aston Villa,Idrissa Gana Gueye,97.1,35.2,0.072214,23.39764945459266,Off T,Right Foot,Open Play
Aston Villa,Carlos Alberto Sánchez Moreno,113.2,53.7,0.050909027,15.29477034806342,Off T,Left Foot,Open Play
Aston Villa,Leandro Bacuna,103.1,56.5,0.03454063,23.619060099843097,Off T,Right Foot,Open Play
Aston Villa,Rudy Gestede,101.2,36.9,0.059613165,19.0538709977789,Saved,Right Foot,Open Play
Aston Villa,Scott Sinclair,115.6,39.2,0.7295632,4.472135954999585,Goal,Right Foot,Open Play
Aston Villa,Rudy Gestede,99.3,56.2,0.022682577,26.285547359718425,Blocked,Right Foot,Open Play
Sunderland,Steven Fletcher,107.9,46.5,0.060790278,13.735355838128106,Saved,Head,Open Play
Sunderland,Jermain Defoe,91.3,51.0,0.021233285,30.735809733924373,Off T,Right Foot,Open Play
Sunderland,Jeremain Lens,104.4,47.4,0.36483783,17.26615185847732,Goal,Left Foot,Open Play
Sunderland,Billy Jones,110.1,52.0,0.04357453,15.55667059495701,Blocked,Right Foot,Open Play
Sunderland,Steven Fletcher,114.8,45.3,0.09088166,7.424957912338629,Off T,Head,Open Play
Aston Villa,Ashley Westwood,97.6,34.8,0.052055765,22.995651762887704,Off T,Right Foot,Open Play
Aston Villa,Micah Richards,118.4,43.4,0.70078385,3.7576588456111835,Saved Off Target,Left Foot,Open Play
Aston Villa,Leandro Bacuna,94.6,31.1,0.030616447,26.914122686797732,Saved,Right Foot,Open Play
Aston Villa,Jordan Amavi,118.2,28.8,0.019973598,11.343720729989785,Blocked,Right Foot,Open Play
Aston Villa,Idrissa Gana Gueye,96.4,22.0,0.011947986,29.680970334542632,Off T,Right Foot,Open Play
Aston Villa,Rudy Gestede,107.2,41.3,0.046657972,12.865846260545784,Off T,Head,Open Play
Aston Villa,Jordan Amavi,93.7,27.0,0.022473997,29.337518640812142,Wayward,Right Foot,Open Play
Aston Villa,Ashley Westwood,105.3,43.3,0.11947948,15.065855435387666,Saved,Right Foot,Open Play
Aston Villa,Rudy Gestede,106.6,43.4,0.038037013,13.82461572702837,Saved,Head,Open Play
Aston Villa,Rudy Gestede,101.8,51.1,0.08891958,21.317832910500076,Off T,Right Foot,Open Play
Aston Villa,Rudy Gestede,107.8,29.4,0.08902724,16.16168308066954,Blocked,Right Foot,Open Play
Aston Villa,Micah Richards,109.8,43.8,0.043079555,10.884851859350224,Off T,Head,Open Play
Sunderland,Jack Rodwell,97.6,32.7,0.025848076,23.55949914577982,Blocked,Right Foot,Open Play
West Ham United,Victor Moses,105.9,49.0,0.1495838,16.727522231340775,Off T,Right Foot,Open Play
Everton,Romelu Lukaku Menama,96.1,38.1,0.03975485,23.975404063331244,Blocked,Left Foot,Open Play
Everton,Brendan Joel Zibusiso Galloway,103.7,28.3,0.07496758,20.064396327824067,Off T,Left Foot,Open Play
Everton,Ross Barkley,99.6,20.1,0.01126748,28.49859645666783,Saved,Right Foot,Open Play
West Ham United,Victor Moses,107.4,43.3,0.042519785,13.02497600765544,Off T,Head,Open Play
West Ham United,Manuel Lanzini,98.4,19.7,0.010577313,29.642030969554025,Off T,Right Foot,Open Play
Everton,Arouna Koné,102.2,45.7,0.09556411,18.69037185290865,Off T,Right Foot,Open Play
West Ham United,Aaron Cresswell,104.4,27.8,0.037865665,19.80403999188044,Off T,Left Foot,Open Play
Everton,Ross Barkley,89.6,27.9,0.022193793,32.71956601179179,Saved,Right Foot,Free Kick
Everton,Gerard Deulofeu Lázaro,116.7,54.1,0.014009606,14.481022063376605,Saved,Right Foot,Open Play
West Ham United,Victor Moses,104.0,52.5,0.046746977,20.303940504246953,Blocked,Left Foot,Open Play
West Ham United,Manuel Lanzini,102.7,33.5,0.062082198,18.480800848448098,Goal,Right Foot,Open Play
West Ham United,Andy Carroll,109.6,43.3,0.05060832,10.911003620199203,Off T,Head,Open Play
Everton,Arouna Koné,106.5,42.7,0.055249196,13.76735268670052,Blocked,Head,Open Play
Everton,José Ramiro Funes Mori,114.4,45.3,0.09170089,7.710382610480488,Off T,Head,Open Play
Everton,Romelu Lukaku Menama,102.2,35.6,0.0661795,18.335757415498275,Blocked,Left Foot,Open Play
Everton,Romelu Lukaku Menama,109.5,32.0,0.8375065,13.200378782444085,Goal,Left Foot,Open Play
West Ham United,Manuel Lanzini,94.6,55.9,0.018733101,29.966147566879535,Off T,Right Foot,Open Play
Everton,Ross Barkley,93.9,31.7,0.061568785,27.387953556262644,Off T,Right Foot,Free Kick
West Ham United,Mark Noble,106.5,56.4,0.039404366,21.241704263076443,Wayward,Left Foot,Open Play
West Ham United,Mark Noble,97.2,40.9,0.04456103,22.8177562437677,Saved,Right Foot,Open Play
West Ham United,Enner Remberto Valencia Lastra,99.7,31.1,0.060556736,22.165288177689003,Blocked,Right Foot,Open Play
West Ham United,Manuel Lanzini,96.8,26.7,0.029730862,26.741914665932207,Saved,Right Foot,Open Play
West Ham United,Winston Reid,111.7,39.5,0.0903166,8.31504660239496,Off T,Head,Open Play
Everton,José Ramiro Funes Mori,82.4,33.6,0.00643295,38.14079181139269,Off T,Left Foot,Open Play
Everton,Gerard Deulofeu Lázaro,113.1,59.3,0.0068344595,20.496341136895627,Blocked,Right Foot,Open Play
West Ham United,Andy Carroll,106.9,32.6,0.021107864,15.04559736268387,Blocked,Head,Open Play
West Ham United,Carl Jenkinson,96.2,47.3,0.05791496,24.894376875109764,Saved,Right Foot,Open Play
West Ham United,Mauro Matías Zárate,99.0,29.8,0.040878166,23.346091750012462,Blocked,Right Foot,Open Play
West Ham United,Mauro Matías Zárate,84.6,36.9,0.014380477,35.535475232505334,Saved,Right Foot,Open Play
Everton,Romelu Lukaku Menama,108.8,36.6,0.24848688,11.704699910719627,Off T,Right Foot,Open Play
West Ham United,Mauro Matías Zárate,91.0,33.7,0.022576855,29.67642161716941,Saved,Right Foot,Open Play
Everton,Kevin Mirallas,98.6,26.4,0.030101348,25.355867171130242,Saved,Right Foot,Open Play
AFC Bournemouth,Junior Stanislas,96.2,23.3,0.018472027,29.07455932598119,Saved,Right Foot,Open Play
West Bromwich Albion,James Morrison,95.1,61.2,0.007068288,32.70244639166924,Off T,Right Foot,Open Play
AFC Bournemouth,Glenn Murray,103.7,28.4,0.028338289,20.006249023742555,Blocked,Right Foot,Open Play
AFC Bournemouth,Charlie Daniels,102.8,27.9,0.025457747,21.029740844813094,Blocked,Left Foot,Open Play
AFC Bournemouth,Harry Arter,99.8,23.9,0.02570386,25.831182706178986,Blocked,Left Foot,Open Play
AFC Bournemouth,Charlie Daniels,106.7,24.1,0.037298307,20.729206448873047,Off T,Left Foot,Open Play
AFC Bournemouth,Glenn Murray,101.9,30.4,0.099408425,20.488289338058458,Saved,Right Foot,Open Play
AFC Bournemouth,Matt Ritchie,114.0,42.2,0.2664501,6.390618123468184,Off T,Head,Open Play
West Bromwich Albion,José Salomón Rondón Giménez,96.0,47.1,0.026698576,25.02818411311536,Blocked,Right Foot,Open Play
West Bromwich Albion,José Salomón Rondón Giménez,106.2,43.7,0.078313984,14.287407042567239,Saved,Right Foot,Open Play
AFC Bournemouth,Adam Smith,96.7,48.2,0.04619792,24.70080970332754,Goal,Left Foot,Open Play
AFC Bournemouth,Matt Ritchie,96.6,52.8,0.02407408,26.672082783314845,Blocked,Left Foot,Open Play
AFC Bournemouth,Junior Stanislas,118.5,26.7,0.011636744,13.3843191832831,Saved to Post,Right Foot,Open Play
AFC Bournemouth,Glenn Murray,112.2,38.5,0.087685466,7.942921376924233,Blocked,Head,Open Play
West Bromwich Albion,Gareth McAuley,115.3,48.8,0.06358968,9.976472322419383,Goal,Head,Open Play
AFC Bournemouth,Harry Arter,92.1,39.4,0.021334985,27.906450867138236,Off T,Left Foot,Open Play
AFC Bournemouth,Harry Arter,90.3,37.3,0.019717999,29.822474746405607,Blocked,Left Foot,Open Play
AFC Bournemouth,Matt Ritchie,86.3,43.9,0.02020552,33.92491709643519,Blocked,Left Foot,Open Play
West Bromwich Albion,Craig Dawson,112.7,46.6,0.042696018,9.84123975929862,Off T,Head,Open Play
AFC Bournemouth,Charlie Daniels,108.0,40.0,0.7835,12.0,Goal,Left Foot,Penalty
AFC Bournemouth,Marc Pugh,112.7,29.2,0.2398217,13.03572015655445,Saved,Right Foot,Open Play
AFC Bournemouth,Adam Smith,89.9,35.5,0.03069655,30.43451987464234,Saved,Right Foot,Open Play
West Bromwich Albion,José Salomón Rondón Giménez,101.6,34.5,0.13204624,19.204426573058626,Blocked,Left Foot,Open Play
Manchester United,Memphis Depay,96.1,24.0,0.026509432,28.761258665086274,Saved,Right Foot,Open Play
Manchester United,Wayne Mark Rooney,89.0,44.5,0.01983728,31.32491021535417,Saved,Right Foot,Open Play
Manchester United,Juan Manuel Mata García,95.1,51.4,0.047050897,27.38558014722347,Saved,Left Foot,Free Kick
Manchester United,Adnan Januzaj,97.0,29.8,0.031768844,25.160286166894046,Blocked,Left Foot,Open Play
Manchester United,Juan Manuel Mata García,107.1,52.6,0.05765923,18.03247071257847,Saved,Left Foot,Open Play
Manchester United,Wayne Mark Rooney,100.5,30.5,0.045687165,21.691011963483863,Saved,Right Foot,Open Play
Manchester United,Memphis Depay,110.5,23.0,0.016562067,19.474342094150447,Saved,Right Foot,Open Play
Newcastle United,Aleksandar Mitrović,105.7,43.4,0.02313919,14.698639392814558,Post,Head,Open Play
Manchester United,Adnan Januzaj,104.3,46.4,0.044141665,16.95435047414085,Blocked,Left Foot,Open Play
Newcastle United,Aleksandar Mitrović,109.6,40.8,0.05631115,10.430723848324243,Off T,Head,Open Play
Manchester United,Daley Blind,89.6,27.1,0.015555334,33.02377931127811,Blocked,Left Foot,Open Play
Newcastle United,Ayoze Pérez Gutiérrez,97.8,34.1,0.04456984,22.970633426181355,Blocked,Right Foot,Open Play
Newcastle United,Ayoze Pérez Gutiérrez,95.1,45.3,0.0573492,25.457808232446098,Saved,Right Foot,Open Play
Newcastle United,Aleksandar Mitrović,116.8,34.6,0.12307019,6.276941930590087,Blocked,Head,Open Play
Manchester United,Memphis Depay,93.9,26.6,0.03990724,29.338882050957558,Blocked,Right Foot,Free Kick
Manchester United,Memphis Depay,97.6,29.3,0.038014702,24.824383174612823,Blocked,Right Foot,Open Play
Manchester United,Wayne Mark Rooney,103.8,37.6,0.05565275,16.37681287674742,Blocked,Right Foot,Open Play
Manchester United,Juan Manuel Mata García,111.8,50.9,0.06990951,13.640014662748717,Off T,Right Foot,Open Play
Manchester United,Juan Manuel Mata García,108.3,26.9,0.033526257,17.5641680702503,Blocked,Left Foot,Open Play
Manchester United,Luke Shaw,100.9,34.1,0.09207138,19.99049774267764,Saved,Left Foot,Open Play
Manchester United,Juan Manuel Mata García,97.4,45.0,0.054857478,23.146490014686886,Blocked,Left Foot,Open Play
Manchester United,Javier Hernández Balcázar,110.2,35.6,0.5094782,10.742439201596625,Saved,Left Foot,Open Play
Manchester United,Luis Antonio Valencia Mosquera,110.6,46.8,0.09641096,11.601724009818545,Blocked,Right Foot,Open Play
Manchester United,Chris Smalling,114.5,40.9,0.14745687,5.573149917237109,Post,Head,Open Play
Newcastle United,Papiss Demba Cissé,109.3,53.6,0.06837501,17.30462365958879,Off T,Right Foot,Open Play
Manchester United,Michael Carrick,98.7,45.1,0.06429937,21.902054698132773,Blocked,Right Foot,Open Play
Liverpool,Philippe Coutinho Correia,103.7,49.7,0.053581227,18.967867565965342,Blocked,Right Foot,Open Play
Liverpool,Emre Can,114.4,51.0,0.065954335,12.343419299367575,Off T,Right Foot,Open Play
Liverpool,Adam David Lallana,94.6,52.6,0.02579474,28.353483031190372,Saved,Left Foot,Open Play
Southampton,José Miguel da Rocha Fonte,115.6,46.7,0.10757388,8.015609770940705,Off T,Head,Open Play
Southampton,Graziano Pellè,102.4,52.1,0.06294283,21.358136622842355,Blocked,Left Foot,Open Play
Liverpool,Alberto Moreno Pérez,94.5,27.5,0.0161717,28.398943642325854,Blocked,Left Foot,Open Play
Southampton,Steven Davis,107.2,39.1,0.1293495,12.831601614763448,Saved,Right Foot,Open Play
Liverpool,Philippe Coutinho Correia,101.9,17.1,0.0073510543,29.18938163099725,Off T,Right Foot,Open Play
Liverpool,Philippe Coutinho Correia,92.9,27.5,0.016971843,29.843927355493943,Blocked,Right Foot,Open Play
Liverpool,James Philip Milner,100.3,38.6,0.05474305,19.749683541768462,Off T,Right Foot,Open Play
Liverpool,James Philip Milner,104.2,45.3,0.04436856,16.665233271694696,Blocked,Right Foot,Open Play
Southampton,Virgil van Dijk,111.7,43.4,0.15204303,8.96939239859646,Saved,Head,Open Play
Liverpool,Alberto Moreno Pérez,108.4,24.7,0.06028831,19.200260414900622,Off T,Left Foot,Open Play
Liverpool,Christian Benteke Liolo,111.8,41.5,0.09214174,8.336066218546975,Wayward,Right Foot,Open Play
Southampton,José Miguel da Rocha Fonte,113.6,48.1,0.062898144,10.32327467424945,Blocked,Head,Open Play
Liverpool,Adam David Lallana,112.6,31.6,0.0917457,11.194641575325226,Off T,Left Foot,Open Play
Liverpool,Philippe Coutinho Correia,94.2,43.2,0.041118067,25.997692205270834,Off T,Right Foot,Open Play
Liverpool,Emre Can,93.3,26.4,0.017430875,29.964145240603813,Off T,Right Foot,Open Play
Southampton,Graziano Pellè,103.2,34.8,0.040729538,17.586358349584483,Off T,Right Foot,Open Play
Liverpool,Christian Benteke Liolo,108.4,37.4,0.06326004,11.887808881370859,Goal,Head,Open Play
Southampton,Sadio Mané,114.4,52.7,0.044501625,13.879841497654072,Off T,Right Foot,Open Play
Southampton,Gastón Exequiel Ramírez Pereyra,113.4,47.5,0.06234869,9.990495483208024,Saved,Head,Open Play
Southampton,Sadio Mané,119.3,37.5,0.8284591,2.5961509971494348,Goal,Right Foot,Open Play
West Ham United,Cheikhou Kouyaté,111.3,38.7,0.068736166,8.796590248499703,Off T,Head,Open Play
Aston Villa,Rudy Gestede,111.3,35.6,0.06797016,9.749358953285084,Off T,Head,Open Play
West Ham United,Mauro Matías Zárate,103.6,28.7,0.054546975,19.91607391028664,Saved,Right Foot,Open Play
Aston Villa,Leandro Bacuna,100.3,26.8,0.03600844,23.71349826575573,Saved,Right Foot,Open Play
Aston Villa,Rudy Gestede,108.5,39.5,0.11293693,11.510864433221338,Saved,Head,Open Play
Aston Villa,Jordan Ayew,88.2,42.2,0.023531392,31.876009787926716,Saved,Right Foot,Open Play
West Ham United,Michail Antonio,103.1,23.5,0.034275167,23.619060099843097,Off T,Right Foot,Open Play
Aston Villa,Carles Gil de Pareja Vicent,96.0,21.2,0.00912531,30.486718419665966,Off T,Left Foot,Open Play
West Ham United,Enner Remberto Valencia Lastra,100.5,32.8,0.058875173,20.78677464158401,Blocked,Right Foot,Open Play
West Ham United,Cheikhou Kouyaté,112.9,37.7,0.22031833,7.46324326281811,Post,Head,Open Play
West Ham United,Aaron Cresswell,100.6,24.2,0.02992329,25.01999200639361,Goal,Left Foot,Open Play
Aston Villa,Rudy Gestede,112.5,41.9,0.16331114,7.736924453553879,Off T,Head,Open Play
Aston Villa,Jordan Veretout,104.8,56.6,0.029622504,22.50777643393501,Saved,Right Foot,Open Play
Aston Villa,Rudy Gestede,108.0,40.0,0.037116874,12.0,Saved,Head,Open Play
Aston Villa,Ashley Westwood,91.0,33.5,0.024233649,29.71952220342716,Off T,Right Foot,Open Play
West Ham United,James Collins,115.9,33.2,0.082593404,7.940403012442121,Off T,Head,Open Play
Aston Villa,Rudy Gestede,105.0,51.1,0.0591763,18.660385848100784,Saved,Right Foot,Open Play
Aston Villa,Ashley Westwood,95.6,57.3,0.014250525,29.910700426436023,Blocked,Right Foot,Open Play
Aston Villa,Jordan Ayew,108.1,40.1,0.7835,11.900420160649796,Goal,Right Foot,Penalty
Aston Villa,Jordan Ayew,101.8,30.0,0.042750776,20.766318884193225,Blocked,Right Foot,Open Play
West Ham United,Mark Noble,103.7,45.8,0.07705683,17.301156030739676,Blocked,Right Foot,Open Play
Aston Villa,Ashley Westwood,103.3,39.9,0.053460836,16.700299398513792,Off T,Right Foot,Open Play
Aston Villa,Alan Hutton,118.2,45.9,0.09986344,6.168468205316452,Blocked,Head,Open Play
West Ham United,Pedro Mba Obiang Avomo,95.0,29.5,0.024562208,27.115493725912497,Saved,Right Foot,Open Play
West Ham United,Enner Remberto Valencia Lastra,90.1,43.5,0.03944701,30.10415253748227,Saved,Right Foot,Free Kick
Manchester City,David Josué Jiménez Silva,100.9,47.9,0.060209636,20.669300907384354,Blocked,Left Foot,Open Play
Manchester City,Sergio Leonel Agüero del Castillo,111.4,52.4,0.106315926,15.090394295710098,Saved,Right Foot,Open Play
Manchester City,Sergio Leonel Agüero del Castillo,106.7,45.8,0.09660373,14.509651959988561,Saved,Right Foot,Open Play
Manchester City,David Josué Jiménez Silva,95.7,30.1,0.025780702,26.23928352680385,Saved,Left Foot,Open Play
Everton,Ross Barkley,98.5,25.3,0.03349638,26.04496112494699,Saved,Left Foot,Open Play
Manchester City,Aleksandar Kolarov,89.9,33.0,0.012623849,30.903236076501756,Off T,Left Foot,Open Play
Manchester City,Gnégnéri Yaya Touré,91.5,27.3,0.01666065,31.20160252294744,Saved,Right Foot,Open Play
Everton,Séamus Coleman,97.6,53.7,0.03815312,26.257379914987716,Off T,Left Foot,Open Play
Manchester City,Raheem Sterling,98.6,23.1,0.026305959,27.268479972305023,Saved,Right Foot,Open Play
Manchester City,Vincent Kompany,112.6,34.0,0.05758043,9.526804291051647,Blocked,Head,Open Play
Manchester City,Vincent Kompany,111.4,33.6,0.07304906,10.720074626605912,Blocked,Right Foot,Open Play
Everton,Phil Jagielka,104.0,38.6,0.020649305,16.061133210331082,Off T,Head,Open Play
Everton,Ross Barkley,98.1,33.8,0.08261171,22.760711763914596,Off T,Right Foot,Free Kick
Everton,Romelu Lukaku Menama,97.7,43.1,0.084518395,22.514439810930227,Off T,Left Foot,Free Kick
Manchester City,David Josué Jiménez Silva,109.2,28.6,0.08429661,15.703502793962878,Post,Left Foot,Open Play
Manchester City,Aleksandar Kolarov,117.8,27.1,0.013251478,13.0862523283024,Goal,Left Foot,Open Play
Everton,Arouna Koné,109.7,46.3,0.06792846,12.073938876770907,Blocked,Left Foot,Open Play
Manchester City,Jesús Navas González,113.7,47.7,0.2892664,9.948869282486328,Saved,Right Foot,Open Play
Everton,Ross Barkley,105.6,22.5,0.017321955,22.66296538407982,Blocked,Right Foot,Open Play
Everton,Steven Naismith,100.9,37.2,0.056426886,19.304144632694808,Blocked,Right Foot,Open Play
Everton,Gareth Barry,112.8,46.9,0.07203244,9.972462083156797,Blocked,Head,Open Play
Manchester City,Gnégnéri Yaya Touré,92.4,35.7,0.024667718,27.932955446926837,Blocked,Right Foot,Open Play
Manchester City,Gnégnéri Yaya Touré,99.7,49.5,0.040530622,22.412942689437276,Off T,Right Foot,Open Play
Manchester City,Jesús Navas González,110.5,53.7,0.09074603,16.6715326230074,Saved,Right Foot,Open Play
Manchester City,Samir Nasri,113.1,48.3,0.15462893,10.793516572461453,Goal,Right Foot,Open Play
Everton,Romelu Lukaku Menama,114.0,45.8,0.11615945,8.345058418010023,Blocked,Left Foot,Open Play
Stoke City,Ibrahim Afellay,94.9,50.4,0.024618234,27.16928412748484,Blocked,Left Foot,Open Play
Tottenham Hotspur,Christian Dannemann Eriksen,105.5,26.5,0.07886565,19.81161275615895,Saved,Left Foot,Open Play
Tottenham Hotspur,Christian Dannemann Eriksen,97.9,48.1,0.07892334,23.537629447333895,Saved,Right Foot,Free Kick
Stoke City,Mame Biram Diouf,109.1,57.6,0.020092461,20.70193227696391,Saved,Right Foot,Open Play
Stoke City,Marco van Ginkel,109.6,51.5,0.073515534,15.50516043128868,Blocked,Right Foot,Open Play
Tottenham Hotspur,Ryan Mason,92.5,46.1,0.02776371,28.168422036031767,Blocked,Right Foot,Open Play
Tottenham Hotspur,Eric Dier,114.7,33.5,0.08628281,8.3868945385047,Goal,Head,Open Play
Stoke City,Marco van Ginkel,105.4,41.8,0.025989706,14.710540438746627,Wayward,Head,Open Play
Stoke City,Mame Biram Diouf,114.4,36.9,0.27965525,6.4007812023221,Saved,Head,Open Play
Tottenham Hotspur,Ryan Mason,111.9,36.6,0.34147534,8.78464569575802,Saved,Right Foot,Open Play
Tottenham Hotspur,Nacer Chadli,112.0,47.5,0.118715525,10.965856099730654,Goal,Right Foot,Open Play
Tottenham Hotspur,Christian Dannemann Eriksen,88.6,31.5,0.020310609,32.53013987058772,Off T,Right Foot,Open Play
Tottenham Hotspur,Harry Kane,115.0,35.9,0.41656584,6.466065264130886,Saved,Right Foot,Open Play
Stoke City,Jonathan Walters,109.5,40.0,0.10655311,10.5,Off T,Head,Open Play
Tottenham Hotspur,Ryan Mason,99.7,38.4,0.09525709,20.362956563328417,Off T,Right Foot,Open Play
Stoke City,Marko Arnautović,101.7,26.8,0.0445372,22.56390923576852,Saved,Right Foot,Open Play
Stoke City,Mame Biram Diouf,111.4,43.0,0.14070383,9.108238029388556,Saved,Head,Open Play
Stoke City,Marko Arnautović,96.7,26.1,0.023819065,27.131162894354524,Off T,Right Foot,Open Play
Stoke City,Marko Arnautović,106.6,14.8,0.00854979,28.54119829299394,Off T,Right Foot,Free Kick
Tottenham Hotspur,Mousa Sidi Yaya Dembélé,95.0,46.9,0.03391523,25.934725755249467,Saved,Left Foot,Open Play
Tottenham Hotspur,Erik Lamela,111.0,52.6,0.046541244,15.48418548067673,Blocked,Right Foot,Open Play
Tottenham Hotspur,Ben Davies,108.0,26.8,0.045975745,17.839282496782207,Blocked,Left Foot,Open Play
Stoke City,José Luis Sanmartín Mato,107.2,42.8,0.033450723,13.102671483327356,Off T,Head,Open Play
Stoke City,Marko Arnautović,108.1,40.1,0.7835,11.900420160649796,Goal,Right Foot,Penalty
Tottenham Hotspur,Mousa Sidi Yaya Dembélé,90.8,43.2,0.025536893,29.374819148379455,Blocked,Left Foot,Open Play
Stoke City,Mame Biram Diouf,117.1,39.0,0.72746503,3.0675723300355986,Goal,Head,Open Play
Stoke City,Stephen Ireland,115.0,44.7,0.2173215,6.862215385719107,Off T,Head,Open Play
Stoke City,Mame Biram Diouf,107.8,43.5,0.086956576,12.692123541787641,Saved,Right Foot,Open Play
Sunderland,Jermain Defoe,113.9,45.9,0.22111745,8.486459803710845,Blocked,Right Foot,Open Play
Sunderland,Younes Kaboul,114.1,36.2,0.08859997,7.017834423809103,Saved,Head,Open Play
Sunderland,Jack Rodwell,113.4,44.8,0.1066145,8.160882305241259,Saved,Head,Open Play
Leicester City,Riyad Mahrez,96.4,57.8,0.009480997,29.560108254199605,Blocked,Left Foot,Open Play
Leicester City,Jamie Vardy,108.1,25.7,0.012146741,18.603763060198336,Goal,Head,Open Play
Leicester City,Shinji Okazaki,114.1,36.4,0.1838096,6.911584478250995,Blocked,Left Foot,Open Play
Leicester City,Riyad Mahrez,113.0,36.6,0.16436046,7.782030583337487,Goal,Head,Open Play
Sunderland,Adam Johnson,86.8,49.8,0.012364077,34.61618118741581,Off T,Left Foot,Open Play
Leicester City,Riyad Mahrez,108.0,40.0,0.7835,12.0,Goal,Left Foot,Penalty
Leicester City,Jamie Vardy,102.1,33.7,0.18497264,18.976301009416986,Saved,Right Foot,Open Play
Leicester City,Jeffrey Schlupp,112.2,35.0,0.059195656,9.264987857520373,Off T,Head,Open Play
Leicester City,Riyad Mahrez,105.8,39.0,0.13830529,14.235167719419398,Off T,Left Foot,Open Play
Leicester City,Danny Drinkwater,91.0,37.8,0.029784301,29.083328557783755,Saved,Right Foot,Open Play
Leicester City,Jamie Vardy,116.1,28.7,0.10302665,11.954078801814887,Off T,Right Foot,Open Play
Leicester City,Riyad Mahrez,109.5,54.4,0.054189455,17.821616088334974,Post,Left Foot,Open Play
Leicester City,Riyad Mahrez,110.8,52.8,0.09574254,15.763248396190424,Saved,Right Foot,Open Play
Leicester City,Wes Morgan,111.0,36.1,0.056639683,9.808669634563088,Blocked,Head,Open Play
Leicester City,Jamie Vardy,107.3,44.3,0.07986099,13.408206442324792,Saved,Left Foot,Open Play
Sunderland,Jermain Defoe,106.4,36.3,0.3625413,14.094325099131206,Goal,Right Foot,Open Play
Leicester City,Jamie Vardy,98.0,47.9,0.054481354,23.375414434828745,Off T,Left Foot,Open Play
Sunderland,Jermain Defoe,103.8,30.4,0.10086729,18.830825791770263,Saved,Right Foot,Open Play
Leicester City,Marc Albrighton,103.2,33.8,0.05817597,17.907540311276698,Goal,Right Foot,Open Play
Sunderland,Jeremain Lens,100.6,42.8,0.057676647,19.60102038160259,Off T,Left Foot,Open Play
Sunderland,Steven Fletcher,114.9,36.1,0.397341,6.420280367709803,Goal,Head,Open Play
Leicester City,Marc Albrighton,99.4,43.1,0.050900172,20.831946620515325,Off T,Right Foot,Open Play
Leicester City,Andrew Philip King,103.6,57.5,0.034102485,23.983536019528067,Off T,Right Foot,Open Play
Sunderland,Sebastian Larsson,86.5,39.2,0.02059825,33.509550877324514,Blocked,Right Foot,Open Play
Leicester City,Shinji Okazaki,104.5,41.9,0.10843848,15.616017418023072,Blocked,Left Foot,Open Play
Crystal Palace,Yannick Bolasie Yala,109.0,56.5,0.061653886,19.83053201505194,Off T,Right Foot,Open Play
Crystal Palace,Yannick Bolasie Yala,99.0,20.8,0.010315191,28.454173683310504,Blocked,Right Foot,Open Play
Crystal Palace,Yohan Cabaye,91.3,38.1,0.019015715,28.762823227214678,Blocked,Right Foot,Open Play
Manchester City,Wilfried Guemiand Bony,103.4,45.0,0.038653992,17.336666346215463,Saved,Head,Open Play
Manchester City,Samir Nasri,111.6,37.9,0.17821775,8.658521813797094,Saved,Left Foot,Open Play
Crystal Palace,Yannick Bolasie Yala,111.3,56.6,0.018610055,18.741664813991314,Saved,Right Foot,Open Play
Crystal Palace,Pape N''Diaye Souaré,96.5,22.4,0.0112533225,29.36000681198831,Off T,Left Foot,Open Play
Manchester City,Aleksandar Kolarov,90.7,24.4,0.01060411,33.194125986385,Blocked,Left Foot,Open Play
Manchester City,Wilfried Guemiand Bony,107.1,35.7,0.2815145,13.597793938724035,Saved,Left Foot,Open Play
Manchester City,Wilfried Guemiand Bony,111.3,35.4,0.22730312,9.841239759298626,Blocked,Left Foot,Open Play
Manchester City,Jesús Navas González,96.4,45.5,0.03155649,24.232416305436807,Off T,Right Foot,Open Play
Crystal Palace,Jason Puncheon,92.6,26.6,0.020478006,30.501147519396714,Off T,Left Foot,Open Play
Manchester City,Kevin De Bruyne,96.4,44.2,0.069028385,23.9708155889615,Saved,Right Foot,Open Play
Crystal Palace,Bakary Sako,113.2,25.6,0.043852355,15.924823389915504,Off T,Left Foot,Open Play
Manchester City,Aleksandar Kolarov,94.1,36.3,0.04859228,26.162950903902264,Off T,Left Foot,Open Play
Manchester City,Jesús Navas González,113.9,34.6,0.95396,8.1467785044151,Off T,Left Foot,Open Play
Manchester City,Fernando Luiz Rosa,96.5,46.4,0.03983593,24.355902775302745,Blocked,Left Foot,Open Play
Manchester City,Gnégnéri Yaya Touré,93.5,44.1,0.030309483,26.81529414345478,Saved,Left Foot,Open Play
Manchester City,Vincent Kompany,112.7,34.0,0.07711411,9.449338601193205,Off T,Head,Open Play
Manchester City,Gnégnéri Yaya Touré,110.2,61.1,0.00798379,23.264780248263683,Blocked,Right Foot,Open Play
Manchester City,Eliaquim Mangala,109.8,43.3,0.044803433,10.720541031123386,Saved,Head,Open Play
Manchester City,Fernando Luiz Rosa,96.6,42.1,0.04047961,23.49404179786867,Off T,Right Foot,Open Play
Manchester City,Samir Nasri,97.1,51.7,0.03365636,25.715753926338625,Off T,Left Foot,Open Play
Crystal Palace,Jason Puncheon,110.8,36.1,0.1223439,9.992497185388649,Saved,Head,Open Play
Manchester City,Gnégnéri Yaya Touré,93.9,37.9,0.04058355,26.184346468835148,Off T,Right Foot,Open Play
Crystal Palace,Dwight Gayle,111.0,39.5,0.22384062,9.013878188659973,Off T,Right Foot,Open Play
Manchester City,Samir Nasri,102.6,56.5,0.02709081,23.97936613007108,Saved,Right Foot,Open Play
Manchester City,Kelechi Promise Iheanacho,114.6,42.3,0.65514374,5.869412236331679,Goal,Left Foot,Open Play
Crystal Palace,James McArthur,61.6,9.9,0.0042117466,65.70060882518517,Saved,Right Foot,Open Play
Manchester City,Jesús Navas González,116.0,50.8,0.049162813,11.516944039110372,Blocked,Right Foot,Open Play
Manchester City,Gnégnéri Yaya Touré,117.0,36.9,0.6753012,4.313930922024599,Off T,Head,Open Play
Crystal Palace,Yannick Bolasie Yala,104.6,27.7,0.05528254,19.709134937891115,Wayward,Right Foot,Open Play
Watford,Etienne Capoue,97.7,63.0,0.0069296383,32.03576126768334,Off T,Right Foot,Open Play
Watford,Sebastian Prödl,116.3,37.8,0.2720638,4.304648650006181,Off T,Head,Open Play
Watford,Troy Deeney,100.6,20.9,0.011204203,27.224437551582223,Saved,Right Foot,Open Play
Crystal Palace,Brede Hangeland,115.6,39.7,0.31376508,4.410215414239995,Saved,Head,Open Play
Crystal Palace,Yohan Cabaye,96.3,23.7,0.03670879,28.764213877664034,Blocked,Right Foot,Free Kick
Crystal Palace,Jason Puncheon,93.0,29.7,0.0148997065,28.89792380085462,Off T,Right Foot,Open Play
Watford,Odion Jude Ighalo,112.7,44.3,0.12069201,8.472307831990049,Wayward,Head,Open Play
Watford,Allan Romeo Nyom,100.6,48.8,0.04674528,21.30258200312817,Blocked,Left Foot,Open Play
Watford,Odion Jude Ighalo,107.5,43.1,0.047835212,12.87866452703851,Wayward,Head,Open Play
Watford,Troy Deeney,113.1,43.2,0.16382356,7.605918747922574,Off T,Head,Open Play
Crystal Palace,Bakary Sako,106.7,58.9,0.010658433,23.110603626906848,Blocked,Left Foot,Open Play
Crystal Palace,Bakary Sako,105.6,21.5,0.008809964,23.443762496664228,Blocked,Left Foot,Open Play
Crystal Palace,Bakary Sako,108.4,45.1,0.070846625,12.671621837791715,Blocked,Left Foot,Open Play
Watford,Almen Abdi,93.8,35.4,0.058507983,26.60075186907318,Blocked,Right Foot,Free Kick
Watford,José Manuel Jurado Marín,93.2,36.1,0.057795588,27.08228203087768,Post,Right Foot,Free Kick
Watford,Troy Deeney,112.9,32.5,0.073593915,10.327632836231151,Off T,Head,Open Play
Watford,Almen Abdi,95.8,49.7,0.048125554,26.07163209313909,Saved,Right Foot,Open Play
Crystal Palace,Bakary Sako,89.5,43.6,0.037926488,30.711724145674403,Saved,Left Foot,Free Kick
Crystal Palace,Bakary Sako,97.2,22.5,0.016309071,28.741781434003006,Blocked,Left Foot,Open Play
Crystal Palace,Dwight Gayle,107.1,40.7,0.2407354,12.918978287774934,Post,Right Foot,Open Play
Watford,Ikechi Anya,92.0,31.9,0.012254179,29.148070262025925,Off T,Left Foot,Open Play
Crystal Palace,Yannick Bolasie Yala,83.4,51.1,0.0070969528,38.246176279466155,Saved,Left Foot,Open Play
Crystal Palace,Yohan Cabaye,108.3,40.1,0.7835,11.700427342623007,Goal,Right Foot,Penalty
Watford,Odion Jude Ighalo,111.9,35.9,0.12208092,9.0785461391128,Blocked,Left Foot,Open Play
Crystal Palace,Yannick Bolasie Yala,50.3,60.2,0.003677925,54.20452010672172,Wayward,Right Foot,Open Play
Crystal Palace,Dwight Gayle,117.2,45.1,0.17604782,5.818075283115543,Off T,Right Foot,Open Play
Crystal Palace,Jason Puncheon,96.7,37.7,0.07929891,23.41324411524383,Saved,Left Foot,Free Kick
Crystal Palace,Dwight Gayle,105.8,25.4,0.059590615,20.366639388961552,Off T,Left Foot,Open Play
Crystal Palace,Yannick Bolasie Yala,101.0,22.5,0.030198783,25.83118270617898,Off T,Right Foot,Open Play
Watford,José Manuel Jurado Marín,97.6,39.7,0.04910627,22.402008838494826,Blocked,Right Foot,Open Play
Everton,Steven Naismith,101.8,24.6,0.027231883,23.841140912296964,Blocked,Left Foot,Open Play
Manchester United,Wayne Mark Rooney,98.3,57.2,0.021731379,27.68988985171303,Off T,Right Foot,Open Play
Everton,Ross Barkley,99.4,28.6,0.044204462,23.544001359157278,Blocked,Left Foot,Open Play
Everton,Romelu Lukaku Menama,92.5,44.0,0.058046877,27.789386463180506,Blocked,Left Foot,Free Kick
Manchester United,Ander Herrera Agüera,93.8,39.9,0.037246283,26.20019083899963,Saved,Right Foot,Open Play
Manchester United,Morgan Schneiderlin,108.2,31.8,0.40081075,14.369411957348843,Goal,Right Foot,Open Play
Manchester United,Ander Herrera Agüera,108.7,41.1,0.10028906,11.353413583587976,Goal,Head,Open Play
Manchester United,Wayne Mark Rooney,100.9,56.8,0.021314504,25.43717751638337,Blocked,Right Foot,Open Play
Everton,Romelu Lukaku Menama,117.1,36.4,0.3005838,4.622769732530492,Wayward,Head,Open Play
Everton,Phil Jagielka,101.1,24.3,0.020023998,24.570307283385777,Off T,Right Foot,Open Play
Manchester United,Anthony Martial,104.2,42.6,0.1644509,16.012495120998473,Blocked,Right Foot,Open Play
Everton,Brendan Joel Zibusiso Galloway,107.3,26.1,0.0798206,18.828170383762732,Blocked,Left Foot,Open Play
Everton,Ross Barkley,114.5,22.7,0.014086999,18.153236626012454,Saved,Right Foot,Open Play
Everton,Romelu Lukaku Menama,115.4,33.0,0.18683472,8.376156636548766,Off T,Left Foot,Open Play
Everton,Arouna Koné,106.1,53.1,0.10424995,19.10026177831079,Blocked,Right Foot,Open Play
Everton,Phil Jagielka,109.4,45.2,0.051056795,11.80677771451635,Wayward,Head,Open Play
Everton,Romelu Lukaku Menama,107.7,46.4,0.091828816,13.865424623862044,Saved,Left Foot,Open Play
Manchester United,Wayne Mark Rooney,104.6,51.1,0.17778687,18.983413813115916,Goal,Right Foot,Open Play
Everton,Séamus Coleman,112.9,55.4,0.014824976,16.95788901956844,Blocked,Right Foot,Open Play
Everton,Ross Barkley,99.5,54.0,0.02880665,24.82438317461282,Saved,Left Foot,Open Play
Manchester United,Wayne Mark Rooney,108.0,31.8,0.23636018,14.53409783921933,Saved,Left Foot,Open Play
Manchester United,Jesse Lingard,99.4,42.8,0.07471394,20.789420386340733,Off T,Right Foot,Open Play
Manchester United,Anthony Martial,118.2,31.8,0.09020008,8.395236744726143,Saved,Right Foot,Open Play
Everton,Ross Barkley,97.9,24.5,0.046973187,26.993702969396395,Off T,Right Foot,Free Kick
Everton,Ross Barkley,103.3,31.5,0.07291531,18.738729946290388,Off T,Left Foot,Open Play
West Ham United,Dimitri Payet,88.4,28.2,0.011732354,33.73129111077724,Off T,Right Foot,Open Play
Chelsea,Diego da Silva Costa,105.2,51.3,0.07626981,18.620687420178662,Off T,Right Foot,Open Play
Chelsea,Diego da Silva Costa,116.3,35.7,0.14850074,5.672741841473134,Off T,Head,Open Play
West Ham United,Dimitri Payet,89.9,29.2,0.030420396,31.978899293127643,Saved,Right Foot,Free Kick
West Ham United,Mauro Matías Zárate,103.5,51.9,0.041722022,20.343549346168675,Goal,Right Foot,Open Play
West Ham United,Carl Jenkinson,90.0,54.3,0.0059517096,33.23386826717588,Blocked,Right Foot,Open Play
Chelsea,Ramires Santos do Nascimento,91.1,41.0,0.02715439,28.91729586251108,Off T,Right Foot,Open Play
Chelsea,Willian Borges da Silva,94.3,44.0,0.06616808,26.009421369957465,Saved,Right Foot,Free Kick
Chelsea,Kurt Happy Zouma,114.1,35.6,0.1159391,7.360027173862883,Blocked,Head,Open Play
West Ham United,James Collins,106.1,38.6,0.05591049,13.97032569412754,Saved,Head,Open Play
West Ham United,Manuel Lanzini,107.4,29.8,0.35501686,16.21110730332755,Off T,Left Foot,Open Play
Chelsea,Gary Cahill,112.8,44.5,0.094494104,8.490583018850945,Goal,Right Foot,Open Play
West Ham United,Mauro Matías Zárate,102.3,34.7,0.059143785,18.476471524617466,Saved,Right Foot,Open Play
Chelsea,Diego da Silva Costa,113.0,40.2,0.108235754,7.002856560004639,Off T,Head,Open Play
West Ham United,Dimitri Payet,98.1,38.0,0.065683156,21.99113457737004,Blocked,Right Foot,Open Play
West Ham United,Dimitri Payet,107.4,18.4,0.007096089,25.006399181009648,Wayward,Right Foot,Open Play
Chelsea,Ramires Santos do Nascimento,102.9,36.4,0.12201856,17.474839055052833,Wayward,Left Foot,Open Play
West Ham United,Manuel Lanzini,105.0,24.8,0.033790175,21.35509306933594,Blocked,Right Foot,Open Play
West Ham United,Andy Carroll,113.3,41.7,0.10245681,6.912307863514186,Goal,Head,Open Play
Chelsea,Willian Borges da Silva,61.3,40.1,0.0036706391,58.70008517881384,Off T,Right Foot,Open Play
West Ham United,Pedro Mba Obiang Avomo,93.1,25.0,0.016060615,30.79951298316258,Off T,Right Foot,Open Play
AFC Bournemouth,Joshua King,112.5,55.0,0.038369097,16.77050983124842,Saved,Right Foot,Open Play
AFC Bournemouth,Charlie Daniels,94.7,25.0,0.023518654,29.412412345810736,Off T,Left Foot,Open Play
AFC Bournemouth,Matt Ritchie,103.5,41.6,0.10916514,16.57739424638263,Blocked,Left Foot,Open Play
AFC Bournemouth,Dan Gosling,107.9,20.8,0.020791767,22.694713040706194,Blocked,Left Foot,Open Play
AFC Bournemouth,Joshua King,114.6,27.9,0.111451775,13.250283015845362,Saved,Right Foot,Open Play
AFC Bournemouth,Andrew Surman,101.7,54.0,0.043123156,23.041050323281702,Blocked,Left Foot,Open Play
Newcastle United,Ayoze Pérez Gutiérrez,102.7,38.8,0.13705893,17.34156855650607,Goal,Left Foot,Open Play
AFC Bournemouth,Harry Arter,89.0,35.7,0.023665132,31.296804948748363,Off T,Left Foot,Open Play
AFC Bournemouth,Joshua King,108.2,45.1,0.06914466,12.85496013218244,Saved,Head,Open Play
AFC Bournemouth,Harry Arter,99.0,24.9,0.018290536,25.865227623200997,Blocked,Left Foot,Open Play
AFC Bournemouth,Junior Stanislas,110.8,21.4,0.009371181,20.75090359478353,Blocked,Left Foot,Open Play
AFC Bournemouth,Adam Smith,99.5,47.0,0.04363728,21.66217902243447,Off T,Right Foot,Open Play
AFC Bournemouth,Dan Gosling,118.1,34.7,0.12824398,5.630275304103698,Saved,Head,Open Play
AFC Bournemouth,Joshua King,109.5,35.6,0.051931478,11.384638773364747,Off T,Head,Open Play
AFC Bournemouth,Matt Ritchie,106.2,40.4,0.049359806,13.805795884337849,Saved,Head,Open Play
AFC Bournemouth,Dan Gosling,111.0,36.8,0.06247149,9.551963149007644,Off T,Head,Open Play
AFC Bournemouth,Harry Arter,99.5,39.5,0.04939696,20.506096654409877,Blocked,Right Foot,Open Play
AFC Bournemouth,Junior Stanislas,106.0,34.3,0.11192227,15.115885683611134,Off T,Right Foot,Open Play
AFC Bournemouth,Harry Arter,95.5,32.1,0.024371896,25.74218327958994,Blocked,Left Foot,Open Play
AFC Bournemouth,Charlie Daniels,101.8,18.1,0.008932322,28.475428003807075,Blocked,Left Foot,Open Play
AFC Bournemouth,Matt Ritchie,95.8,32.2,0.03311609,25.42597097457637,Blocked,Left Foot,Open Play
Newcastle United,Fabricio Coloccini,116.5,48.5,0.10001013,9.192388155425117,Off T,Head,Open Play
AFC Bournemouth,Matt Ritchie,88.7,37.9,0.019945424,31.37036818400447,Off T,Left Foot,Open Play
AFC Bournemouth,Matt Ritchie,90.4,37.9,0.025174195,29.674399741191053,Off T,Left Foot,Open Play
Stoke City,Bojan Krkíc Pérez,107.6,40.0,0.7835,12.400000000000006,Goal,Right Foot,Penalty
Swansea City,Jonjo Shelvey,87.7,43.0,0.025015192,32.439019713918604,Off T,Right Foot,Free Kick
Swansea City,Bafétimbi Gomis,108.9,48.1,0.07396703,13.741178988718541,Off T,Head,Open Play
Swansea City,Jonjo Shelvey,92.2,55.0,0.015486539,31.588605540605933,Saved,Right Foot,Open Play
Swansea City,Jonjo Shelvey,82.8,40.1,0.006682711,37.20013440835933,Blocked,Right Foot,Free Kick
Stoke City,José Luis Sanmartín Mato,102.0,34.4,0.025045779,18.850994668717085,Off T,Right Foot,Open Play
Stoke City,Glen Johnson,112.3,52.5,0.12599978,14.681280598094979,Off T,Right Foot,Open Play
Stoke City,Charlie Adam,97.0,47.4,0.04363389,24.16112580158466,Off T,Right Foot,Open Play
Stoke City,Xherdan Shaqiri,105.1,50.8,0.05680055,18.40244548966251,Blocked,Left Foot,Open Play
Stoke City,Xherdan Shaqiri,106.2,53.3,0.05019341,19.165855055279945,Off T,Left Foot,Open Play
Stoke City,Xherdan Shaqiri,95.2,50.6,0.023751188,26.97035409482048,Off T,Left Foot,Open Play
Swansea City,Bafétimbi Gomis,90.4,34.0,0.031694397,30.201986689620263,Saved,Left Foot,Open Play
Swansea City,Bafétimbi Gomis,90.5,48.0,0.02991295,30.56550343115585,Off T,Right Foot,Open Play
Swansea City,Jonjo Shelvey,94.8,40.4,0.042602785,25.203174403237387,Off T,Right Foot,Open Play
Swansea City,Jonjo Shelvey,115.4,53.2,0.019242434,13.978555004005242,Post,Right Foot,Open Play
Swansea City,Neil Taylor,106.8,22.1,0.0124168955,22.24072840533781,Off T,Right Foot,Open Play
Swansea City,Jonjo Shelvey,91.7,43.8,0.024559513,28.553983960211223,Blocked,Right Foot,Open Play
Swansea City,Bafétimbi Gomis,109.8,47.9,0.052525494,12.901550294441364,Blocked,Right Foot,Open Play
Stoke City,Marko Arnautović,111.7,47.6,0.2008206,11.253888216967502,Off T,Right Foot,Open Play
Swansea City,Gylfi Þór Sigurðsson,90.1,30.1,0.026144192,31.49634899476446,Off T,Right Foot,Open Play
Stoke City,Ibrahim Afellay,100.6,25.3,0.03268627,24.340295807569806,Saved,Left Foot,Open Play
Swansea City,Éderzito António Macedo Lopes,99.4,31.2,0.03182227,22.400892839349055,Off T,Right Foot,Open Play
Swansea City,Sung-Yeung Ki,112.4,39.0,0.1547414,7.665507158694714,Off T,Head,Open Play
AFC Bournemouth,Matt Ritchie,109.8,48.8,0.06819645,13.47145129523913,Goal,Left Foot,Open Play
Tottenham Hotspur,Harry Kane,107.9,40.0,0.7835,12.099999999999994,Goal,Right Foot,Penalty
AFC Bournemouth,Joshua King,108.9,35.8,0.0546096,11.868024266911485,Off T,Head,Open Play
Tottenham Hotspur,Danny Rose,89.2,29.5,0.017414704,32.540590037674484,Blocked,Left Foot,Open Play
Tottenham Hotspur,Mousa Sidi Yaya Dembélé,111.4,39.0,0.5305133,8.657944328765339,Goal,Left Foot,Open Play
Tottenham Hotspur,Toby Alderweireld,115.1,30.1,0.0442699,11.046266337545914,Saved,Head,Open Play
Tottenham Hotspur,Erik Lamela,114.7,38.4,0.48817176,5.536244214266562,Goal,Left Foot,Open Play
Tottenham Hotspur,Bamidele Alli,90.7,50.6,0.024394179,31.15846594426625,Off T,Right Foot,Open Play
AFC Bournemouth,Marc Pugh,112.3,34.9,0.15448432,9.235799911215057,Blocked,Left Foot,Open Play
AFC Bournemouth,Joshua King,109.5,32.3,0.10042491,13.020752666416794,Post,Right Foot,Open Play
AFC Bournemouth,Matt Ritchie,109.0,55.8,0.034446817,19.252012881774203,Off T,Right Foot,Open Play
AFC Bournemouth,Matt Ritchie,102.1,37.2,0.059048697,18.117670931993445,Blocked,Left Foot,Open Play
AFC Bournemouth,Simon Francis,98.6,56.0,0.023498563,26.720029940102993,Blocked,Right Foot,Open Play
Tottenham Hotspur,Harry Kane,110.6,41.4,0.3021637,9.503683496413384,Goal,Right Foot,Open Play
Tottenham Hotspur,Bamidele Alli,85.6,28.6,0.006725556,36.23975717357941,Blocked,Right Foot,Open Play
Tottenham Hotspur,Harry Kane,104.4,56.6,0.037911233,22.779815626997507,Saved,Right Foot,Open Play
Tottenham Hotspur,Toby Alderweireld,109.4,45.5,0.07315462,11.941942890501524,Saved,Head,Open Play
Tottenham Hotspur,Harry Kane,118.1,43.5,0.40475023,3.982461550347978,Goal,Right Foot,Open Play
AFC Bournemouth,Matt Ritchie,87.6,47.5,0.019584531,33.25672864248678,Saved,Left Foot,Open Play
AFC Bournemouth,Simon Francis,99.9,49.6,0.033355054,22.27487373701588,Blocked,Left Foot,Open Play
Tottenham Hotspur,Christian Dannemann Eriksen,91.1,35.7,0.018781064,29.21814504721339,Post,Right Foot,Open Play
AFC Bournemouth,Matt Ritchie,96.5,60.6,0.009069926,31.250759990758628,Off T,Left Foot,Open Play
AFC Bournemouth,Yann Kermorgant,111.0,45.4,0.063193545,10.49571341072154,Off T,Head,Open Play
Tottenham Hotspur,Clinton Mua N''Jie,108.1,30.6,0.15852042,15.164761785138602,Saved,Right Foot,Open Play
Tottenham Hotspur,Danny Rose,100.2,23.3,0.025284585,25.902316498722655,Blocked,Left Foot,Open Play
Manchester City,Sergio Leonel Agüero del Castillo,101.1,50.8,0.052965134,21.768095920406086,Blocked,Right Foot,Open Play
Watford,Craig Cathcart,113.4,33.7,0.093780704,9.124143795447324,Blocked,Right Foot,Open Play
Watford,Sebastian Prödl,111.1,32.8,0.10334277,11.447707194019253,Blocked,Right Foot,Open Play
Manchester City,Aleksandar Kolarov,93.4,59.7,0.009757994,33.10060422409234,Off T,Left Foot,Free Kick
Manchester City,Raheem Sterling,107.9,30.0,0.1051181,15.697452022541743,Blocked,Left Foot,Open Play
Manchester City,Bacary Sagna,112.3,54.7,0.04181936,16.59457742758158,Saved,Right Foot,Open Play
Manchester City,Raheem Sterling,108.6,28.7,0.0944797,16.05147968257133,Saved,Left Foot,Open Play
Manchester City,Sergio Leonel Agüero del Castillo,105.2,55.2,0.033407867,21.21508896988179,Blocked,Right Foot,Open Play
Manchester City,Sergio Leonel Agüero del Castillo,100.3,42.1,0.050184216,19.81161275615895,Off T,Right Foot,Open Play
Manchester City,Jesús Navas González,105.7,58.6,0.012546604,23.46167086973986,Wayward,Left Foot,Open Play
Manchester City,Raheem Sterling,113.8,43.9,0.34917516,7.324616030891996,Goal,Right Foot,Open Play
Manchester City,Gnégnéri Yaya Touré,95.8,30.0,0.06418181,26.18472837361503,Blocked,Right Foot,Free Kick
Manchester City,Fernando Luiz Rosa,110.8,54.5,0.06525154,17.172361514946047,Goal,Right Foot,Open Play
Manchester City,Sergio Leonel Agüero del Castillo,107.5,41.6,0.1318946,12.601983970788092,Wayward,Right Foot,Open Play
Manchester City,Aleksandar Kolarov,78.5,26.1,0.005694475,43.76596851436056,Off T,Left Foot,Open Play
Manchester City,David Josué Jiménez Silva,94.7,48.6,0.05698845,26.721714016881474,Off T,Left Foot,Free Kick
Watford,Ikechi Anya,104.3,30.5,0.09364854,18.3504768330417,Blocked,Right Foot,Open Play
Manchester City,Gnégnéri Yaya Touré,99.6,32.7,0.044262733,21.666794871415576,Off T,Right Foot,Open Play
Watford,Etienne Capoue,83.9,53.5,0.006123989,38.54166576576575,Blocked,Right Foot,Open Play
Manchester City,Gnégnéri Yaya Touré,100.8,45.0,0.07815512,19.84036289990685,Off T,Left Foot,Open Play
Manchester City,Gnégnéri Yaya Touré,91.6,49.2,0.024357513,29.85297305127247,Blocked,Right Foot,Open Play
Manchester City,Samir Nasri,95.0,23.2,0.014796936,30.120424963801558,Saved,Right Foot,Open Play
Watford,Miguel Arturo Layún Prado,95.4,47.9,0.03596525,25.837376027762566,Off T,Right Foot,Open Play
Watford,Ikechi Anya,92.9,30.9,0.027112626,28.587060009731672,Blocked,Right Foot,Open Play
Watford,Miguel Arturo Layún Prado,90.3,31.2,0.04434942,30.976281248723193,Blocked,Right Foot,Free Kick
West Ham United,Dimitri Payet,93.3,51.5,0.028711226,29.07129168096939,Saved,Right Foot,Open Play
Watford,Odion Jude Ighalo,103.7,48.5,0.028119978,18.383144453547654,Saved,Right Foot,Open Play
Watford,Nathan Aké,110.7,37.4,0.06216224,9.656603957913982,Saved,Head,Open Play
Watford,Nathan Aké,111.2,42.4,0.11103798,9.1214034007931,Blocked,Left Foot,Open Play
Watford,Odion Jude Ighalo,112.4,35.7,0.07685684,8.732124598286484,Blocked,Right Foot,Open Play
Watford,Troy Deeney,111.8,39.6,0.12489004,8.20975030070952,Blocked,Right Foot,Open Play
West Ham United,Victor Moses,112.9,55.2,0.02066859,16.776471619503308,Wayward,Right Foot,Open Play
Watford,Odion Jude Ighalo,114.0,56.0,0.013649021,17.08800749063506,Blocked,Right Foot,Open Play
Watford,Troy Deeney,112.2,29.1,0.059995875,13.403357788255894,Off T,Left Foot,Open Play
Watford,Miguel Ángel Britos Cabrera,110.1,39.7,0.063895024,9.904544411531512,Off T,Head,Open Play
Watford,Odion Jude Ighalo,115.1,26.5,0.020547284,14.361754767437022,Saved,Left Foot,Open Play
Watford,Troy Deeney,99.6,43.2,0.05788388,20.649455198624498,Blocked,Right Foot,Open Play
Watford,Odion Jude Ighalo,116.6,39.8,0.60452193,3.4058772731852858,Goal,Right Foot,Open Play
West Ham United,Cheikhou Kouyaté,107.8,43.1,0.054711193,12.587692401707315,Saved,Head,Open Play
Watford,Almen Abdi,98.0,35.6,0.036084283,22.435685859808252,Blocked,Right Foot,Open Play
Watford,Odion Jude Ighalo,106.2,35.6,0.13420734,14.484474446799922,Goal,Left Foot,Open Play
Watford,Odion Jude Ighalo,106.8,26.1,0.09539655,19.168985366993216,Saved,Right Foot,Open Play
Watford,Troy Deeney,100.9,39.2,0.067027956,19.116746585127913,Off T,Right Foot,Open Play
Watford,Ikechi Anya,103.1,51.5,0.044226225,20.44162420161373,Blocked,Left Foot,Open Play
Watford,Etienne Capoue,110.0,51.1,0.039580937,14.940214188558343,Blocked,Right Foot,Open Play
Watford,Nathan Aké,98.1,31.5,0.025702255,23.491700662148755,Off T,Left Foot,Open Play
Watford,Almen Abdi,103.8,18.7,0.012494834,26.760605374318423,Off T,Right Foot,Open Play
West Ham United,Andy Carroll,107.0,29.8,0.12419048,16.523922052587878,Off T,Left Foot,Open Play
West Ham United,Enner Remberto Valencia Lastra,106.3,44.4,0.5394538,14.389232085139223,Post,Right Foot,Open Play
Watford,Juan Carlos Paredes Reasco,99.2,50.7,0.037391864,23.39081016125777,Off T,Right Foot,Open Play
West Ham United,James Collins,111.4,38.3,0.07204695,8.766413177577242,Saved,Head,Open Play
West Ham United,Dimitri Payet,90.2,30.7,0.022340158,31.217463061562192,Off T,Right Foot,Open Play
West Ham United,Dimitri Payet,70.9,38.9,0.0045899753,49.1123202465532,Off T,Right Foot,Open Play
Watford,Troy Deeney,112.2,40.8,0.13125649,7.84091831356506,Blocked,Head,Open Play
Leicester City,Marc Albrighton,95.8,47.1,0.034826558,25.220031720836516,Post,Left Foot,Open Play
Leicester City,Riyad Mahrez,112.9,51.7,0.14893347,13.68575902169843,Off T,Right Foot,Open Play
Leicester City,Riyad Mahrez,92.7,33.7,0.058653798,28.017494534665296,Blocked,Left Foot,Free Kick
Leicester City,Riyad Mahrez,93.9,33.2,0.019678028,26.971281022598827,Saved,Left Foot,Open Play
Leicester City,Jeffrey Schlupp,99.9,34.4,0.046865378,20.86552180032888,Blocked,Left Foot,Open Play
Leicester City,N''Golo Kanté,89.3,27.1,0.011671192,33.300150149811635,Off T,Right Foot,Open Play
Leicester City,Danny Drinkwater,94.5,33.4,0.0345214,26.340273347101014,Saved,Right Foot,Open Play
Crystal Palace,Yannick Bolasie Yala,96.0,23.6,0.02072375,29.06819567843866,Blocked,Right Foot,Open Play
Crystal Palace,Yohan Cabaye,91.6,28.6,0.019428752,30.602614267411866,Saved,Right Foot,Open Play
Crystal Palace,Scott Dann,108.9,41.2,0.039717477,11.164676439557033,Off T,Head,Open Play
Leicester City,Jeffrey Schlupp,94.5,39.5,0.034532085,25.5049014897137,Off T,Left Foot,Open Play
Leicester City,Jamie Vardy,116.9,42.9,0.8103955,4.244997055358219,Goal,Right Foot,Open Play
Crystal Palace,Bakary Sako,98.2,61.6,0.009285258,30.688760157425715,Saved,Left Foot,Open Play
Leicester City,Jamie Vardy,96.9,42.7,0.049173098,23.25725693197716,Blocked,Right Foot,Open Play
Leicester City,Jamie Vardy,99.7,25.5,0.033865552,24.946743274423618,Off T,Right Foot,Open Play
Crystal Palace,Yannick Bolasie Yala,92.3,26.1,0.01631054,30.991934434623474,Blocked,Right Foot,Open Play
Crystal Palace,Patrick Bamford,111.9,41.5,0.07164438,8.237718130647583,Saved,Head,Open Play
Crystal Palace,Patrick Bamford,101.2,48.8,0.08008632,20.75764919252659,Saved,Left Foot,Open Play
Crystal Palace,Yohan Cabaye,102.8,30.7,0.044193834,19.553260597659925,Wayward,Right Foot,Open Play
Crystal Palace,James McArthur,93.2,34.4,0.025209622,27.378823933836163,Off T,Left Foot,Open Play
Crystal Palace,Yohan Cabaye,103.7,44.4,0.04406642,16.883423823383687,Off T,Right Foot,Open Play
Leicester City,Jeffrey Schlupp,105.8,27.7,0.046284627,18.786431273661318,Blocked,Left Foot,Open Play
Tottenham Hotspur,Eric Dier,89.5,38.0,0.02199551,30.56550343115585,Blocked,Left Foot,Open Play
Tottenham Hotspur,Harry Kane,94.0,37.6,0.040472064,26.110534272588144,Off T,Right Foot,Open Play
Tottenham Hotspur,Nabil Bentaleb,101.3,29.4,0.061099555,21.49534833400008,Off T,Left Foot,Open Play
Everton,Tom Cleverley,100.2,34.9,0.07404502,20.446271053666482,Saved,Right Foot,Open Play
Tottenham Hotspur,Ryan Mason,104.7,40.4,0.097962104,15.305227865013965,Blocked,Right Foot,Open Play
Tottenham Hotspur,Harry Kane,89.7,31.9,0.021344237,31.3639920928443,Off T,Right Foot,Open Play
Everton,Ross Barkley,89.7,38.9,0.025921654,30.319960422137754,Off T,Left Foot,Open Play
Tottenham Hotspur,Harry Kane,104.3,45.3,0.44638813,16.57045563646335,Saved,Right Foot,Open Play
Tottenham Hotspur,Ryan Mason,111.4,30.0,0.27040893,13.189389675038035,Saved,Left Foot,Open Play
Tottenham Hotspur,Nabil Bentaleb,91.8,22.4,0.0072286255,33.24154027718932,Saved,Left Foot,Open Play
Tottenham Hotspur,Toby Alderweireld,111.9,41.1,0.07905658,8.174350127074318,Saved,Head,Open Play
Everton,Ross Barkley,98.3,28.8,0.032951165,24.419868959517373,Saved,Right Foot,Open Play
Tottenham Hotspur,Nacer Chadli,99.6,39.8,0.05305545,20.400980368599942,Blocked,Right Foot,Open Play
Tottenham Hotspur,Nacer Chadli,101.5,39.4,0.054715063,18.509727172489605,Off T,Right Foot,Open Play
Tottenham Hotspur,Ryan Mason,107.5,47.2,0.39097217,14.425324953012325,Saved,Left Foot,Open Play
Tottenham Hotspur,Bamidele Alli,114.4,51.4,0.11172045,12.701181047445939,Saved,Left Foot,Open Play
Tottenham Hotspur,Harry Kane,91.5,46.4,0.029862268,29.209758643302756,Blocked,Right Foot,Open Play
Tottenham Hotspur,Harry Kane,102.7,36.0,0.072545774,17.75640729426986,Blocked,Right Foot,Open Play
Tottenham Hotspur,Nacer Chadli,108.2,30.4,0.23273882,15.211837495845133,Off T,Right Foot,Open Play
Tottenham Hotspur,Jan Vertonghen,104.0,50.5,0.0966395,19.13765920900464,Off T,Left Foot,Open Play
Everton,Arouna Koné,110.5,41.3,0.09670288,9.588534820294496,Off T,Head,Open Play
Tottenham Hotspur,Danny Rose,95.5,40.9,0.029698059,24.51652503924649,Off T,Left Foot,Open Play
Everton,Kevin Mirallas,95.0,25.2,0.039069474,29.05236651290218,Off T,Right Foot,Free Kick
Everton,Ross Barkley,107.6,25.1,0.029275201,19.384787850270637,Off T,Left Foot,Open Play
Everton,Kevin Mirallas,106.3,46.1,0.030330442,14.996666296213972,Saved,Head,Open Play
Norwich City,Robert Brady,112.6,42.4,0.13559274,7.7794601355106945,Wayward,Head,Open Play
Watford,Ben Watson,93.9,40.1,0.031943046,26.100191570178172,Blocked,Right Foot,Open Play
Watford,Nathan Aké,97.0,24.2,0.019946488,27.90412155936825,Blocked,Left Foot,Open Play
Watford,Troy Deeney,107.7,40.0,0.7835,12.299999999999997,Goal,Right Foot,Penalty
Watford,Etienne Capoue,97.3,57.5,0.010395307,28.66251907980176,Off T,Right Foot,Open Play
Watford,Odion Jude Ighalo,116.0,28.0,0.056221556,12.649110640673518,Saved,Right Foot,Open Play
Norwich City,Sébastien Aymar Bassong Nguena,109.2,36.8,0.0744379,11.264102272262978,Off T,Head,Open Play
Norwich City,Robert Brady,99.9,36.9,0.13221142,20.33764981505975,Off T,Left Foot,Open Play
Norwich City,Andre Wisdom,109.2,46.8,0.028821874,12.76244490683505,Saved,Head,Open Play
Watford,Odion Jude Ighalo,119.0,49.3,0.024235008,9.353608929178082,Saved,Right Foot,Open Play
Watford,Nathan Aké,90.6,23.4,0.007373437,33.76270131372785,Off T,Left Foot,Open Play
Watford,Odion Jude Ighalo,108.3,25.0,0.046801023,19.023406634985232,Saved,Left Foot,Open Play
Watford,Odion Jude Ighalo,115.8,30.8,0.056844942,10.113357503816426,Off T,Left Foot,Open Play
Watford,Odion Jude Ighalo,109.1,44.1,0.28323007,11.645600027478196,Saved,Right Foot,Open Play
Watford,Odion Jude Ighalo,111.3,37.7,0.36011946,8.998888820293317,Saved,Left Foot,Open Play
Norwich City,Cameron Jerome,106.9,49.0,0.022907812,15.89370944745121,Off T,Head,Open Play
Norwich City,Robert Brady,105.8,51.2,0.06441327,18.085353189805282,Blocked,Left Foot,Open Play
Norwich City,Graham Dorrans,91.3,39.0,0.022770576,28.71741631832502,Saved,Right Foot,Open Play
Norwich City,Ryan Bennett,96.1,39.4,0.04930249,23.90753019448057,Saved,Right Foot,Open Play
Norwich City,Graham Dorrans,51.0,34.0,0.0041558393,51.35172830587107,Off T,Right Foot,Open Play
Watford,Odion Jude Ighalo,108.7,45.6,0.46628997,12.61150268604023,Goal,Right Foot,Open Play
Watford,Adlène Guédioura,72.7,47.2,0.014714069,47.8448534327361,Off T,Right Foot,Open Play
Watford,Etienne Capoue,96.5,49.2,0.021392629,25.236679654819888,Off T,Right Foot,Open Play
Watford,Etienne Capoue,87.6,42.9,0.018766193,32.52952505032928,Off T,Left Foot,Open Play
Tottenham Hotspur,Erik Lamela,100.3,36.0,0.08300351,20.10198995124612,Goal,Left Foot,Open Play
Tottenham Hotspur,Erik Lamela,104.0,31.9,0.05761259,17.93348822733603,Off T,Left Foot,Open Play
Watford,Odion Jude Ighalo,110.3,36.0,0.107753806,10.492378186092992,Off T,Left Foot,Open Play
Tottenham Hotspur,Bamidele Alli,90.5,28.4,0.037174612,31.698738145232216,Off T,Right Foot,Open Play
Tottenham Hotspur,Harry Kane,90.8,28.7,0.024885284,31.310221973023445,Off T,Right Foot,Open Play
Watford,José Manuel Jurado Marín,87.2,44.9,0.020537095,33.163986491373436,Saved Off Target,Right Foot,Open Play
Watford,Almen Abdi,90.8,37.8,0.028786914,29.282759432813027,Blocked,Right Foot,Open Play
Watford,Odion Jude Ighalo,113.7,39.1,0.65733975,6.363961030678924,Goal,Right Foot,Open Play
Tottenham Hotspur,Kieran Trippier,90.8,39.8,0.017029634,29.200684923473972,Off T,Right Foot,Open Play
Tottenham Hotspur,Harry Kane,110.6,53.0,0.0416638,16.042443704124384,Saved,Right Foot,Open Play
Tottenham Hotspur,Harry Kane,112.6,42.9,0.11241342,7.9479557120054505,Off T,Head,Open Play
Tottenham Hotspur,Toby Alderweireld,92.5,57.9,0.008827523,32.812497619047534,Blocked,Left Foot,Open Play
Watford,Troy Deeney,104.6,34.5,0.053227026,16.352675622050363,Blocked,Right Foot,Open Play
Watford,Troy Deeney,107.9,42.2,0.11143181,12.298373876248837,Blocked,Right Foot,Open Play
Tottenham Hotspur,Heung-Min Son,117.0,48.4,0.15006958,8.919641248391102,Goal,Right Foot,Open Play
Watford,Troy Deeney,113.1,29.9,0.08529977,12.231925441237783,Blocked,Right Foot,Open Play
Everton,Gerard Deulofeu Lázaro,107.5,53.2,0.05818535,18.179383927955318,Saved,Right Foot,Open Play
Everton,Ross Barkley,115.1,33.8,0.5621058,7.902531240052145,Goal,Right Foot,Open Play
Everton,Arouna Koné,113.1,44.1,0.19058742,8.026207074328452,Saved,Right Foot,Open Play
Aston Villa,Ashley Westwood,88.8,35.0,0.023849195,31.59810120877519,Off T,Right Foot,Open Play
Everton,Romelu Lukaku Menama,109.2,47.9,0.08088228,13.38095661752178,Blocked,Right Foot,Open Play
Everton,Romelu Lukaku Menama,114.3,46.1,0.097524256,8.348652585896723,Goal,Head,Open Play
Aston Villa,Carles Gil de Pareja Vicent,102.3,56.4,0.029423933,24.12985702402731,Blocked,Left Foot,Open Play
Everton,Arouna Koné,111.4,40.8,0.20944506,8.637129152675667,Saved,Left Foot,Open Play
Everton,Ross Barkley,109.5,41.2,0.31552655,10.568348972285122,Goal,Right Foot,Open Play
Aston Villa,Ciaran Clark,114.6,33.3,0.06489188,8.605230967266369,Off T,Head,Open Play
Aston Villa,Jordan Veretout,99.9,35.8,0.049072187,20.53411795037712,Blocked,Right Foot,Open Play
Aston Villa,Jordan Veretout,100.9,35.4,0.628342,19.646119209655627,Saved,Left Foot,Open Play
Aston Villa,Kieran Richardson,100.9,21.5,0.013691248,26.590599842801584,Saved,Right Foot,Open Play
Everton,Romelu Lukaku Menama,106.8,40.6,0.27603883,13.213629327327148,Goal,Left Foot,Open Play
Everton,Arouna Koné,101.3,22.9,0.024013398,25.33969218439719,Saved,Right Foot,Open Play
Aston Villa,Jack Grealish,100.1,29.6,0.039676666,22.453730202351682,Blocked,Right Foot,Open Play
Aston Villa,Jordan Ayew,112.3,31.4,0.05642291,11.543396380615198,Saved,Right Foot,Open Play
Aston Villa,Jordan Ayew,101.3,36.1,0.1453917,19.102355875650524,Saved,Right Foot,Open Play
Everton,James McCarthy,93.6,49.6,0.019998597,28.091279785727107,Off T,Right Foot,Open Play
Aston Villa,Ashley Westwood,99.4,24.4,0.024309909,25.840278636268607,Blocked,Right Foot,Open Play
Aston Villa,Jordan Veretout,91.2,50.0,0.02962633,30.486718419665962,Off T,Right Foot,Open Play
Everton,Brendan Joel Zibusiso Galloway,114.2,31.1,0.31015974,10.623088063270488,Blocked,Left Foot,Open Play
Everton,Kevin Mirallas,93.8,24.0,0.021096881,30.699185656951883,Saved Off Target,Right Foot,Free Kick
Everton,Kevin Mirallas,103.8,27.8,0.057701107,20.28003944769339,Off T,Right Foot,Open Play
Everton,Kevin Mirallas,98.1,29.1,0.042898677,24.46262455256999,Saved,Right Foot,Open Play
Everton,Romelu Lukaku Menama,103.5,52.1,0.037602577,20.461182761512102,Blocked,Left Foot,Open Play
Everton,Romelu Lukaku Menama,98.6,53.2,0.017678382,25.143587651725444,Off T,Right Foot,Open Play
West Ham United,Mauro Matías Zárate,112.5,26.7,0.077690646,15.268922686293228,Off T,Left Foot,Open Play
West Bromwich Albion,José Salomón Rondón Giménez,98.2,56.3,0.027060939,27.22002939013843,Off T,Right Foot,Open Play
West Ham United,Mauro Matías Zárate,95.6,28.9,0.05516795,26.806156009394563,Goal,Right Foot,Free Kick
West Ham United,Cheikhou Kouyaté,113.3,42.5,0.1957007,7.151223671512452,Off T,Head,Open Play
West Ham United,Manuel Lanzini,96.6,40.6,0.04626875,23.4076910437574,Saved,Right Foot,Open Play
West Ham United,Manuel Lanzini,105.7,47.2,0.07524708,16.01030917877603,Saved,Right Foot,Open Play
West Bromwich Albion,Stéphane Sessègnon,103.0,50.9,0.040608834,20.194306128213466,Wayward,Right Foot,Open Play
West Ham United,Mauro Matías Zárate,104.6,41.3,0.10179491,15.454772725601634,Wayward,Right Foot,Open Play
West Ham United,Diafra Sakho,108.3,50.7,0.11492755,15.8549676757791,Blocked,Right Foot,Open Play
West Ham United,Victor Moses,110.3,55.5,0.023214765,18.284966502567077,Off T,Right Foot,Open Play
West Bromwich Albion,Rickie Lambert,103.4,53.9,0.0300194,21.651096969899694,Blocked,Left Foot,Open Play
West Bromwich Albion,Rickie Lambert,91.3,47.0,0.040643673,29.541326984412873,Saved,Right Foot,Free Kick
West Bromwich Albion,José Salomón Rondón Giménez,115.8,39.3,0.3980353,4.257933771208758,Saved,Head,Open Play
West Bromwich Albion,James McClean,109.0,29.6,0.05705399,15.138031576133006,Off T,Right Foot,Open Play
West Ham United,Mauro Matías Zárate,94.9,49.4,0.057692844,26.802425263397335,Saved,Right Foot,Free Kick
West Ham United,Diafra Sakho,116.0,44.4,0.39573014,5.946427498927401,Off T,Head,Open Play
West Ham United,Diafra Sakho,109.2,50.5,0.19972534,15.062868252759829,Blocked,Right Foot,Open Play
West Ham United,Mauro Matías Zárate,99.7,37.2,0.041202214,20.492193635626222,Off T,Right Foot,Open Play
West Ham United,Mauro Matías Zárate,104.7,21.8,0.018791938,23.77666923688009,Saved,Right Foot,Open Play
West Ham United,Andy Carroll,110.0,39.1,0.10890258,10.04041831797859,Blocked,Left Foot,Open Play
West Ham United,Nikica Jelavić,104.0,31.2,0.047360927,18.260339536821323,Off T,Left Foot,Open Play
West Ham United,Victor Moses,108.5,33.6,0.094383955,13.160927019021115,Off T,Left Foot,Open Play
West Bromwich Albion,James McClean,108.7,45.5,0.12789801,12.567418191498202,Saved,Left Foot,Open Play
West Ham United,Manuel Lanzini,94.5,46.5,0.06396906,26.315394733881533,Blocked,Right Foot,Free Kick
Swansea City,Àngel Rangel Zaragoza,106.7,54.4,0.050289895,19.602295783912655,Post,Right Foot,Open Play
Swansea City,Sung-Yeung Ki,118.0,42.1,0.7259873,2.9000000000000012,Goal,Right Foot,Open Play
Swansea City,Gylfi Þór Sigurðsson,103.4,50.5,0.06310795,19.642046736529263,Saved,Left Foot,Open Play
West Bromwich Albion,Chris Brunt,100.4,52.6,0.06835985,23.30064376793053,Blocked,Left Foot,Free Kick
West Bromwich Albion,Darren Fletcher,101.8,44.5,0.056438327,18.748066566982317,Blocked,Right Foot,Open Play
West Bromwich Albion,Chris Brunt,95.9,19.4,0.008575693,31.704416096184453,Off T,Right Foot,Open Play
Swansea City,Jefferson Antonio Montero Vite,110.1,24.9,0.04375552,18.056023925549063,Blocked,Left Foot,Open Play
Swansea City,André Ayew Pelé,91.6,41.8,0.03843858,28.456985082752535,Off T,Left Foot,Open Play
West Bromwich Albion,James Morrison,103.3,29.5,0.061862174,19.726631744927975,Saved,Left Foot,Open Play
West Bromwich Albion,Rickie Lambert,109.0,38.5,0.062141903,11.10180165558726,Saved,Head,Open Play
Swansea City,Àngel Rangel Zaragoza,93.8,58.7,0.0070899096,32.18897326725412,Blocked,Right Foot,Open Play
West Bromwich Albion,Rickie Lambert,112.4,33.7,0.12452278,9.871676655968827,Off T,Right Foot,Open Play
Swansea City,Neil Taylor,102.9,26.1,0.048876155,22.036787424667864,Blocked,Right Foot,Open Play
West Bromwich Albion,James Morrison,107.8,50.4,0.062063925,16.0312195418814,Blocked,Right Foot,Open Play
West Bromwich Albion,Saido Berahino,105.6,51.3,0.07352921,18.304371062672438,Blocked,Right Foot,Open Play
West Bromwich Albion,Craig Dawson,113.8,36.8,0.10175209,6.9771054170049664,Saved,Head,Open Play
Tottenham Hotspur,Harry Kane,97.1,23.4,0.022714194,28.28374091240408,Saved,Right Foot,Open Play
Newcastle United,Siem Stefan de Jong,104.0,46.7,0.0671154,17.346181135915767,Blocked,Left Foot,Open Play
Tottenham Hotspur,Erik Lamela,99.4,49.2,0.036998156,22.561028345356952,Blocked,Left Foot,Open Play
Tottenham Hotspur,Eric Dier,94.4,50.6,0.03170566,27.707760645710792,Off T,Right Foot,Open Play
Tottenham Hotspur,Christian Dannemann Eriksen,95.0,51.3,0.026242115,27.43519637254306,Blocked,Right Foot,Open Play
Tottenham Hotspur,Christian Dannemann Eriksen,90.2,51.6,0.019640652,31.978117518077887,Off T,Left Foot,Open Play
Tottenham Hotspur,Bamidele Alli,104.6,33.0,0.021075774,16.916264363032408,Saved,Head,Open Play
Newcastle United,Papiss Demba Cissé,106.5,41.3,0.030746069,13.56244815658294,Off T,Head,Open Play
Tottenham Hotspur,Erik Lamela,102.2,31.1,0.0693623,19.901004999748125,Saved,Left Foot,Open Play
Tottenham Hotspur,Erik Lamela,108.1,44.5,0.22605076,12.722421153223946,Saved,Left Foot,Open Play
Tottenham Hotspur,Eric Dier,113.9,31.8,0.057387173,10.220078277586719,Goal,Head,Open Play
Tottenham Hotspur,Christian Dannemann Eriksen,93.3,33.8,0.036166962,27.410399486326355,Blocked,Right Foot,Open Play
Tottenham Hotspur,Danny Rose,111.6,26.6,0.10044001,15.815182578775373,Wayward,Left Foot,Open Play
Tottenham Hotspur,Christian Dannemann Eriksen,98.0,39.8,0.09716547,22.000909072126998,Blocked,Right Foot,Free Kick
Newcastle United,Georginio Wijnaldum,112.4,32.5,0.05283276,10.677546534667966,Blocked,Right Foot,Open Play
Newcastle United,Papiss Demba Cissé,111.1,28.3,0.12442368,14.700340132119395,Off T,Left Foot,Open Play
Tottenham Hotspur,Harry Kane,92.3,54.4,0.018786231,31.21938500355188,Saved,Right Foot,Open Play
Tottenham Hotspur,Toby Alderweireld,110.9,41.7,0.10887253,9.257429448826489,Off T,Head,Open Play
Newcastle United,Papiss Demba Cissé,106.3,46.1,0.042492054,14.996666296213972,Saved,Head,Open Play
Tottenham Hotspur,Christian Dannemann Eriksen,94.3,20.6,0.009361992,32.2001552791287,Saved,Right Foot,Free Kick
Tottenham Hotspur,Christian Dannemann Eriksen,91.4,40.4,0.027916402,28.602797066021353,Saved,Right Foot,Open Play
Newcastle United,Chancel Mbemba Mangulu,115.5,37.0,0.30120918,5.408326913195984,Saved,Head,Open Play
Newcastle United,Aleksandar Mitrović,119.3,40.6,0.7771337,0.9219544457292917,Goal,Right Foot,Open Play
Tottenham Hotspur,Heung-Min Son,116.4,47.5,0.07554184,8.319254774317226,Off T,Right Foot,Open Play
Tottenham Hotspur,Christian Dannemann Eriksen,99.9,45.8,0.05764891,20.920086041888062,Blocked,Right Foot,Open Play
Tottenham Hotspur,Heung-Min Son,96.1,44.6,0.050646387,24.33865238668732,Off T,Right Foot,Open Play
Tottenham Hotspur,Bamidele Alli,89.7,44.0,0.016656946,30.56288598938261,Saved,Right Foot,Open Play
Newcastle United,Ayoze Pérez Gutiérrez,114.4,53.1,0.05311282,14.246754016266301,Goal,Right Foot,Open Play
Chelsea,Diego da Silva Costa,114.7,44.8,0.17360905,7.150524456289898,Off T,Head,Open Play
Chelsea,Branislav Ivanović,98.9,55.9,0.026392318,26.42006813011654,Blocked,Left Foot,Open Play
Chelsea,César Azpilicueta Tanco,92.6,31.7,0.023612775,28.62953020920882,Blocked,Left Foot,Open Play
Chelsea,Willian Borges da Silva,100.2,50.5,0.039257634,22.41182723474371,Blocked,Right Foot,Open Play
Watford,José Manuel Jurado Marín,97.1,19.7,0.007919139,30.602287496198716,Blocked,Right Foot,Open Play
Watford,José Manuel Jurado Marín,92.1,39.1,0.019831348,27.914512354687485,Wayward,Right Foot,Open Play
Watford,Odion Jude Ighalo,107.9,38.8,0.2507038,12.159358535712311,Off T,Right Foot,Open Play
Watford,Odion Jude Ighalo,113.6,38.5,0.101680964,6.573431371817924,Off T,Head,Open Play
Watford,Odion Jude Ighalo,100.7,37.9,0.06142862,19.413912537147166,Blocked,Right Foot,Open Play
Watford,Almen Abdi,91.7,35.7,0.028076027,28.62481440987871,Off T,Right Foot,Open Play
Chelsea,John Terry,111.3,38.0,0.08030058,8.926925562588726,Blocked,Head,Open Play
Chelsea,Diego da Silva Costa,114.8,37.9,0.18960443,5.608029957123985,Goal,Left Foot,Open Play
Chelsea,Oscar dos Santos Emboaba Júnior,111.8,47.4,0.09348355,11.045361017187263,Off T,Right Foot,Open Play
Watford,José Manuel Jurado Marín,95.9,51.0,0.061777692,26.49169681239765,Blocked,Right Foot,Free Kick
Watford,Troy Deeney,108.0,40.0,0.7835,12.0,Goal,Right Foot,Penalty
Chelsea,Willian Borges da Silva,97.6,55.0,0.044689704,26.95848660440716,Off T,Right Foot,Free Kick
Chelsea,Branislav Ivanović,117.1,51.8,0.016331553,12.151131634543342,Blocked,Right Foot,Open Play
Watford,Etienne Capoue,100.8,30.7,0.04120405,21.333776037073232,Saved,Right Foot,Open Play
Watford,Etienne Capoue,106.1,37.2,0.1017044,14.179210133149171,Blocked,Right Foot,Open Play
Watford,Odion Jude Ighalo,106.4,26.9,0.032975733,18.883061192507952,Blocked,Left Foot,Open Play
Chelsea,Nemanja Matić,101.2,24.7,0.023067037,24.239018131929353,Blocked,Left Foot,Open Play
Chelsea,Pedro Eliezer Rodríguez Ledesma,108.5,50.2,0.07312381,15.371727293964074,Blocked,Right Foot,Open Play
Chelsea,Diego da Silva Costa,108.7,49.0,0.3057148,14.446106741956461,Goal,Right Foot,Open Play
Chelsea,Diego da Silva Costa,113.2,34.3,0.20282134,8.872992730753248,Saved,Right Foot,Open Play
Chelsea,Willian Borges da Silva,97.4,32.3,0.07649453,23.875719884434893,Off T,Right Foot,Free Kick
Chelsea,Oscar dos Santos Emboaba Júnior,108.0,40.0,0.7835,12.0,Off T,Right Foot,Penalty
Watford,Odion Jude Ighalo,113.9,26.6,0.046669737,14.723111084278345,Blocked,Right Foot,Open Play
Watford,Troy Deeney,104.5,32.5,0.07114419,17.219175357722563,Blocked,Right Foot,Open Play
Chelsea,Nemanja Matić,103.1,54.1,0.039221413,22.009543384632046,Blocked,Left Foot,Open Play
Chelsea,John Michael Nchekwube Obinna,89.2,40.6,0.025181275,30.805843601498726,Off T,Right Foot,Open Play
Swansea City,Bafétimbi Gomis,109.8,56.7,0.022783333,19.56859729260123,Off T,Right Foot,Open Play
Swansea City,Gylfi Þór Sigurðsson,100.2,44.9,0.03625866,20.39730374338726,Blocked,Left Foot,Open Play
Swansea City,Gylfi Þór Sigurðsson,98.4,49.6,0.054540705,23.637258724310648,Blocked,Right Foot,Open Play
Swansea City,André Ayew Pelé,110.4,41.3,0.10374171,9.687620966986678,Off T,Head,Open Play
West Ham United,Mauro Matías Zárate,90.3,25.6,0.009756307,33.00681747760605,Saved,Right Foot,Open Play
Swansea City,Sung-Yeung Ki,108.3,53.0,0.08939273,17.489711261195826,Saved,Right Foot,Open Play
West Ham United,Mark Noble,100.5,35.2,0.057022456,20.08208156541547,Off T,Right Foot,Open Play
West Ham United,James Collins,110.5,47.9,0.0336885,12.355565547557909,Off T,Head,Open Play
West Ham United,Mauro Matías Zárate,101.4,60.0,0.009137835,27.31226830565341,Saved,Right Foot,Open Play
West Ham United,James Collins,104.6,33.2,0.061643373,16.834488409215176,Blocked,Left Foot,Open Play
Swansea City,Sung-Yeung Ki,89.2,44.9,0.02505534,31.18733717392365,Blocked,Right Foot,Open Play
Swansea City,Bafétimbi Gomis,97.7,35.5,0.041277375,22.749505489130964,Wayward,Left Foot,Open Play
Swansea City,André Ayew Pelé,103.1,47.0,0.06739515,18.292348127017487,Off T,Right Foot,Open Play
West Ham United,Michail Antonio,98.1,23.9,0.024128826,27.181243532995328,Blocked,Right Foot,Open Play
Swansea City,Gylfi Þór Sigurðsson,99.4,42.3,0.049817543,20.72800038595136,Blocked,Right Foot,Open Play
Swansea City,Sung-Yeung Ki,86.4,43.9,0.01666,33.8255820349037,Blocked,Right Foot,Open Play
Swansea City,Jack Frank Porteous Cork,96.9,38.7,0.023213614,23.136551169091728,Saved,Right Foot,Open Play
Swansea City,Federico Fernández,113.6,50.4,0.0417004,12.211470017979,Blocked,Right Foot,Open Play
Swansea City,Sung-Yeung Ki,114.3,32.4,0.072088726,9.500000000000004,Off T,Head,Open Play
Swansea City,Sung-Yeung Ki,106.6,30.9,0.11280017,16.197839362087777,Blocked,Right Foot,Open Play
Swansea City,Gylfi Þór Sigurðsson,103.3,23.4,0.032844793,23.546761985462037,Blocked,Right Foot,Open Play
Swansea City,Federico Fernández,88.6,29.6,0.015474425,33.077484789505995,Off T,Right Foot,Open Play
Swansea City,Gylfi Þór Sigurðsson,105.1,25.6,0.027449371,20.721245136332907,Wayward,Right Foot,Open Play
Swansea City,Kyle Naughton,91.7,51.1,0.022432974,30.399013141876825,Off T,Right Foot,Open Play
West Ham United,Enner Remberto Valencia Lastra,102.7,22.8,0.028657885,24.39528642996429,Saved,Right Foot,Open Play
West Ham United,Angelo Obinze Ogbonna,102.8,23.7,0.026919754,23.69662423215594,Blocked,Right Foot,Open Play
Swansea City,Gylfi Þór Sigurðsson,96.4,51.8,0.041797336,26.38560213449751,Blocked,Right Foot,Open Play
Swansea City,Ashley Williams,109.6,38.1,0.10858244,10.572133181151292,Off T,Right Foot,Open Play
Swansea City,Leon Britton,100.3,24.6,0.02632503,25.004999500099974,Blocked,Right Foot,Open Play
West Ham United,James Tomkins,103.2,42.9,0.07773302,17.048460341039593,Blocked,Left Foot,Open Play
West Ham United,James Collins,111.9,38.2,0.076704904,8.297590011563592,Off T,Head,Open Play
West Ham United,Enner Remberto Valencia Lastra,92.7,31.1,0.02276797,28.714108030722453,Off T,Right Foot,Open Play
Swansea City,Jonjo Shelvey,108.6,32.3,0.03952703,13.756816492197611,Blocked,Right Foot,Open Play
Norwich City,Cameron Jerome,102.2,44.8,0.139287,18.435834670553973,Off T,Right Foot,Open Play
Leicester City,Shinji Okazaki,113.9,45.2,0.20798212,8.015609770940696,Off T,Head,Open Play
Norwich City,Graham Dorrans,96.7,52.2,0.028765477,26.300760445279902,Blocked,Right Foot,Open Play
Norwich City,Graham Dorrans,88.4,49.8,0.01178937,33.08473968463405,Wayward,Right Foot,Open Play
Leicester City,Jamie Vardy,119.5,31.4,0.016617822,8.61452262171271,Saved,Right Foot,Open Play
Leicester City,Jeffrey Schlupp,106.5,29.0,0.109360814,17.414074767267998,Blocked,Left Foot,Open Play
Leicester City,Danny Drinkwater,114.3,46.4,0.18145864,8.570297544426332,Saved,Right Foot,Open Play
Leicester City,Danny Simpson,106.5,54.8,0.04546489,20.0322240402807,Blocked,Right Foot,Open Play
Leicester City,Jamie Vardy,108.1,40.1,0.7835,11.900420160649796,Goal,Right Foot,Penalty
Leicester City,Jeffrey Schlupp,117.3,36.8,0.8362313,4.186884283091668,Wayward,Left Foot,Open Play
Norwich City,Russell Martin,98.0,24.5,0.022767626,26.911893281595777,Off T,Right Foot,Open Play
Leicester City,Shinji Okazaki,112.6,30.3,0.21089613,12.200409829181972,Off T,Head,Open Play
Leicester City,Robert Huth,113.8,33.4,0.10017102,9.055385138137419,Off T,Head,Open Play
Leicester City,Shinji Okazaki,110.1,55.0,0.020951938,17.972478960900194,Off T,Right Foot,Open Play
Norwich City,Jonathan Howson,105.5,42.0,0.08248446,14.637281168304447,Blocked,Left Foot,Open Play
Leicester City,Jeffrey Schlupp,110.8,30.3,0.21692438,13.368993978605872,Goal,Left Foot,Open Play
Norwich City,Dieumerci Mbokani Bezua,112.8,41.9,0.09346234,7.446475676452589,Wayward,Head,Open Play
Norwich City,Cameron Jerome,94.4,39.6,0.028321764,25.60312480928841,Off T,Left Foot,Open Play
Norwich City,Dieumerci Mbokani Bezua,114.0,43.8,0.15431973,7.1021123618258795,Post,Head,Open Play
Norwich City,Russell Martin,115.9,31.9,0.06491774,9.078546139112804,Blocked,Head,Open Play
Norwich City,Dieumerci Mbokani Bezua,114.1,41.9,0.3622933,6.198386886924699,Goal,Right Foot,Open Play
Norwich City,Wes Hoolahan,104.2,50.4,0.06990754,18.915602025840993,Blocked,Right Foot,Open Play
Leicester City,Jeffrey Schlupp,93.0,43.3,0.029739393,27.20091910211859,Off T,Left Foot,Open Play
Norwich City,Wes Hoolahan,92.2,51.3,0.023218561,30.00883203325314,Blocked,Left Foot,Open Play
Leicester City,Jamie Vardy,108.8,54.8,0.07318881,18.560172412992287,Off T,Right Foot,Open Play
Norwich City,Nathan Redmond,110.2,57.0,0.0100224335,19.622436138257655,Saved,Right Foot,Open Play
Norwich City,Sébastien Aymar Bassong Nguena,112.4,34.8,0.06236778,9.208691546577068,Off T,Head,Open Play
Leicester City,Robert Huth,112.6,39.5,0.14274858,7.416872656315469,Off T,Head,Open Play
Leicester City,Jamie Vardy,108.1,29.9,0.20089899,15.608331108738057,Blocked,Left Foot,Open Play
Norwich City,Jonathan Howson,112.7,56.4,0.012578207,17.95132307101624,Blocked,Right Foot,Open Play
Norwich City,Sébastien Aymar Bassong Nguena,110.7,39.8,0.080680154,9.302150289046073,Off T,Head,Open Play
Leicester City,Jamie Vardy,105.8,32.8,0.34297445,15.921055241409098,Saved,Right Foot,Open Play
Norwich City,Nathan Redmond,103.4,52.9,0.04141339,21.023082552280478,Blocked,Left Foot,Open Play
Everton,Romelu Lukaku Menama,99.2,49.4,0.073162764,22.825424421026653,Blocked,Left Foot,Free Kick
Everton,Phil Jagielka,107.5,37.3,0.04087312,12.788275880665072,Off T,Head,Open Play
Swansea City,Bafétimbi Gomis,105.9,36.8,0.046742335,14.458561477546784,Saved,Right Foot,Open Play
Swansea City,Bafétimbi Gomis,101.2,44.4,0.1927809,19.30802941783547,Off T,Right Foot,Open Play
Swansea City,Federico Fernández,109.1,39.4,0.035896033,10.916501271011704,Wayward,Head,Open Play
Everton,Steven Naismith,103.5,42.3,0.21283066,16.659531806146294,Blocked,Right Foot,Open Play
Everton,Steven Naismith,99.1,51.3,0.024160735,23.759208741033447,Wayward,Right Foot,Open Play
Everton,Romelu Lukaku Menama,110.4,41.5,0.3082996,9.716480844420984,Saved,Left Foot,Open Play
Everton,Arouna Koné,95.1,49.9,0.025334695,26.795895208035134,Off T,Right Foot,Open Play
Everton,Romelu Lukaku Menama,107.2,51.7,0.04782078,17.34156855650607,Blocked,Right Foot,Open Play
Swansea City,Jonjo Shelvey,89.8,41.5,0.02174093,30.237228708993822,Blocked,Right Foot,Open Play
Swansea City,Bafétimbi Gomis,103.8,45.3,0.07368349,17.044940598312454,Blocked,Left Foot,Open Play
Swansea City,André Ayew Pelé,114.0,43.2,0.14337623,6.800000000000002,Off T,Head,Open Play
Everton,Phil Jagielka,91.2,26.8,0.01852464,31.680909077865802,Off T,Right Foot,Open Play
Everton,Brendan Joel Zibusiso Galloway,112.8,27.2,0.09495974,14.686047800548657,Off T,Left Foot,Open Play
Everton,Romelu Lukaku Menama,105.6,50.7,0.27688155,17.94017837146555,Off T,Right Foot,Open Play
Swansea City,Gylfi Þór Sigurðsson,100.9,58.7,0.010442095,26.73013280924732,Off T,Right Foot,Free Kick
Everton,Ross Barkley,100.0,48.5,0.04640284,21.73131381210073,Blocked,Right Foot,Open Play
Everton,Romelu Lukaku Menama,116.7,32.0,0.15802994,8.653900854527974,Blocked,Left Foot,Open Play
Swansea City,Jefferson Antonio Montero Vite,111.8,21.0,0.009972326,20.69396047159654,Saved,Right Foot,Open Play
Swansea City,Jefferson Antonio Montero Vite,100.3,26.0,0.033697274,24.167953988701655,Blocked,Right Foot,Open Play
Swansea City,Bafétimbi Gomis,96.3,44.0,0.06354609,24.035182545593454,Saved,Left Foot,Open Play
Everton,James McCarthy,106.0,26.5,0.054475922,19.448650338776723,Wayward,Left Foot,Open Play
Everton,Brendan Joel Zibusiso Galloway,104.8,30.1,0.05901611,18.139735389470268,Blocked,Left Foot,Open Play
Everton,Ross Barkley,98.6,25.3,0.025848033,25.962472917655596,Blocked,Right Foot,Open Play
Everton,Romelu Lukaku Menama,104.8,38.4,0.13936181,15.283978539634242,Blocked,Left Foot,Open Play
Everton,Steven Naismith,105.8,35.5,0.04952955,14.89597261007149,Off T,Right Foot,Open Play
Swansea City,Jonjo Shelvey,96.5,44.0,0.051787633,23.837994882120434,Off T,Left Foot,Open Play
Swansea City,Sung-Yeung Ki,108.5,40.4,0.06569809,11.506954418958998,Off T,Left Foot,Open Play
AFC Bournemouth,Junior Stanislas,101.2,31.0,0.049492385,20.84322431870846,Blocked,Left Foot,Open Play
Norwich City,Sébastien Aymar Bassong Nguena,114.3,44.5,0.16112016,7.262231062146125,Wayward,Head,Open Play
Norwich City,Alexander Banor Tettey,95.3,47.4,0.02029139,25.7846853771769,Off T,Left Foot,Open Play
Norwich City,Cameron Jerome,110.2,50.1,0.12730543,14.073023839957068,Off T,Right Foot,Open Play
Norwich City,Cameron Jerome,112.2,42.6,0.4414923,8.221921916437784,Goal,Right Foot,Open Play
AFC Bournemouth,Callum Wilson,114.8,37.1,0.3888805,5.953990258641681,Post,Right Foot,Open Play
AFC Bournemouth,Junior Stanislas,105.2,50.3,0.070304535,18.031361568112374,Off T,Right Foot,Open Play
Norwich City,Cameron Jerome,95.2,32.4,0.030344604,25.938388538997557,Off T,Right Foot,Open Play
Norwich City,Nathan Redmond,94.9,58.3,0.008400766,31.06283953536765,Off T,Left Foot,Open Play
Norwich City,Wes Hoolahan,100.7,32.1,0.14814475,20.85425616031413,Goal,Left Foot,Open Play
AFC Bournemouth,Eunan O''Kane,93.2,40.7,0.026123967,26.80914023239089,Blocked,Left Foot,Open Play
Norwich City,Jonathan Howson,99.9,49.2,0.030436665,22.105429197371397,Blocked,Right Foot,Open Play
Norwich City,Robert Brady,109.6,54.1,0.06920442,17.520559351801534,Post,Left Foot,Open Play
Norwich City,Matt Jarvis,106.3,48.8,0.22474217,16.282813024781685,Goal,Left Foot,Open Play
AFC Bournemouth,Callum Wilson,108.7,55.9,0.044263415,19.506409203131156,Blocked,Right Foot,Open Play
AFC Bournemouth,Yann Kermorgant,108.8,35.2,0.08395247,12.185236969382256,Off T,Left Foot,Open Play
AFC Bournemouth,Steve Cook,107.0,39.3,0.035954256,13.018832512940628,Goal,Head,Open Play
Norwich City,Dieumerci Mbokani Bezua,109.2,27.1,0.043514222,16.82408987137194,Blocked,Left Foot,Open Play
AFC Bournemouth,Glenn Murray,109.8,35.2,0.077700995,11.272976536833564,Off T,Head,Open Play
Norwich City,Robert Brady,116.5,24.5,0.01456498,15.890248582070704,Saved,Left Foot,Open Play
Stoke City,Mame Biram Diouf,107.1,51.3,0.21200179,17.149344010777792,Blocked,Right Foot,Open Play
Stoke City,Geoff Cameron,111.8,45.4,0.080149755,9.818350166906864,Wayward,Right Foot,Open Play
Stoke City,Marko Arnautović,101.7,24.4,0.02806885,24.046829312822094,Off T,Right Foot,Open Play
Stoke City,Charlie Adam,47.2,40.2,0.0034866466,47.20042372691161,Saved,Left Foot,Open Play
Stoke City,Mame Biram Diouf,114.3,39.7,0.2794577,5.707889277132137,Wayward,Head,Open Play
Stoke City,Bojan Krkíc Pérez,105.5,28.4,0.09037716,18.569060288555264,Blocked,Right Foot,Open Play
Stoke City,Jonathan Walters,109.1,32.8,0.051915426,13.063307391315577,Saved,Head,Open Play
Aston Villa,Idrissa Gana Gueye,94.2,28.3,0.030329108,28.32896044686426,Off T,Left Foot,Open Play
Aston Villa,Rudy Gestede,110.3,28.5,0.026708348,15.044600360262152,Saved,Head,Open Play
Stoke City,Marko Arnautović,111.3,45.5,0.42045236,10.292715870944853,Goal,Right Foot,Open Play
Aston Villa,Micah Richards,113.0,46.3,0.13333072,9.417536832951596,Off T,Head,Open Play
Aston Villa,Jordan Veretout,94.6,26.7,0.040673684,28.671414335536365,Blocked,Right Foot,Free Kick
Aston Villa,Jordan Ayew,90.7,31.2,0.022385506,30.59297304937851,Blocked,Right Foot,Open Play
Stoke City,Marko Arnautović,106.1,32.9,0.12637874,15.608331108738057,Wayward,Right Foot,Open Play
Aston Villa,Rudy Gestede,101.5,55.5,0.041613024,24.13503677229434,Saved,Right Foot,Open Play
Stoke City,Ibrahim Afellay,106.7,32.2,0.06898861,15.418495387034362,Blocked,Right Foot,Open Play
Aston Villa,Jordan Ayew,108.2,51.9,0.066195115,16.75857989210303,Blocked,Right Foot,Open Play
Aston Villa,Jordan Veretout,107.8,30.0,0.07975078,15.774663229368798,Blocked,Right Foot,Open Play
Aston Villa,Jordan Veretout,100.3,24.8,0.026186664,24.882323042674294,Off T,Right Foot,Open Play
Stoke City,José Luis Sanmartín Mato,97.4,55.4,0.012703868,27.34812607839886,Saved,Left Foot,Open Play
Aston Villa,Jordan Ayew,109.4,23.6,0.03768967,19.52741662381381,Off T,Right Foot,Open Play
Stoke City,Ibrahim Afellay,94.1,33.9,0.034850873,26.60864521166007,Saved,Right Foot,Open Play
Aston Villa,Jack Grealish,98.4,54.8,0.034181617,26.18396455848502,Blocked,Right Foot,Open Play
Aston Villa,Jordan Ayew,92.7,39.8,0.057570636,27.30073259090312,Blocked,Right Foot,Free Kick
Aston Villa,Jordan Amavi,93.3,44.0,0.026104175,26.997962886114205,Blocked,Left Foot,Open Play
Southampton,James Ward-Prowse,89.2,34.3,0.032776162,31.322994748267604,Saved,Right Foot,Free Kick
Southampton,Oriol Romeu Vidal,103.1,41.3,0.052692223,16.949926253526893,Off T,Left Foot,Open Play
Southampton,José Miguel da Rocha Fonte,106.7,46.4,0.06186476,14.759742545180112,Off T,Left Foot,Open Play
Southampton,Graziano Pellè,113.8,37.6,0.111539766,6.648308055437866,Off T,Head,Open Play
Southampton,Sadio Mané,101.9,53.7,0.045490336,22.700220263248546,Saved,Left Foot,Open Play
Southampton,Graziano Pellè,100.1,38.6,0.036481846,19.949185447030167,Off T,Right Foot,Open Play
Norwich City,Cameron Jerome,113.7,39.4,0.5071167,6.3285069329186925,Off T,Head,Open Play
Norwich City,Nathan Redmond,91.6,46.8,0.038744036,29.202739597510373,Blocked,Right Foot,Open Play
Southampton,Graziano Pellè,110.3,37.9,0.12601388,9.924716620639607,Blocked,Right Foot,Open Play
Southampton,Dušan Tadić,107.4,23.8,0.04232179,20.52315765178448,Off T,Left Foot,Open Play
Southampton,Oriol Romeu Vidal,93.9,29.1,0.022660265,28.284624798642806,Blocked,Left Foot,Open Play
Southampton,Graziano Pellè,114.2,46.5,0.22505929,8.711486669908872,Goal,Right Foot,Open Play
Southampton,Graziano Pellè,114.8,32.9,0.074123435,8.800568163476722,Wayward,Head,Open Play
Southampton,Graziano Pellè,96.9,43.0,0.052949518,23.293990641364992,Blocked,Left Foot,Open Play
Southampton,Sadio Mané,109.5,53.0,0.11065638,16.710774967068403,Saved,Right Foot,Open Play
Southampton,Jay Rodriguez,103.2,56.2,0.043629788,23.33838040653207,Saved,Right Foot,Open Play
Southampton,Jay Rodriguez,102.7,54.8,0.027883347,22.76686188300882,Off T,Right Foot,Open Play
Southampton,Graziano Pellè,97.2,43.5,0.057284817,23.067076104266008,Off T,Right Foot,Open Play
Norwich City,Sébastien Aymar Bassong Nguena,111.7,33.7,0.05381817,10.420172743289813,Blocked,Head,Open Play
Southampton,Graziano Pellè,111.8,38.3,0.12771243,8.374365647617738,Off T,Head,Open Play
Southampton,Dušan Tadić,108.6,32.7,0.2525898,13.536986370680888,Goal,Right Foot,Open Play
Southampton,Graziano Pellè,112.0,38.0,0.16696411,8.246211251235321,Saved,Head,Open Play
Southampton,Dušan Tadić,118.1,42.8,0.8209043,3.383784863137727,Goal,Left Foot,Open Play
Southampton,Jay Rodriguez,104.5,55.7,0.031784352,22.062184841941654,Off T,Right Foot,Open Play
Southampton,Jay Rodriguez,104.3,20.1,0.010043964,25.347583711273153,Off T,Right Foot,Open Play
Southampton,James Ward-Prowse,93.2,30.9,0.052268352,28.302826713952086,Off T,Right Foot,Free Kick
Norwich City,Alexander Banor Tettey,90.8,52.6,0.018604094,31.802515623767885,Off T,Right Foot,Open Play
Norwich City,Bradley Johnson,92.0,48.4,0.02829663,29.23285822494954,Saved,Left Foot,Open Play
Norwich City,Gary Hooper,106.5,51.0,0.13312706,17.414074767267998,Off T,Right Foot,Open Play
Manchester United,Wayne Mark Rooney,95.7,44.2,0.027987175,24.660291969074493,Off T,Right Foot,Open Play
Manchester United,Juan Manuel Mata García,107.3,55.4,0.06737563,19.96121238802894,Off T,Left Foot,Open Play
West Bromwich Albion,José Salomón Rondón Giménez,110.0,46.1,0.07541147,11.713667231059622,Wayward,Head,Open Play
Manchester United,Bastian Schweinsteiger,105.9,49.9,0.060069412,17.22846481843347,Off T,Left Foot,Open Play
Manchester United,Wayne Mark Rooney,103.3,55.4,0.027070703,22.716733920174352,Blocked,Right Foot,Open Play
Manchester United,Jesse Lingard,109.1,29.7,0.245568,14.996666296213974,Blocked,Left Foot,Open Play
Manchester United,Anthony Martial,94.1,20.9,0.0084179,32.181050324686424,Blocked,Right Foot,Open Play
Manchester United,Anthony Martial,103.0,41.3,0.10561759,17.04963342714441,Saved,Right Foot,Open Play
West Bromwich Albion,Chris Brunt,90.1,38.7,0.036236055,29.928247526375483,Blocked,Left Foot,Free Kick
Manchester United,Jesse Lingard,99.2,28.6,0.03235411,23.719190542680835,Goal,Right Foot,Open Play
Manchester United,Wayne Mark Rooney,94.7,28.8,0.022606332,27.668212808202842,Blocked,Right Foot,Open Play
West Bromwich Albion,Darren Fletcher,103.6,43.2,0.030197056,16.709278859364346,Off T,Head,Open Play
Manchester United,Jesse Lingard,100.1,21.0,0.010941811,27.513814711886106,Off T,Right Foot,Open Play
West Bromwich Albion,Saido Berahino,111.6,40.3,0.2722123,8.405355435673146,Off T,Head,Open Play
Manchester United,Michael Carrick,94.7,44.1,0.032271978,25.63006047593333,Blocked,Left Foot,Open Play
Manchester United,Juan Manuel Mata García,106.0,52.2,0.03993405,18.569868066305695,Off T,Right Foot,Open Play
Manchester United,Juan Manuel Mata García,108.2,40.1,0.7835,11.800423721205943,Goal,Left Foot,Penalty
Arsenal,Alexis Alejandro Sánchez Sánchez,93.4,29.9,0.048977908,28.452943608702416,Saved,Right Foot,Free Kick
Arsenal,Alexis Alejandro Sánchez Sánchez,95.2,58.0,0.009428248,30.643759560471686,Off T,Right Foot,Open Play
Arsenal,Olivier Giroud,110.7,39.8,0.113309294,9.302150289046073,Goal,Head,Open Play
Arsenal,Kieran Gibbs,99.1,38.3,0.07206807,20.969024774652734,Off T,Left Foot,Open Play
West Bromwich Albion,Stéphane Sessègnon,94.6,31.8,0.05868112,26.690822392725188,Blocked,Right Foot,Free Kick
West Bromwich Albion,James Morrison,110.7,31.8,0.082130745,12.39879026357007,Goal,Right Foot,Open Play
Arsenal,Mesut Özil,103.6,32.2,0.0861628,18.160396471443022,Post,Left Foot,Open Play
Arsenal,Kieran Gibbs,112.0,29.0,0.17983925,13.601470508735444,Blocked,Left Foot,Open Play
Arsenal,Kieran Gibbs,104.7,31.8,0.066990614,17.358859409534947,Off T,Right Foot,Open Play
West Bromwich Albion,José Salomón Rondón Giménez,104.1,27.9,0.03824342,19.9804904844701,Off T,Right Foot,Open Play
Arsenal,Mesut Özil,111.5,26.7,0.04158771,15.784169284444463,Blocked,Left Foot,Open Play
Arsenal,Santiago Cazorla González,92.4,40.8,0.025306512,27.611591768675698,Off T,Left Foot,Open Play
Arsenal,Joel Nathaniel Campbell Samuels,113.8,47.0,0.23643313,9.350935782048769,Off T,Left Foot,Open Play
West Bromwich Albion,Jonas Olsson,116.6,43.4,0.23961432,4.808326112068526,Post,Head,Open Play
Arsenal,Santiago Cazorla González,107.9,40.1,0.7835,12.100413216084807,Wayward,Right Foot,Penalty
Arsenal,Joel Nathaniel Campbell Samuels,115.4,46.5,0.07612553,7.963039620647378,Blocked,Right Foot,Open Play
Arsenal,Laurent Koscielny,103.8,51.3,0.040550172,19.751708786836648,Saved,Left Foot,Open Play
Norwich City,Cameron Jerome,110.4,32.6,0.077074386,12.121056059601402,Saved,Head,Open Play
West Ham United,Diafra Sakho,105.4,57.2,0.031823467,22.561028345356952,Blocked,Right Foot,Open Play
West Ham United,Cheikhou Kouyaté,113.9,41.8,0.1641907,6.360031446463132,Saved,Other,Open Play
Norwich City,Robert Brady,104.2,33.3,0.4187945,17.1618763542918,Goal,Left Foot,Open Play
Norwich City,Steven Whittaker,110.1,54.4,0.06878416,17.47483905505284,Blocked,Left Foot,Open Play
Norwich City,Jonathan Howson,105.0,36.0,0.07702483,15.524174696260024,Off T,Left Foot,Open Play
West Ham United,James Tomkins,81.5,49.6,0.005576481,39.67883566840136,Off T,Right Foot,Open Play
Norwich City,Cameron Jerome,105.6,27.6,0.11458517,19.003157632351527,Off T,Left Foot,Open Play
West Ham United,Manuel Lanzini,91.6,47.2,0.032858793,29.298464123567985,Off T,Right Foot,Open Play
West Ham United,Diafra Sakho,111.9,38.9,0.52505594,8.174350127074318,Goal,Right Foot,Open Play
West Ham United,Manuel Lanzini,91.6,39.8,0.045412388,28.40070421662111,Off T,Right Foot,Free Kick
West Ham United,Manuel Lanzini,97.8,21.8,0.012698169,28.706793621022886,Blocked,Right Foot,Open Play
West Ham United,Diafra Sakho,104.7,36.4,0.2235633,15.71782427691568,Off T,Right Foot,Open Play
West Ham United,Winston Reid,112.2,37.3,0.070725076,8.254089895318561,Saved,Head,Open Play
Norwich City,Cameron Jerome,108.8,34.8,0.105013765,12.34827923234651,Off T,Left Foot,Open Play
Norwich City,Jonathan Howson,85.8,37.2,0.015272856,34.3144284521832,Saved,Right Foot,Open Play
Norwich City,Jonathan Howson,96.2,42.0,0.049809813,23.883885781003052,Saved,Right Foot,Open Play
West Ham United,Diafra Sakho,106.7,34.8,0.024327105,14.28040615668896,Off T,Head,Open Play
West Ham United,Diafra Sakho,111.9,40.1,0.26408002,8.100617260431449,Saved,Head,Open Play
West Ham United,Cheikhou Kouyaté,106.9,48.0,0.061657142,15.349592828475934,Wayward,Left Foot,Open Play
West Ham United,Dimitri Payet,104.8,48.9,0.2010141,17.61391495380854,Saved,Right Foot,Open Play
West Ham United,Pedro Mba Obiang Avomo,112.6,37.2,0.07609978,7.912016177940997,Off T,Head,Open Play
Norwich City,Cameron Jerome,108.4,41.6,0.11643196,11.709824934643551,Saved,Right Foot,Open Play
West Ham United,Diafra Sakho,96.3,36.9,0.030898454,23.901882771028735,Off T,Right Foot,Open Play
Norwich City,Robert Brady,92.9,33.0,0.025054477,27.989462302802455,Blocked,Right Foot,Open Play
Norwich City,Robert Brady,100.9,58.5,0.011598569,26.590599842801584,Blocked,Left Foot,Open Play
Norwich City,Russell Martin,113.2,32.4,0.08915086,10.198039027185569,Off T,Head,Open Play
Norwich City,Robert Brady,89.4,39.1,0.037402824,30.6132324330509,Saved Off Target,Left Foot,Free Kick
Norwich City,Nathan Redmond,106.8,26.2,0.045382597,19.09659655540746,Goal,Right Foot,Open Play
Norwich City,Martin Olsson,94.7,23.6,0.021390617,30.15045604961888,Saved,Left Foot,Open Play
West Ham United,Diafra Sakho,113.4,43.3,0.21112701,7.3790243257493,Saved,Right Foot,Open Play
West Ham United,Winston Reid,105.5,32.8,0.052655533,16.18919392681427,Blocked,Left Foot,Open Play
West Ham United,Cheikhou Kouyaté,114.1,45.3,0.22501273,7.9309520235593425,Goal,Right Foot,Open Play
Norwich City,Jonathan Howson,89.2,40.5,0.028949205,30.804058174208148,Blocked,Right Foot,Open Play
West Ham United,Cheikhou Kouyaté,96.6,44.1,0.023610763,23.756472802164893,Blocked,Right Foot,Open Play
Newcastle United,Papiss Demba Cissé,113.7,44.1,0.28667575,7.516648189186452,Goal,Head,Open Play
Newcastle United,Papiss Demba Cissé,103.0,38.6,0.13255979,17.057549648176316,Blocked,Right Foot,Open Play
Newcastle United,Moussa Sissoko,105.6,52.8,0.071270585,19.266551326067674,Blocked,Left Foot,Open Play
Newcastle United,Vurnon Anita,89.4,41.0,0.01552197,30.61633550900564,Saved,Left Foot,Open Play
Crystal Palace,James McArthur,98.8,41.6,0.07089203,21.2602916254693,Goal,Right Foot,Open Play
Crystal Palace,James McArthur,100.3,36.5,0.06591218,20.00849819451725,Off T,Left Foot,Open Play
Crystal Palace,Yannick Bolasie Yala,110.5,30.2,0.08373309,13.64880947189168,Goal,Left Foot,Open Play
Crystal Palace,Wilfried Zaha,99.8,43.1,0.036751475,20.43648697795196,Blocked,Right Foot,Open Play
Crystal Palace,Wilfried Zaha,107.5,52.9,0.055284575,17.962739212046696,Blocked,Right Foot,Open Play
Crystal Palace,Wilfried Zaha,105.2,48.0,0.074301735,16.82379267585047,Goal,Left Foot,Open Play
Newcastle United,Papiss Demba Cissé,112.6,46.9,0.17682111,10.117806086301519,Off T,Right Foot,Open Play
Crystal Palace,Yannick Bolasie Yala,116.6,44.9,0.4464118,5.96405902049938,Goal,Right Foot,Open Play
Crystal Palace,Connor Wickham,114.6,36.1,0.14991967,6.661080993352359,Blocked,Left Foot,Open Play
Crystal Palace,Pape N''Diaye Souaré,86.8,27.2,0.009182702,35.58201793040974,Blocked,Left Foot,Open Play
Crystal Palace,Jason Puncheon,100.4,36.6,0.07523324,19.89271223337833,Off T,Left Foot,Open Play
Crystal Palace,Yannick Bolasie Yala,109.9,40.9,0.16559681,10.14001972384669,Off T,Right Foot,Open Play
Crystal Palace,Joel Ward,97.0,56.6,0.021142706,28.364766877236978,Saved,Right Foot,Open Play
Crystal Palace,Connor Wickham,106.3,40.8,0.024059419,13.723337786413335,Off T,Head,Open Play
Newcastle United,Siem Stefan de Jong,106.2,36.6,0.084664986,14.212670403551893,Blocked,Left Foot,Open Play
Newcastle United,Yoan Gouffran,94.8,54.4,0.021069778,29.02412789387478,Blocked,Right Foot,Open Play
Crystal Palace,Jason Puncheon,100.0,25.5,0.026573984,24.70323865407125,Saved,Right Foot,Open Play
Crystal Palace,Yannick Bolasie Yala,99.9,23.5,0.028253483,26.0049995193232,Saved,Right Foot,Open Play
Crystal Palace,Connor Wickham,100.5,31.1,0.046808966,21.43501807790234,Off T,Right Foot,Open Play
Crystal Palace,Yannick Bolasie Yala,98.0,29.9,0.039663922,24.20764342103543,Saved,Right Foot,Open Play
Crystal Palace,Pape N''Diaye Souaré,107.9,30.4,0.11013379,15.445711378890902,Off T,Left Foot,Open Play
Crystal Palace,James McArthur,117.6,30.8,0.06005959,9.50789145920377,Goal,Left Foot,Open Play
Norwich City,Wes Hoolahan,78.7,31.3,0.0063351686,42.20639761931833,Off T,Left Foot,Open Play
Swansea City,Bafétimbi Gomis,88.8,28.5,0.013901811,33.251917237957876,Off T,Right Foot,Open Play
Norwich City,Cameron Jerome,115.2,41.1,0.26195556,4.92442890089805,Off T,Head,Open Play
Norwich City,Jonathan Howson,89.2,49.1,0.022904713,32.11619529147249,Saved,Right Foot,Open Play
Swansea City,Bafétimbi Gomis,109.6,35.2,0.08956855,11.454256850621087,Off T,Right Foot,Open Play
Swansea City,Bafétimbi Gomis,101.6,40.9,0.042429984,18.421997720117115,Blocked,Right Foot,Open Play
Norwich City,Robert Brady,110.8,41.3,0.07019721,9.291393867445295,Saved,Head,Open Play
Swansea City,Gylfi Þór Sigurðsson,110.5,47.1,0.08882965,11.86001686339442,Post,Right Foot,Open Play
Swansea City,Sung-Yeung Ki,104.3,50.7,0.08359332,18.999473676920637,Off T,Left Foot,Open Play
Norwich City,Gary O''Neil,95.9,42.7,0.031159993,24.250773183550244,Off T,Right Foot,Open Play
Norwich City,Robert Brady,98.0,32.9,0.07608706,23.11730953203681,Saved,Right Foot,Open Play
Norwich City,Jonathan Howson,116.0,37.0,0.50921273,5.0,Goal,Head,Open Play
Norwich City,Wes Hoolahan,95.7,32.5,0.054851174,25.431083343027286,Saved,Left Foot,Open Play
Norwich City,Sébastien Aymar Bassong Nguena,114.0,32.5,0.062824234,9.604686356149273,Off T,Head,Open Play
Swansea City,Kyle Naughton,100.8,54.3,0.10382166,23.94013366712893,Off T,Right Foot,Open Play
Swansea City,Bafétimbi Gomis,110.3,44.4,0.058686834,10.651291001564084,Blocked,Head,Open Play
Swansea City,Bafétimbi Gomis,87.0,53.8,0.0074574095,35.76926054589331,Off T,Right Foot,Open Play
Swansea City,Wayne Routledge,106.3,48.4,0.42969698,16.0701586799882,Saved,Right Foot,Open Play
Manchester City,Wilfried Guemiand Bony,104.0,38.9,0.07945379,16.037767924496226,Saved,Left Foot,Open Play
Swansea City,Gylfi Þór Sigurðsson,103.6,47.0,0.12329835,17.831432920547922,Saved,Right Foot,Open Play
Manchester City,Jesús Navas González,111.6,55.1,0.0421809,17.279178221200226,Blocked,Left Foot,Open Play
Manchester City,Wilfried Guemiand Bony,114.1,35.9,0.16490778,7.184705978674429,Goal,Head,Open Play
Swansea City,André Ayew Pelé,111.4,45.3,0.06604138,10.101980003939817,Off T,Head,Open Play
Manchester City,Gnégnéri Yaya Touré,95.3,32.6,0.031430937,25.7846853771769,Saved,Right Foot,Open Play
Swansea City,Gylfi Þór Sigurðsson,105.1,38.8,0.066498734,14.948244044034073,Blocked,Right Foot,Open Play
Manchester City,Gnégnéri Yaya Touré,96.3,27.1,0.04566656,26.983328186122634,Saved,Right Foot,Free Kick
Manchester City,Gnégnéri Yaya Touré,102.8,54.1,0.031769615,22.24072840533781,Off T,Right Foot,Open Play
Swansea City,Gylfi Þór Sigurðsson,113.8,51.6,0.14183892,13.152946437965907,Saved,Right Foot,Open Play
Swansea City,Federico Fernández,112.4,39.7,0.07658639,7.605918747922562,Blocked,Head,Open Play
Swansea City,Gylfi Þór Sigurðsson,93.1,23.7,0.012161867,31.453139747885274,Saved,Right Foot,Free Kick
Manchester City,Wilfried Guemiand Bony,108.7,40.0,0.082924314,11.299999999999997,Blocked,Head,Open Play
Manchester City,Gnégnéri Yaya Touré,87.3,50.1,0.016809352,34.22426040106638,Blocked,Right Foot,Free Kick
Manchester City,Nicolás Hernán Otamendi,110.7,35.4,0.047982723,10.375451797391763,Off T,Head,Open Play
Swansea City,Jack Frank Porteous Cork,99.0,48.5,0.039883096,22.655021518418383,Blocked,Right Foot,Open Play
Swansea City,Sung-Yeung Ki,111.9,37.1,0.06093786,8.60348766489497,Blocked,Head,Open Play
Manchester City,Fabian Delph,98.8,30.9,0.058837906,23.070543990118658,Off T,Right Foot,Open Play
Manchester City,Wilfried Guemiand Bony,97.0,43.2,0.06608397,23.221541723150082,Blocked,Right Foot,Open Play
Manchester City,Nicolás Hernán Otamendi,112.2,48.9,0.06962905,11.834272263219226,Off T,Head,Open Play
Swansea City,Bafétimbi Gomis,106.2,39.2,0.08351726,13.823168956501975,Off T,Head,Open Play
Swansea City,Bafétimbi Gomis,112.8,52.5,0.09768118,14.425324953012325,Goal,Right Foot,Open Play
Manchester City,Gnégnéri Yaya Touré,105.6,59.6,0.01047423,24.32118418169642,Blocked,Left Foot,Open Play
Manchester City,Kelechi Promise Iheanacho,107.3,52.8,0.034893773,18.031361568112377,Goal,Other,Open Play
Swansea City,Àngel Rangel Zaragoza,101.4,59.8,0.009003828,27.166155414412245,Blocked,Right Foot,Open Play
Swansea City,Gylfi Þór Sigurðsson,98.6,37.9,0.026915114,21.5027905165818,Saved,Right Foot,Open Play
Southampton,Graziano Pellè,112.8,47.8,0.1571544,10.61508360777248,Saved,Right Foot,Open Play
Southampton,Dušan Tadić,95.7,32.1,0.021655524,25.55190795224497,Blocked,Left Foot,Open Play
West Bromwich Albion,Craig Dawson,115.7,36.7,0.15861532,5.420332093147057,Off T,Head,Open Play
West Bromwich Albion,Craig Gardner,91.2,35.7,0.03431456,29.119237627383033,Blocked,Left Foot,Open Play
West Bromwich Albion,Craig Dawson,108.6,52.8,0.026934333,17.140595088852663,Saved,Head,Open Play
Southampton,Jay Rodriguez,101.7,28.6,0.04658948,21.560380330597134,Saved,Right Foot,Open Play
Southampton,James Ward-Prowse,88.8,43.6,0.022880904,31.407005587925763,Blocked,Right Foot,Open Play
Southampton,Jay Rodriguez,111.4,42.5,0.15774356,8.956003573022953,Off T,Head,Open Play
Southampton,Virgil van Dijk,112.8,40.9,0.13169722,7.256031973468697,Wayward,Head,Open Play
Southampton,Victor Wanyama,108.8,47.7,0.04218376,13.591541487263322,Blocked,Head,Open Play
Southampton,Jay Rodriguez,105.6,26.7,0.06207139,19.602295783912663,Saved,Right Foot,Open Play
West Bromwich Albion,José Salomón Rondón Giménez,109.0,48.8,0.2418085,14.086873322352265,Off T,Right Foot,Open Play
West Bromwich Albion,Callum McManaman,107.5,24.5,0.03667592,19.912307751739878,Blocked,Left Foot,Open Play
West Bromwich Albion,Callum McManaman,97.7,35.0,0.054090075,22.853664913969485,Off T,Right Foot,Open Play
Southampton,James Ward-Prowse,101.5,51.9,0.042382225,21.99681795169474,Off T,Right Foot,Open Play
Southampton,James Ward-Prowse,97.3,44.3,0.043782897,23.103679360655956,Off T,Right Foot,Open Play
Southampton,Graziano Pellè,110.5,26.4,0.08402947,16.58945448168806,Saved,Right Foot,Open Play
Southampton,Sadio Mané,108.3,53.8,0.101812355,18.092263539977523,Off T,Right Foot,Open Play
West Bromwich Albion,Saido Berahino,102.5,30.3,0.024604058,20.008498194517248,Blocked,Left Foot,Open Play
Southampton,Sadio Mané,110.1,53.3,0.034614153,16.58010856418015,Blocked,Right Foot,Open Play
Southampton,Graziano Pellè,107.9,24.8,0.036189277,19.42807247258461,Saved,Right Foot,Open Play
West Bromwich Albion,Craig Gardner,94.5,53.6,0.021673227,28.900000000000002,Off T,Right Foot,Open Play
Southampton,Graziano Pellè,104.5,22.7,0.040057726,23.228000344411914,Wayward,Left Foot,Open Play
Southampton,Sadio Mané,101.8,41.4,0.06749161,18.25376673456742,Blocked,Left Foot,Open Play
West Ham United,Dimitri Payet,100.0,38.5,0.043700047,20.05617112013158,Goal,Right Foot,Open Play
Newcastle United,Jack Colback,104.1,35.5,0.0898985,16.5245272247045,Blocked,Left Foot,Open Play
Newcastle United,Massadio Haïdara,92.1,21.6,0.0070764115,33.42110111890391,Blocked,Left Foot,Open Play
West Ham United,Dimitri Payet,106.8,42.9,0.14985657,13.514806694880992,Off T,Left Foot,Open Play
Newcastle United,Daryl Janmaat,109.4,50.0,0.2572228,14.572576985557493,Saved,Left Foot,Open Play
Newcastle United,Georginio Wijnaldum,100.0,46.6,0.06987561,21.06086417980041,Off T,Right Foot,Open Play
West Ham United,Diafra Sakho,101.0,49.6,0.030891337,21.28755504984074,Off T,Right Foot,Open Play
West Ham United,Manuel Lanzini,92.3,41.3,0.028380677,27.730488636156416,Off T,Right Foot,Open Play
Newcastle United,Massadio Haïdara,94.3,23.9,0.018587716,30.32655601943617,Off T,Left Foot,Open Play
Newcastle United,Daryl Janmaat,97.6,55.7,0.021551939,27.354158733179865,Blocked,Left Foot,Open Play
West Ham United,Victor Moses,105.2,51.0,0.044379044,18.440173534975205,Off T,Right Foot,Open Play
West Ham United,Mark Noble,104.4,51.5,0.042021606,19.380660463462018,Off T,Right Foot,Open Play
West Ham United,Victor Moses,106.5,33.1,0.49890342,15.161134522191933,Post,Right Foot,Open Play
West Ham United,Dimitri Payet,108.0,44.7,0.25175706,12.88759093081403,Goal,Right Foot,Open Play
Newcastle United,Daryl Janmaat,95.5,53.7,0.01389802,28.070268969142422,Off T,Right Foot,Open Play
West Ham United,Aaron Cresswell,100.6,26.7,0.027051525,23.521266972678156,Blocked,Left Foot,Open Play
Newcastle United,Papiss Demba Cissé,102.8,39.2,0.078117974,17.21859460002471,Off T,Right Foot,Open Play
Newcastle United,Vurnon Anita,94.4,40.4,0.022815391,25.60312480928841,Off T,Right Foot,Open Play
Newcastle United,Daryl Janmaat,105.5,53.9,0.060318843,20.086313748420835,Saved,Right Foot,Open Play
West Ham United,Aaron Cresswell,105.6,62.4,0.009052501,26.629307163349182,Off T,Left Foot,Free Kick
West Ham United,Pedro Mba Obiang Avomo,104.4,55.6,0.031260338,22.06173157302028,Blocked,Left Foot,Open Play
West Ham United,Victor Moses,101.0,54.9,0.030231511,24.14560001325293,Blocked,Right Foot,Open Play
West Ham United,Diafra Sakho,112.9,43.6,0.120309666,7.960527620704543,Wayward,Head,Open Play
West Ham United,Diafra Sakho,105.2,29.0,0.09447542,18.440173534975205,Blocked,Right Foot,Open Play
Newcastle United,Daryl Janmaat,103.0,50.2,0.05308363,19.825236442474022,Saved,Right Foot,Open Play
Newcastle United,Ayoze Pérez Gutiérrez,102.0,24.0,0.027739137,24.08318915758459,Blocked,Right Foot,Open Play
Newcastle United,Siem Stefan de Jong,102.9,36.4,0.074728735,17.474839055052833,Saved,Left Foot,Open Play
West Ham United,Winston Reid,98.0,40.9,0.056388296,22.0184013951967,Blocked,Right Foot,Open Play
West Ham United,Diafra Sakho,113.8,40.7,0.6007865,6.2393909959226015,Saved,Left Foot,Open Play
Newcastle United,Chancel Mbemba Mangulu,85.2,39.4,0.017076455,34.80517202945562,Blocked,Right Foot,Open Play
West Ham United,Andy Carroll,94.4,31.6,0.033047833,26.94290259047825,Blocked,Left Foot,Open Play
Leicester City,Jamie Vardy,111.5,40.0,0.17760357,8.5,Off T,Left Foot,Open Play
Leicester City,N''Golo Kanté,93.1,28.8,0.0150700305,29.13846255381365,Wayward,Right Foot,Open Play
Leicester City,Jamie Vardy,111.7,39.8,0.134429,8.302409288875126,Blocked,Head,Open Play
Southampton,Virgil van Dijk,114.3,41.5,0.16456498,5.894064811316553,Blocked,Head,Open Play
Southampton,Virgil van Dijk,106.1,45.7,0.047929198,15.02331521336087,Off T,Head,Open Play
Southampton,Graziano Pellè,110.1,26.9,0.037062015,16.42010962204577,Off T,Left Foot,Open Play
Southampton,Cédric Ricardo Alves Soares,94.7,60.7,0.008237691,32.689141928169356,Blocked,Right Foot,Open Play
Southampton,José Miguel da Rocha Fonte,115.7,49.5,0.041064397,10.427847332982967,Goal,Head,Open Play
Leicester City,Shinji Okazaki,111.7,31.0,0.05837435,12.242957159118053,Saved,Head,Open Play
Leicester City,Wes Morgan,112.4,37.8,0.08145587,7.9120161779409885,Blocked,Head,Open Play
Southampton,Sadio Mané,101.1,50.7,0.04863929,21.718655575334314,Saved,Left Foot,Open Play
Southampton,Graziano Pellè,112.7,39.9,0.10461506,7.300684899377589,Post,Head,Open Play
Southampton,Virgil van Dijk,118.8,43.6,0.7301658,3.7947331922020573,Goal,Left Foot,Open Play
Leicester City,Danny Drinkwater,93.5,53.9,0.0142707545,29.924237667817035,Off T,Right Foot,Open Play
Leicester City,Danny Drinkwater,93.1,26.9,0.02072346,29.920227271864103,Saved,Right Foot,Open Play
Leicester City,Robert Huth,110.8,48.5,0.1551974,12.525573839150047,Off T,Right Foot,Open Play
Southampton,Dušan Tadić,106.4,24.8,0.03942306,20.396078054371134,Saved,Right Foot,Open Play
Leicester City,Jamie Vardy,110.2,34.8,0.089398414,11.094142598686929,Blocked,Right Foot,Open Play
Leicester City,Jamie Vardy,96.0,25.8,0.020829013,27.886197302608327,Saved,Right Foot,Open Play
Leicester City,Jamie Vardy,105.3,26.7,0.028504537,19.823723161908816,Blocked,Right Foot,Open Play
Southampton,Graziano Pellè,109.8,53.9,0.05211456,17.240939649566666,Off T,Right Foot,Open Play
Leicester City,Nathan Dyer,101.5,42.4,0.04937068,18.655026132385878,Off T,Right Foot,Open Play
Leicester City,Riyad Mahrez,97.4,53.2,0.01590387,26.172504656604797,Blocked,Right Foot,Open Play
Leicester City,Danny Drinkwater,90.5,41.3,0.015158921,29.528630174798153,Off T,Right Foot,Open Play
Leicester City,Nathan Dyer,102.4,32.9,0.065598145,18.978145325610715,Blocked,Right Foot,Open Play
Leicester City,Riyad Mahrez,100.2,51.6,0.03081011,22.947766775876033,Off T,Left Foot,Open Play
Southampton,Graziano Pellè,104.7,53.0,0.06495623,20.077101384413037,Off T,Right Foot,Open Play
Leicester City,Marc Albrighton,97.6,21.4,0.011614794,29.11563154046294,Blocked,Right Foot,Free Kick
Leicester City,Jamie Vardy,112.5,45.3,0.12593721,9.183681179135084,Goal,Head,Open Play
Leicester City,Jamie Vardy,107.4,56.0,0.042863775,20.36565736724449,Off T,Right Foot,Open Play
Leicester City,Danny Drinkwater,98.2,47.3,0.02885341,22.989780338228545,Off T,Right Foot,Open Play
Southampton,Jay Rodriguez,88.8,31.7,0.020308955,32.2851358987383,Saved,Right Foot,Open Play
Leicester City,Marc Albrighton,106.6,52.3,0.041712407,18.189282558693733,Blocked,Right Foot,Open Play
Leicester City,Jamie Vardy,108.0,37.6,0.22660904,12.237646832622683,Off T,Left Foot,Open Play
Leicester City,Marc Albrighton,97.5,47.9,0.042401284,23.846593048064538,Blocked,Right Foot,Open Play
Southampton,Sadio Mané,70.2,54.1,0.004987932,51.75760813638899,Off T,Right Foot,Open Play
Leicester City,Jamie Vardy,112.2,39.6,0.13291219,7.810249675906651,Saved,Head,Open Play
Leicester City,Robert Huth,106.0,35.4,0.028842712,14.736349615830918,Saved,Head,Open Play
Leicester City,Jamie Vardy,107.3,45.8,0.40401006,13.961733416735905,Goal,Right Foot,Open Play
Leicester City,Robert Huth,103.5,33.0,0.05330906,17.92344832893492,Off T,Right Foot,Open Play
Leicester City,Riyad Mahrez,97.9,42.2,0.077709675,22.209232314512803,Saved,Left Foot,Open Play
Chelsea,Eden Hazard,106.7,29.0,0.059861388,17.259490143106774,Blocked,Left Foot,Open Play
Leicester City,Riyad Mahrez,102.1,31.4,0.05251673,19.858751219550545,Saved,Left Foot,Open Play
Leicester City,N''Golo Kanté,92.9,28.7,0.015319751,29.361539469176336,Off T,Right Foot,Open Play
Leicester City,Jamie Vardy,111.2,44.0,0.19459532,9.666436778875655,Goal,Right Foot,Open Play
Chelsea,Nemanja Matić,112.7,44.3,0.06957608,8.472307831990049,Off T,Head,Open Play
Leicester City,Marc Albrighton,98.9,21.9,0.013732565,27.79964028544254,Saved,Right Foot,Open Play
Leicester City,Riyad Mahrez,110.5,51.7,0.0463639,15.07116452036803,Goal,Left Foot,Open Play
Chelsea,Willian Borges da Silva,90.2,49.9,0.036131836,31.401433088316207,Blocked,Right Foot,Free Kick
Chelsea,Diego da Silva Costa,109.1,38.0,0.56234497,11.081967334368032,Saved,Right Foot,Open Play
Chelsea,Branislav Ivanović,117.4,44.2,0.40157467,4.9396356140913875,Blocked,Right Foot,Open Play
Chelsea,Branislav Ivanović,117.6,44.5,0.3817573,5.100000000000002,Blocked,Right Foot,Open Play
Chelsea,Francesc Fàbregas i Soler,110.4,40.6,0.09394556,9.618731725128834,Saved,Head,Open Play
Leicester City,Robert Huth,111.7,39.1,0.120159686,8.348652585896719,Wayward,Head,Open Play
Chelsea,Nemanja Matić,88.9,38.1,0.021277543,31.157984530453824,Blocked,Left Foot,Open Play
Chelsea,Loïc Rémy,116.1,40.7,0.35519263,3.9623225512317957,Goal,Head,Open Play
Chelsea,Pedro Eliezer Rodríguez Ledesma,101.7,34.8,0.03973302,19.024457942343584,Blocked,Head,Open Play
Leicester City,Marc Albrighton,96.3,37.6,0.057206005,23.821209037326383,Off T,Right Foot,Open Play
Chelsea,Loïc Rémy,96.5,48.1,0.039306063,24.85678981686895,Off T,Right Foot,Open Play
Leicester City,José Leonardo Ulloa,102.8,52.6,0.06609301,21.321350801485355,Off T,Left Foot,Open Play
Manchester United,Memphis Depay,97.9,36.9,0.05979689,22.316361710637327,Off T,Right Foot,Open Play
Manchester United,Wayne Mark Rooney,105.1,35.1,0.12370587,15.685024705112841,Off T,Left Foot,Open Play
Norwich City,Alexander Banor Tettey,95.8,41.6,0.047189023,24.25283488584376,Off T,Left Foot,Open Play
Manchester United,Wayne Mark Rooney,95.3,40.9,0.029980924,24.71639132235934,Blocked,Right Foot,Open Play
Manchester United,Chris Smalling,110.6,40.5,0.06995583,9.413288479590973,Off T,Head,Open Play
Manchester United,Wayne Mark Rooney,98.6,37.1,0.041953515,21.59560140398966,Off T,Right Foot,Open Play
Norwich City,Cameron Jerome,106.6,39.3,0.43368673,13.418271125595881,Goal,Right Foot,Open Play
Norwich City,Alexander Banor Tettey,100.3,35.9,0.16815656,20.122127124138743,Goal,Right Foot,Open Play
Manchester United,Wayne Mark Rooney,110.9,45.4,0.1072598,10.581587782558906,Off T,Right Foot,Open Play
Norwich City,Wes Hoolahan,94.3,47.3,0.039152086,26.71666146808018,Saved,Left Foot,Open Play
Manchester United,Anthony Martial,112.2,36.6,0.2154376,8.508818954473057,Goal,Left Foot,Open Play
Manchester United,Daley Blind,105.5,26.8,0.02572011,19.608416560242695,Blocked,Left Foot,Open Play
Manchester United,Ander Herrera Agüera,98.7,52.7,0.022443125,24.7987902930768,Blocked,Right Foot,Open Play
Manchester United,Juan Manuel Mata García,95.8,47.4,0.06609218,25.306125740618615,Saved,Left Foot,Free Kick
Norwich City,Youssouf Chafiq Mulumbu Ngangu,100.6,44.4,0.056905165,19.89271223337834,Saved,Right Foot,Open Play
Norwich City,Jonathan Howson,113.2,51.0,0.17865726,12.932130528261766,Off T,Right Foot,Open Play
Manchester United,Chris Smalling,109.8,37.1,0.17978765,10.604244433244645,Off T,Head,Open Play
Liverpool,Philippe Coutinho Correia,95.7,27.2,0.022300242,27.46506872374435,Off T,Right Foot,Open Play
Crystal Palace,Yohan Cabaye,79.6,47.6,0.008173637,41.10863656216295,Off T,Right Foot,Open Play
Crystal Palace,Yannick Bolasie Yala,106.4,42.8,0.09069967,13.885243966167819,Goal,Left Foot,Open Play
Liverpool,Jordon Ibe,102.5,55.2,0.029684585,23.179516819813134,Blocked,Right Foot,Open Play
Liverpool,Philippe Coutinho Correia,110.0,44.6,0.11784107,11.00727032465361,Blocked,Right Foot,Open Play
Liverpool,Nathaniel Edwin Clyne,105.5,59.3,0.008840956,24.14000828500272,Blocked,Right Foot,Open Play
Liverpool,Jordon Ibe,99.1,52.9,0.031215534,24.56053745340277,Off T,Left Foot,Open Play
Liverpool,Christian Benteke Liolo,109.3,41.1,0.04667762,10.756393447619889,Saved,Head,Open Play
Liverpool,Christian Benteke Liolo,110.1,42.5,0.12437869,10.210778618695056,Wayward,Right Foot,Open Play
Liverpool,Christian Benteke Liolo,110.1,37.8,0.09257504,10.141498903022184,Off T,Head,Open Play
Liverpool,Adam David Lallana,103.8,50.9,0.07692308,19.52562418976664,Off T,Left Foot,Open Play
Liverpool,Philippe Coutinho Correia,109.0,32.6,0.20891908,13.25745073534124,Goal,Right Foot,Open Play
Liverpool,Dejan Lovren,106.8,38.9,0.030806815,13.245754036671528,Saved,Head,Open Play
Liverpool,Dejan Lovren,109.1,42.4,0.058504842,11.1610931364271,Blocked,Head,Open Play
Liverpool,Lucas Pezzini Leiva,105.5,42.8,0.06608267,14.767870530310049,Blocked,Right Foot,Open Play
Liverpool,Christian Benteke Liolo,106.9,47.9,0.08723176,15.29771224726102,Off T,Left Foot,Open Play
Crystal Palace,Jason Puncheon,104.1,23.5,0.033445574,22.914187744713978,Wayward,Right Foot,Open Play
Crystal Palace,Yohan Cabaye,94.3,41.7,0.032327496,25.756164310704342,Blocked,Right Foot,Open Play
Crystal Palace,Bakary Sako,113.3,30.0,0.21572983,12.037026210821343,Off T,Left Foot,Open Play
Liverpool,Christian Benteke Liolo,116.0,43.0,0.42128658,5.0,Off T,Head,Open Play
Liverpool,Adam David Lallana,98.6,39.9,0.060859423,21.400233643584368,Off T,Left Foot,Open Play
Crystal Palace,Jason Puncheon,92.8,48.3,0.029980931,28.43817856333278,Saved,Left Foot,Open Play
Liverpool,Jordon Ibe,103.1,49.0,0.045771264,19.14706243787804,Blocked,Right Foot,Open Play
Liverpool,Roberto Firmino Barbosa de Oliveira,104.3,35.2,0.06760463,16.417368851311103,Blocked,Right Foot,Open Play
Liverpool,Adam David Lallana,110.1,36.4,0.12398113,10.534229919647668,Blocked,Left Foot,Open Play
Crystal Palace,Yohan Cabaye,100.4,21.5,0.010087324,26.951994360343722,Off T,Right Foot,Open Play
Crystal Palace,Scott Dann,112.2,34.7,0.05837595,9.430270409696634,Saved,Head,Open Play
Crystal Palace,Scott Dann,114.3,34.7,0.09678369,7.783315488916019,Goal,Head,Open Play
Liverpool,Philippe Coutinho Correia,92.2,30.6,0.02694728,29.346209295239476,Blocked,Right Foot,Open Play
Liverpool,Philippe Coutinho Correia,98.9,29.2,0.040421046,23.703375287076728,Saved,Left Foot,Open Play
Liverpool,Nathaniel Edwin Clyne,83.5,44.8,0.006424964,36.81426354010087,Off T,Right Foot,Open Play
Liverpool,Philippe Coutinho Correia,97.9,18.9,0.009394707,30.555195957479963,Off T,Right Foot,Open Play
Liverpool,Divock Okoth Origi,104.1,53.2,0.03184249,20.665188119153434,Blocked,Right Foot,Open Play
Liverpool,Mamadou Sakho,100.7,28.1,0.039187133,22.67377339570985,Blocked,Left Foot,Open Play
Liverpool,Philippe Coutinho Correia,100.9,29.9,0.03357395,21.60601768026676,Blocked,Right Foot,Open Play
Liverpool,Adam David Lallana,102.3,22.1,0.02398507,25.17339865810733,Blocked,Right Foot,Open Play
Liverpool,Dejan Lovren,107.2,40.6,0.03564669,12.814054783713075,Wayward,Head,Open Play
Leicester City,Shinji Okazaki,106.1,46.4,0.15345798,15.302614155757837,Wayward,Left Foot,Open Play
Liverpool,Philippe Coutinho Correia,102.0,34.2,0.10520082,18.911372240004162,Off T,Right Foot,Open Play
Liverpool,Adam David Lallana,108.0,54.7,0.079929695,18.976037521042166,Off T,Right Foot,Open Play
Liverpool,Alberto Moreno Pérez,100.3,24.4,0.019151283,25.128668886353694,Blocked,Left Foot,Open Play
Liverpool,Emre Can,93.7,41.1,0.036723666,26.32299375071156,Saved,Right Foot,Open Play
Liverpool,Adam David Lallana,106.3,55.2,0.02100978,20.462893246068607,Blocked,Left Foot,Open Play
Liverpool,Philippe Coutinho Correia,97.6,24.9,0.025856849,27.014255495941402,Wayward,Right Foot,Open Play
Liverpool,Mamadou Sakho,112.0,45.9,0.16047037,9.940321926376427,Off T,Head,Open Play
Liverpool,Divock Okoth Origi,114.3,27.1,0.07204512,14.10319112825179,Saved,Right Foot,Open Play
Liverpool,Divock Okoth Origi,105.9,53.9,0.05842584,19.799494943053464,Off T,Left Foot,Open Play
Leicester City,Jamie Vardy,109.5,41.7,0.10557527,10.636728820459794,Off T,Head,Open Play
Liverpool,Dejan Lovren,106.3,36.7,0.06488343,14.091841611372166,Saved,Head,Open Play
Liverpool,Roberto Firmino Barbosa de Oliveira,103.6,28.3,0.035655934,20.145719148245867,Blocked,Right Foot,Open Play
Liverpool,Adam David Lallana,99.9,48.6,0.03457766,21.862525014279566,Blocked,Left Foot,Open Play
Liverpool,Emre Can,95.0,28.0,0.02663253,27.730849247724095,Blocked,Right Foot,Open Play
Liverpool,Alberto Moreno Pérez,91.5,27.1,0.022988629,31.283541998948905,Blocked,Left Foot,Open Play
Leicester City,Riyad Mahrez,101.4,42.7,0.056684032,18.794946129212498,Saved,Left Foot,Open Play
Leicester City,Jamie Vardy,101.0,35.7,0.067839816,19.480503073586164,Saved,Left Foot,Open Play
Liverpool,Christian Benteke Liolo,111.1,38.9,0.07909895,8.96771988857815,Off T,Head,Open Play
Liverpool,Christian Benteke Liolo,106.9,36.9,0.12807362,13.461797799699706,Goal,Right Foot,Open Play
Leicester City,Nathan Dyer,113.4,35.6,0.23250143,7.932212806020771,Saved,Right Foot,Open Play
Liverpool,Emre Can,91.2,38.9,0.032618683,28.82099928871308,Off T,Right Foot,Open Play
Liverpool,Philippe Coutinho Correia,93.7,28.9,0.024572797,28.546453369902185,Off T,Right Foot,Open Play
Liverpool,Roberto Firmino Barbosa de Oliveira,103.0,27.8,0.07028956,20.924626639440906,Off T,Left Foot,Open Play
Leicester City,Andrew Philip King,113.2,41.1,0.12519039,6.888396039717806,Blocked,Right Foot,Open Play
Liverpool,Christian Benteke Liolo,107.2,41.1,0.50545883,12.847178678604884,Blocked,Right Foot,Open Play
Leicester City,Andrew Philip King,110.3,40.0,0.060219936,9.700000000000003,Off T,Head,Open Play
West Ham United,Aaron Cresswell,82.7,39.6,0.005797731,37.30214471045867,Off T,Left Foot,Open Play
West Ham United,Carl Jenkinson,95.1,55.0,0.020340001,29.069055712217423,Blocked,Right Foot,Open Play
Tottenham Hotspur,Eric Dier,86.3,36.8,0.017678084,33.85158785049824,Blocked,Right Foot,Open Play
Tottenham Hotspur,Christian Dannemann Eriksen,95.2,35.2,0.03715933,25.260245446155107,Saved,Left Foot,Open Play
Tottenham Hotspur,Bamidele Alli,102.5,44.9,0.06089015,18.173056980046038,Blocked,Right Foot,Open Play
Tottenham Hotspur,Harry Kane,108.4,39.0,0.4810358,11.643023662262301,Goal,Left Foot,Open Play
West Ham United,Mark Noble,94.2,38.6,0.043441497,25.837956575549853,Blocked,Right Foot,Open Play
West Ham United,Cheikhou Kouyaté,113.0,36.3,0.28916633,7.917701686727027,Post,Right Foot,Open Play
West Ham United,Andy Carroll,108.9,37.2,0.039592866,11.447707194019241,Saved,Head,Open Play
Tottenham Hotspur,Jan Vertonghen,90.5,24.7,0.007826216,33.23161145656346,Off T,Left Foot,Open Play
Tottenham Hotspur,Toby Alderweireld,118.5,36.9,0.44277385,3.443835071544514,Goal,Head,Open Play
Tottenham Hotspur,Heung-Min Son,103.3,37.2,0.13436092,16.933103672983286,Saved,Right Foot,Open Play
Tottenham Hotspur,Bamidele Alli,110.5,31.8,0.073157124,12.549501982150527,Post,Head,Open Play
West Ham United,Diafra Sakho,112.6,15.8,0.007884417,25.306125740618615,Saved,Right Foot,Open Play
Tottenham Hotspur,Harry Kane,102.4,37.5,0.41015303,17.776670104381186,Off T,Left Foot,Open Play
Tottenham Hotspur,Bamidele Alli,92.4,41.6,0.031681836,27.64633791300395,Blocked,Right Foot,Open Play
West Ham United,Andy Carroll,100.7,35.0,0.048962563,19.93715125086831,Off T,Right Foot,Open Play
Tottenham Hotspur,Bamidele Alli,99.9,38.6,0.063956775,20.14869722835697,Blocked,Right Foot,Open Play
Tottenham Hotspur,Harry Kane,106.3,44.9,0.03543032,14.54991408909345,Saved,Left Foot,Open Play
Tottenham Hotspur,Harry Kane,95.0,39.5,0.034660112,25.004999500099974,Goal,Right Foot,Open Play
Tottenham Hotspur,Heung-Min Son,111.4,56.6,0.01601714,18.695453992882868,Saved,Right Foot,Open Play
Tottenham Hotspur,Christian Dannemann Eriksen,107.5,45.6,0.08991399,13.697079980784226,Saved,Right Foot,Open Play
Tottenham Hotspur,Heung-Min Son,107.1,49.9,0.060544655,16.260996279441187,Blocked,Right Foot,Open Play
Tottenham Hotspur,Harry Kane,102.2,26.0,0.04387513,22.645970944077447,Off T,Right Foot,Open Play
Tottenham Hotspur,Harry Kane,93.0,40.5,0.028055673,27.004629232781554,Saved,Right Foot,Open Play
West Ham United,Manuel Lanzini,93.2,41.0,0.028612068,26.81865022703417,Blocked,Left Foot,Open Play
West Ham United,Winston Reid,114.1,42.9,0.10759085,6.574191965557445,Saved,Head,Open Play
Tottenham Hotspur,Ryan Mason,104.9,44.6,0.2610153,15.785119575093495,Saved,Right Foot,Open Play
Tottenham Hotspur,Ryan Mason,107.8,43.6,0.16294575,12.72006289292628,Saved,Right Foot,Open Play
Tottenham Hotspur,Kyle Walker,103.4,44.4,0.14626926,17.173234989366442,Goal,Right Foot,Open Play
West Ham United,Manuel Lanzini,111.6,28.5,0.15880471,14.241137595009752,Goal,Left Foot,Open Play
Tottenham Hotspur,Ryan Mason,88.5,33.4,0.021530848,32.18400223713639,Post,Right Foot,Open Play
Norwich City,Nathan Redmond,112.1,55.6,0.016254198,17.48628033630938,Off T,Right Foot,Open Play
Norwich City,Alexander Banor Tettey,97.2,53.2,0.02712367,26.345398080120177,Off T,Right Foot,Open Play
Everton,Romelu Lukaku Menama,103.3,29.9,0.06897072,19.516659550240664,Off T,Left Foot,Open Play
Everton,Romelu Lukaku Menama,116.3,36.2,0.25990048,5.303772242470448,Goal,Head,Open Play
Everton,Arouna Koné,106.0,30.9,0.25902963,16.69760461862719,Saved,Right Foot,Open Play
Everton,Romelu Lukaku Menama,115.3,36.0,0.55252,6.171709649683792,Off T,Right Foot,Open Play
Everton,Leighton Baines,105.8,36.6,0.088730104,14.601369798755186,Post,Right Foot,Open Play
Everton,Romelu Lukaku Menama,100.3,43.5,0.061336763,20.00849819451725,Off T,Left Foot,Open Play
Everton,Romelu Lukaku Menama,105.5,45.5,0.065635815,15.508062419270823,Off T,Left Foot,Open Play
Norwich City,Ryan Bennett,113.7,33.1,0.05405022,9.343446901438458,Blocked,Head,Open Play
Norwich City,Wes Hoolahan,118.3,42.1,0.75632274,2.7018512172212623,Goal,Left Foot,Open Play
Everton,Tom Cleverley,103.9,47.3,0.05354204,17.67766952966368,Off T,Right Foot,Open Play
Norwich City,Robert Brady,99.6,42.4,0.111163326,20.540691322348433,Blocked,Right Foot,Open Play
Everton,Arouna Koné,103.7,38.3,0.15295815,16.388410539158453,Blocked,Right Foot,Open Play
Everton,Séamus Coleman,94.8,47.5,0.027223693,26.292394337526588,Off T,Left Foot,Open Play
Norwich City,Cameron Jerome,111.2,41.8,0.31096563,8.982204629154245,Off T,Right Foot,Open Play
Norwich City,Alexander Banor Tettey,91.3,54.6,0.014893017,32.2001552791287,Off T,Right Foot,Open Play
Everton,Gareth Barry,113.1,33.6,0.18977547,9.411163583744576,Saved,Left Foot,Open Play
Everton,Gareth Barry,107.9,38.5,0.04041804,12.192620719107104,Wayward,Head,Open Play
Everton,José Ramiro Funes Mori,87.4,42.1,0.015766503,32.66756801477575,Off T,Right Foot,Open Play
Norwich City,Jonathan Howson,91.5,30.0,0.019238118,30.20347662107791,Off T,Right Foot,Open Play
Everton,Darron Gibson,85.3,50.8,0.005601852,36.341849154934316,Off T,Right Foot,Open Play
Everton,Kevin Mirallas,115.8,28.5,0.029337408,12.242957159118054,Blocked,Right Foot,Open Play
Arsenal,Alexis Alejandro Sánchez Sánchez,112.5,40.8,0.16312765,7.54254598925323,Saved to Post,Head,Open Play
Arsenal,Theo Walcott,114.1,42.9,0.5223148,6.574191965557445,Off T,Right Foot,Open Play
Arsenal,Alexis Alejandro Sánchez Sánchez,89.8,35.3,0.033813566,30.563540370840553,Saved,Right Foot,Free Kick
Arsenal,Aaron Ramsey,109.1,45.4,0.17661746,12.164292005702597,Saved,Right Foot,Open Play
Arsenal,Alexis Alejandro Sánchez Sánchez,99.1,26.9,0.037855025,24.666171166194406,Post,Right Foot,Open Play
Arsenal,Theo Walcott,113.6,42.0,0.21843308,6.705221845696089,Off T,Head,Open Play
Arsenal,Alexis Alejandro Sánchez Sánchez,109.2,49.1,0.067107774,14.12267680009707,Blocked,Right Foot,Open Play
Arsenal,Theo Walcott,110.6,27.7,0.10626574,15.48063306199072,Saved,Right Foot,Open Play
Arsenal,Laurent Koscielny,82.6,43.7,0.007404689,37.5825757499403,Saved,Right Foot,Open Play
Arsenal,Santiago Cazorla González,107.1,31.3,0.07011031,15.559562975867932,Saved,Left Foot,Open Play
Arsenal,Francis Joseph Coquelin,86.1,40.7,0.018820291,33.90722636843068,Blocked,Left Foot,Open Play
Arsenal,Theo Walcott,103.9,43.1,0.28938374,16.395731151735802,Goal,Right Foot,Open Play
Arsenal,Theo Walcott,115.6,48.2,0.0966066,9.305912099305479,Off T,Head,Open Play
Stoke City,José Luis Sanmartín Mato,94.9,37.4,0.03923839,25.234302050978144,Saved,Right Foot,Open Play
Stoke City,Mame Biram Diouf,101.7,48.2,0.06451783,20.053179299053802,Wayward,Left Foot,Open Play
Stoke City,Phil Bardsley,95.0,58.4,0.008731027,31.04126286090822,Blocked,Right Foot,Open Play
Arsenal,Francis Joseph Coquelin,96.2,46.8,0.024313636,24.75237362355376,Off T,Left Foot,Open Play
Arsenal,Alexis Alejandro Sánchez Sánchez,106.1,24.4,0.041608006,20.894257584322066,Blocked,Right Foot,Open Play
Arsenal,Aaron Ramsey,104.5,54.3,0.053044777,21.08885961829136,Off T,Right Foot,Open Play
Stoke City,Xherdan Shaqiri,108.3,20.4,0.010219177,22.826519664635697,Saved,Left Foot,Open Play
Stoke City,Xherdan Shaqiri,100.2,40.9,0.07351383,19.820443990990714,Blocked,Left Foot,Open Play
Stoke City,Xherdan Shaqiri,104.2,29.5,0.043290958,18.970766985021978,Blocked,Left Foot,Open Play
Stoke City,Phil Bardsley,92.2,57.9,0.006859625,33.06433123473087,Saved,Right Foot,Open Play
Arsenal,Theo Walcott,111.6,46.5,0.16760652,10.621205204683699,Saved,Right Foot,Open Play
Arsenal,Santiago Cazorla González,108.1,19.2,0.008298286,23.963513932643522,Blocked,Right Foot,Open Play
Arsenal,Alexis Alejandro Sánchez Sánchez,111.1,52.8,0.04628001,15.590060936378665,Off T,Right Foot,Open Play
Arsenal,Mesut Özil,115.9,29.0,0.09334348,11.739250401963488,Saved,Left Foot,Open Play
Arsenal,Alexis Alejandro Sánchez Sánchez,102.9,23.2,0.016249692,23.97185850116757,Blocked,Right Foot,Open Play
Arsenal,Theo Walcott,112.7,48.2,0.3458581,10.978615577567146,Saved,Left Foot,Open Play
Stoke City,Marco van Ginkel,100.4,21.5,0.009790572,26.951994360343722,Off T,Right Foot,Open Play
Arsenal,Aaron Ramsey,104.3,54.7,0.02798096,21.50767304940263,Blocked,Right Foot,Open Play
Arsenal,Santiago Cazorla González,101.5,34.3,0.037063386,19.358202395883765,Blocked,Left Foot,Open Play
Arsenal,Theo Walcott,106.6,48.6,0.13844721,15.92231138999612,Saved,Right Foot,Open Play
Arsenal,Alexis Alejandro Sánchez Sánchez,102.8,25.8,0.022022562,22.30425968284982,Blocked,Right Foot,Open Play
Arsenal,Olivier Giroud,110.0,35.3,0.53649276,11.049434374663711,Off T,Left Foot,Open Play
Arsenal,Santiago Cazorla González,100.7,34.7,0.07874561,20.01449474755733,Off T,Right Foot,Open Play
Arsenal,Olivier Giroud,112.9,36.5,0.15302174,7.915806970865315,Goal,Head,Open Play
Stoke City,Bojan Krkíc Pérez,92.3,32.6,0.026715282,28.671414335536365,Off T,Right Foot,Open Play
Arsenal,Laurent Koscielny,110.2,44.7,0.103272535,10.86876257906115,Saved,Head,Open Play
Everton,Ross Barkley,98.9,25.7,0.033941183,25.489213404889526,Off T,Left Foot,Open Play
Chelsea,Kurt Happy Zouma,106.7,45.5,0.062782235,14.392359083902816,Off T,Right Foot,Open Play
Everton,Steven Naismith,113.7,38.1,0.5078018,6.580273550544837,Goal,Head,Open Play
Everton,Arouna Koné,112.2,44.2,0.12929185,8.85889383614004,Saved,Head,Open Play
Everton,James McCarthy,91.0,39.0,0.025026744,29.017236257093817,Saved,Right Foot,Open Play
Everton,Steven Naismith,96.0,31.3,0.040459633,25.52821967940577,Goal,Left Foot,Open Play
Chelsea,Pedro Eliezer Rodríguez Ledesma,100.9,22.7,0.026283957,25.770137756713677,Off T,Right Foot,Open Play
Chelsea,César Azpilicueta Tanco,110.2,28.5,0.093901515,15.109268678529745,Blocked,Right Foot,Open Play
Chelsea,Nemanja Matić,87.3,48.6,0.016637689,33.811980125393426,Goal,Left Foot,Open Play
Chelsea,Eden Hazard,104.2,26.1,0.05721744,21.044001520623397,Blocked,Right Foot,Open Play
Chelsea,John Terry,111.6,34.2,0.07871324,10.20784012413988,Off T,Head,Open Play
Chelsea,Nemanja Matić,87.2,50.5,0.012008114,34.439657373440866,Blocked,Left Foot,Open Play
Chelsea,Diego da Silva Costa,99.2,41.8,0.039079376,20.877739341221787,Blocked,Right Foot,Open Play
Chelsea,Eden Hazard,95.2,51.9,0.022231884,27.507271765844024,Blocked,Right Foot,Open Play
Chelsea,Branislav Ivanović,108.8,41.6,0.12754428,11.313708498984765,Off T,Left Foot,Open Play
Chelsea,Pedro Eliezer Rodríguez Ledesma,94.9,38.5,0.026053768,25.14478077056946,Off T,Right Foot,Open Play
Everton,Séamus Coleman,111.4,44.7,0.06891174,9.80051019080129,Off T,Head,Open Play
Chelsea,Kurt Happy Zouma,103.6,49.7,0.056743816,19.053870997778912,Blocked,Left Foot,Open Play
Everton,John Stones,108.6,35.7,0.037000842,12.184005909387935,Off T,Head,Open Play
Everton,Romelu Lukaku Menama,103.0,27.5,0.11061305,21.10094784600919,Saved,Left Foot,Open Play
Chelsea,Robert Kenedy Nunes do Nascimento,103.5,20.1,0.01020076,25.850725328315256,Off T,Right Foot,Open Play
Everton,Romelu Lukaku Menama,113.6,55.9,0.01345216,17.13971995103771,Off T,Right Foot,Open Play
Everton,Arouna Koné,104.3,22.0,0.027133813,23.88493248891443,Saved,Right Foot,Open Play
Everton,Romelu Lukaku Menama,104.5,50.7,0.06720316,18.83454273402994,Saved,Right Foot,Open Play
Everton,Séamus Coleman,97.4,60.1,0.010752993,30.24516490284025,Off T,Left Foot,Open Play
Chelsea,Nemanja Matić,102.3,54.0,0.02214669,22.567454442182886,Blocked,Right Foot,Open Play
Everton,Steven Naismith,114.6,52.5,0.10356191,13.61653406708183,Goal,Right Foot,Open Play
Chelsea,Radamel Falcao García Zárate,113.4,45.9,0.14424762,8.852683209061528,Saved,Head,Open Play
Everton,Ross Barkley,89.8,31.5,0.034882173,31.373396373360666,Saved,Right Foot,Free Kick
Southampton,Dušan Tadić,110.9,29.0,0.082349256,14.27620397724829,Off T,Left Foot,Open Play
Stoke City,Bojan Krkíc Pérez,102.2,24.7,0.029861294,23.471898091121645,Saved,Right Foot,Open Play
Stoke City,Bojan Krkíc Pérez,114.7,36.3,0.36770695,6.463745044476924,Goal,Right Foot,Open Play
Stoke City,Xherdan Shaqiri,99.9,28.7,0.047786403,23.058620947489462,Off T,Left Foot,Open Play
Southampton,Cédric Ricardo Alves Soares,104.3,46.4,0.07255431,16.95435047414085,Off T,Right Foot,Open Play
Stoke City,Marko Arnautović,97.7,23.4,0.021953609,27.800179855533308,Blocked,Right Foot,Open Play
Stoke City,Xherdan Shaqiri,109.7,50.0,0.21779495,14.355835050598762,Saved,Right Foot,Open Play
Stoke City,Charlie Adam,89.1,40.1,0.022473503,30.900161811874067,Off T,Left Foot,Open Play
Southampton,Jordy Clasie,87.5,44.9,0.020212106,32.867308986286055,Off T,Left Foot,Open Play
Southampton,José Miguel da Rocha Fonte,110.9,39.9,0.08543265,9.10054943396276,Off T,Head,Open Play
Southampton,Jordy Clasie,94.9,31.0,0.018646508,26.664770765937586,Off T,Right Foot,Open Play
Stoke City,Marko Arnautović,94.5,27.4,0.02147707,28.443101096751036,Off T,Right Foot,Open Play
Southampton,Victor Wanyama,113.0,49.9,0.21749741,12.124768039018313,Off T,Right Foot,Open Play
Southampton,Dušan Tadić,110.3,28.8,0.10982704,14.816544806398015,Off T,Left Foot,Open Play
Southampton,Cédric Ricardo Alves Soares,86.8,47.1,0.016960774,33.95069955096655,Off T,Right Foot,Open Play
Stoke City,Xherdan Shaqiri,104.4,39.5,0.08543697,15.6080107637072,Off T,Left Foot,Open Play
Stoke City,Xherdan Shaqiri,92.1,45.8,0.036629852,28.4964910120527,Off T,Left Foot,Open Play
Southampton,Dušan Tadić,108.2,30.4,0.10058875,15.211837495845133,Wayward,Right Foot,Open Play
Southampton,Graziano Pellè,111.0,38.6,0.13505355,9.10823802938856,Wayward,Head,Open Play
Southampton,Victor Wanyama,92.6,33.3,0.030603591,28.207268566807393,Off T,Right Foot,Open Play
Southampton,Sadio Mané,97.0,46.3,0.050315194,23.847222060441336,Saved,Left Foot,Open Play
Stoke City,Ibrahim Afellay,98.5,52.0,0.034373675,24.62214450449026,Off T,Left Foot,Open Play
Stoke City,Marko Arnautović,108.3,28.4,0.20471121,16.475739740600424,Off T,Left Foot,Open Play
Southampton,José Miguel da Rocha Fonte,108.0,45.7,0.059080057,13.284953895290718,Off T,Head,Open Play
Stoke City,Charlie Adam,97.0,30.8,0.026803838,24.77175811281872,Off T,Left Foot,Open Play
Stoke City,Ibrahim Afellay,106.3,57.5,0.031591892,22.22476096609365,Off T,Right Foot,Open Play
Southampton,Shane Long,103.9,49.0,0.05922142,18.44478246008881,Blocked,Left Foot,Open Play
Stoke City,Jonathan Walters,108.5,33.5,0.060690276,13.209844813622906,Off T,Head,Open Play
Southampton,Graziano Pellè,115.6,51.7,0.055883173,12.500000000000005,Off T,Right Foot,Open Play
Stoke City,Ibrahim Afellay,108.8,47.5,0.17594673,13.47924330220358,Saved,Right Foot,Open Play
Southampton,Victor Wanyama,95.1,36.0,0.03750597,25.21923868795409,Off T,Left Foot,Open Play
Stoke City,Ibrahim Afellay,101.6,21.6,0.027196007,26.02152954766495,Off T,Left Foot,Open Play
Leicester City,Jeffrey Schlupp,100.4,29.1,0.03825098,22.42699266508998,Off T,Left Foot,Open Play
Watford,Etienne Capoue,96.0,51.3,0.03136356,26.527155897306443,Saved,Right Foot,Open Play
Leicester City,Marc Albrighton,105.0,53.0,0.047358267,19.849433241279208,Saved Off Target,Left Foot,Open Play
Watford,Odion Jude Ighalo,108.0,28.9,0.07106884,16.346559270990333,Post,Right Foot,Open Play
Watford,Almen Abdi,103.1,31.7,0.05609921,18.828170383762735,Saved,Right Foot,Open Play
Watford,Etienne Capoue,85.8,56.0,0.006013275,37.75764823184834,Off T,Right Foot,Open Play
Leicester City,Marc Albrighton,99.6,53.9,0.03241188,24.685420798519928,Saved,Left Foot,Open Play
Leicester City,Jamie Vardy,98.4,36.0,0.12452502,21.967248348393564,Saved,Right Foot,Open Play
Watford,Almen Abdi,98.8,34.9,0.03593927,21.804815981796317,Blocked,Right Foot,Open Play
Leicester City,Jamie Vardy,106.5,40.8,0.08751145,13.52368293032634,Wayward,Right Foot,Open Play
Leicester City,Marc Albrighton,102.0,39.4,0.08281451,18.009997223764362,Saved,Right Foot,Open Play
Leicester City,N''Golo Kanté,104.6,50.9,0.06395312,18.86716724895394,Goal,Right Foot,Open Play
Watford,Allan Romeo Nyom,97.3,56.6,0.026721712,28.122055401410478,Off T,Right Foot,Open Play
Leicester City,Jamie Vardy,103.8,47.9,0.19476008,18.023595645708436,Blocked,Right Foot,Open Play
Leicester City,Wes Morgan,114.3,44.3,0.12589355,7.1400280111495364,Off T,Head,Open Play
Leicester City,Jamie Vardy,108.0,40.1,0.7835,12.000416659433121,Goal,Right Foot,Penalty
Watford,Troy Deeney,108.0,40.0,0.7835,12.0,Goal,Right Foot,Penalty
Leicester City,Riyad Mahrez,106.0,50.0,0.15286991,17.204650534085253,Saved,Left Foot,Open Play
Leicester City,Riyad Mahrez,113.6,48.1,0.10977569,10.32327467424945,Off T,Left Foot,Open Play
Watford,Troy Deeney,96.8,41.2,0.06518981,23.23101375317057,Saved,Right Foot,Open Play
Leicester City,Marc Albrighton,88.6,45.5,0.019531513,31.87804887379402,Blocked,Right Foot,Open Play
Arsenal,Alexis Alejandro Sánchez Sánchez,109.2,30.1,0.08123945,14.650938536489733,Blocked,Right Foot,Open Play
Tottenham Hotspur,Mousa Sidi Yaya Dembélé,102.5,25.7,0.032360576,22.599557517792245,Blocked,Left Foot,Open Play
Tottenham Hotspur,Christian Dannemann Eriksen,101.2,18.5,0.009532889,28.56028711340276,Off T,Right Foot,Open Play
Tottenham Hotspur,Eric Dier,111.4,49.0,0.096769296,12.448293055676345,Off T,Head,Open Play
Tottenham Hotspur,Danny Rose,102.6,28.2,0.06955294,21.023796041628643,Off T,Right Foot,Open Play
Tottenham Hotspur,Harry Kane,110.9,29.5,0.26482624,13.894603268895441,Goal,Right Foot,Open Play
Arsenal,Alexis Alejandro Sánchez Sánchez,112.0,42.8,0.39932612,8.475848040166836,Saved,Right Foot,Open Play
Tottenham Hotspur,Harry Kane,107.5,58.5,0.013356982,22.327113561766108,Saved,Right Foot,Open Play
Arsenal,Joel Nathaniel Campbell Samuels,101.0,55.0,0.034040026,24.20743687382041,Saved,Left Foot,Open Play
Tottenham Hotspur,Christian Dannemann Eriksen,108.6,59.1,0.0121305995,22.24342599511146,Blocked,Right Foot,Open Play
Arsenal,Olivier Giroud,115.5,41.3,0.28510943,4.684015371452147,Post,Head,Open Play
Arsenal,Laurent Koscielny,107.2,47.1,0.025913833,14.637281168304446,Off T,Head,Open Play
Arsenal,Olivier Giroud,115.2,43.5,0.21826145,5.940538696111656,Off T,Head,Open Play
Tottenham Hotspur,Christian Dannemann Eriksen,105.5,53.6,0.06800058,19.879889335708086,Saved,Right Foot,Open Play
Tottenham Hotspur,Bamidele Alli,107.3,26.5,0.046272874,18.534832073693035,Off T,Right Foot,Open Play
Tottenham Hotspur,Harry Kane,107.9,54.7,0.058417954,19.039432764659768,Off T,Right Foot,Open Play
Tottenham Hotspur,Eric Dier,108.6,33.4,0.073571905,13.172699040060095,Off T,Head,Open Play
Tottenham Hotspur,Christian Dannemann Eriksen,102.2,51.5,0.061972298,21.19174367530902,Blocked,Left Foot,Open Play
Tottenham Hotspur,Toby Alderweireld,115.5,43.0,0.15529327,5.408326913195984,Saved,Head,Open Play
Tottenham Hotspur,Harry Kane,94.6,44.1,0.06538308,25.72877766237643,Off T,Right Foot,Open Play
Arsenal,Kieran Gibbs,116.2,35.7,0.31126413,5.738466694161425,Goal,Left Foot,Open Play
Arsenal,Per Mertesacker,109.9,44.3,0.10778651,10.97724920005007,Saved Off Target,Left Foot,Open Play
Arsenal,Olivier Giroud,107.6,38.0,0.06198649,12.56025477448607,Off T,Left Foot,Open Play
Arsenal,Olivier Giroud,109.6,42.1,0.049248997,10.609901036296245,Saved,Head,Open Play
Tottenham Hotspur,Harry Kane,106.9,24.5,0.04968506,20.294334184693025,Off T,Left Foot,Open Play
Tottenham Hotspur,Harry Kane,101.0,18.2,0.009744493,28.917814578560392,Blocked,Right Foot,Open Play
Sunderland,Younes Kaboul,113.8,45.9,0.07620395,8.558621384311845,Saved,Head,Open Play
Southampton,Jordy Clasie,86.9,49.6,0.018500574,34.46403922931843,Off T,Right Foot,Open Play
Southampton,Sadio Mané,112.2,52.5,0.07853943,14.733974345029923,Wayward,Right Foot,Open Play
Southampton,Dušan Tadić,109.4,29.9,0.22775717,14.641379716406508,Saved,Right Foot,Open Play
Southampton,Virgil van Dijk,86.6,28.6,0.0060670497,35.29192542211321,Off T,Right Foot,Open Play
Southampton,Sadio Mané,105.4,42.5,0.07230479,14.812494725737452,Saved,Left Foot,Open Play
Southampton,James Ward-Prowse,103.3,44.9,0.05040374,17.40402252354323,Blocked,Left Foot,Open Play
Sunderland,Ola Toivonen,91.4,45.0,0.028418008,29.03377343715418,Off T,Right Foot,Open Play
Sunderland,Fabio Borini,106.8,60.2,0.008165246,24.130478652525735,Saved,Right Foot,Open Play
Sunderland,Adam Johnson,95.3,29.1,0.021700004,26.998148084637215,Off T,Left Foot,Open Play
Southampton,Sadio Mané,94.3,39.3,0.050510958,25.709531306501876,Saved,Right Foot,Open Play
Southampton,Sadio Mané,108.9,32.7,0.17724392,13.285330255586416,Blocked,Left Foot,Open Play
Southampton,Graziano Pellè,111.6,29.9,0.066125825,13.136590120727682,Blocked,Right Foot,Open Play
Southampton,José Miguel da Rocha Fonte,114.9,35.1,0.13167104,7.072481884034764,Blocked,Head,Open Play
Sunderland,Duncan Watmore,105.9,32.5,0.20296869,15.970597985047393,Saved,Right Foot,Open Play
Southampton,Steven Davis,107.2,49.6,0.054730084,15.999999999999998,Blocked,Right Foot,Open Play
Southampton,James Ward-Prowse,95.8,34.1,0.04538104,24.908833774386146,Blocked,Left Foot,Open Play
Southampton,Dušan Tadić,108.3,40.1,0.7835,11.700427342623007,Goal,Left Foot,Penalty
Sunderland,Duncan Watmore,108.4,40.9,0.049868263,11.634861408714753,Blocked,Head,Open Play
Sunderland,Fabio Borini,110.7,56.7,0.016277583,19.114915641979696,Saved,Right Foot,Open Play
Sunderland,Adam Johnson,94.2,48.6,0.053691365,27.19558787744806,Off T,Left Foot,Free Kick
Southampton,James Ward-Prowse,96.6,32.1,0.03376992,24.697570730741926,Off T,Left Foot,Open Play
Sunderland,Jack Rodwell,109.5,43.7,0.060000036,11.132834320154057,Blocked,Head,Open Play
Sunderland,Fabio Borini,97.1,54.5,0.015503902,27.104612153653857,Off T,Right Foot,Open Play
Sunderland,Jack Rodwell,103.4,40.1,0.022344856,16.600301202086662,Off T,Head,Open Play
Manchester United,Marouane Fellaini-Bakkioui,93.3,48.9,0.042215206,28.144271175498577,Off T,Right Foot,Open Play
Liverpool,Nathaniel Edwin Clyne,94.0,46.2,0.03031518,26.72901045680517,Off T,Right Foot,Open Play
Manchester United,Memphis Depay,84.7,18.5,0.005890725,41.33206987316265,Off T,Right Foot,Open Play
Manchester United,Ashley Young,98.5,31.6,0.0361165,23.082677487674605,Blocked,Right Foot,Open Play
Manchester United,Daley Blind,103.6,40.5,0.062421467,16.407620180879377,Goal,Left Foot,Open Play
Manchester United,Ashley Young,99.0,35.8,0.030800415,21.4158819570897,Blocked,Right Foot,Open Play
Liverpool,Daniel William John Ings,108.6,35.6,0.12071846,12.219656296312106,Saved,Left Foot,Open Play
Manchester United,Ashley Young,95.4,37.5,0.07365307,24.726706210087904,Off T,Right Foot,Free Kick
Liverpool,Daniel William John Ings,116.8,40.4,0.26915506,3.2249030993194223,Blocked,Head,Open Play
Manchester United,Ander Herrera Agüera,108.3,40.2,0.7835,11.701709276853535,Goal,Right Foot,Penalty
Liverpool,James Philip Milner,96.8,18.9,0.011420772,31.360006377550373,Off T,Right Foot,Free Kick
Liverpool,Christian Benteke Liolo,113.2,45.1,0.0805561,8.499999999999998,Off T,Head,Open Play
Manchester United,Marouane Fellaini-Bakkioui,97.5,53.1,0.026419954,26.0357446599862,Blocked,Left Foot,Open Play
Liverpool,Jordon Ibe,103.8,57.5,0.037607152,23.84722206044134,Saved,Left Foot,Open Play
Liverpool,Christian Benteke Liolo,108.2,32.1,0.06815794,14.20035210831055,Goal,Right Foot,Open Play
Manchester United,Anthony Martial,111.6,30.8,0.41754526,12.457929201917954,Goal,Right Foot,Open Play
Swansea City,Gylfi Þór Sigurðsson,95.7,38.6,0.025164573,24.3402958075698,Wayward,Left Foot,Open Play
Swansea City,Gylfi Þór Sigurðsson,103.3,44.5,0.07541952,17.295664196555162,Blocked,Left Foot,Open Play
Swansea City,Jonjo Shelvey,100.5,56.7,0.030803638,25.673721974034073,Saved,Right Foot,Open Play
Swansea City,Gylfi Þór Sigurðsson,93.6,40.0,0.0380468,26.400000000000006,Saved,Right Foot,Open Play
Swansea City,Bafétimbi Gomis,110.5,38.5,0.9572047,9.617692030835672,Goal,Left Foot,Open Play
Newcastle United,Gabriel Antoine Obertan,109.2,26.6,0.05978589,17.210461934532727,Saved,Right Foot,Open Play
Swansea City,Jonjo Shelvey,87.0,29.0,0.0075459983,34.785054261852174,Blocked,Right Foot,Open Play
Newcastle United,Gabriel Antoine Obertan,98.9,25.6,0.033025265,25.54544969265563,Saved,Right Foot,Open Play
Swansea City,Gylfi Þór Sigurðsson,95.8,48.7,0.023960724,25.716337219751964,Blocked,Right Foot,Open Play
Newcastle United,Moussa Sissoko,99.1,53.1,0.02753619,24.666171166194406,Off T,Right Foot,Open Play
Swansea City,Jefferson Antonio Montero Vite,99.9,24.0,0.03002795,25.690659781329085,Post,Right Foot,Open Play
Swansea City,Jonjo Shelvey,82.1,41.7,0.00689204,37.93810749101753,Off T,Right Foot,Open Play
Newcastle United,Georginio Wijnaldum,92.7,20.7,0.008378263,33.43321701541746,Off T,Right Foot,Free Kick
Swansea City,Gylfi Þór Sigurðsson,95.8,42.7,0.046651706,24.350154003619775,Post,Left Foot,Open Play
Swansea City,André Ayew Pelé,106.1,37.8,0.03670963,14.073023839957074,Off T,Head,Open Play
Swansea City,André Ayew Pelé,113.3,34.7,0.07882552,8.542833253669418,Goal,Head,Open Play
Swansea City,Jack Frank Porteous Cork,94.7,38.4,0.032251023,25.350542400508907,Blocked,Right Foot,Open Play
Swansea City,André Ayew Pelé,113.3,37.8,0.26079157,7.051950084905596,Off T,Head,Open Play
Swansea City,Jonjo Shelvey,114.6,57.8,0.010635538,18.601075237738275,Saved,Left Foot,Open Play
Swansea City,Wayne Routledge,98.9,45.2,0.053129766,21.731313812100726,Blocked,Left Foot,Open Play
Swansea City,Jack Frank Porteous Cork,112.4,45.1,0.048903093,9.152595260361943,Blocked,Right Foot,Open Play
Swansea City,Kyle Naughton,92.8,51.6,0.024496581,29.570255325241956,Saved,Right Foot,Open Play
Swansea City,Jonjo Shelvey,90.2,47.0,0.019787638,30.61110909457545,Blocked,Right Foot,Open Play
AFC Bournemouth,Charlie Daniels,109.4,19.9,0.01069291,22.72377609465469,Blocked,Left Foot,Open Play
AFC Bournemouth,Callum Wilson,110.5,43.9,0.25607815,10.269371937952194,Goal,Right Foot,Open Play
West Ham United,Cheikhou Kouyaté,113.8,49.6,0.06941068,11.428035701729325,Off T,Head,Open Play
AFC Bournemouth,Max-Alain Gradel,102.8,31.3,0.04393518,19.275113488641257,Blocked,Right Foot,Open Play
AFC Bournemouth,Callum Wilson,108.4,39.8,0.5780072,11.601724009818534,Goal,Right Foot,Open Play
AFC Bournemouth,Callum Wilson,111.6,56.2,0.020797877,18.248287590894666,Off T,Right Foot,Open Play
AFC Bournemouth,Joshua King,111.2,42.3,0.31243375,9.09560333347931,Off T,Right Foot,Open Play
AFC Bournemouth,Charlie Daniels,90.5,23.5,0.007998018,33.80088756231114,Off T,Left Foot,Open Play
AFC Bournemouth,Matt Ritchie,92.7,42.0,0.030173855,27.373162038756135,Blocked,Left Foot,Open Play
West Ham United,Pedro Mba Obiang Avomo,96.0,37.8,0.048577107,24.100622398602074,Blocked,Right Foot,Open Play
AFC Bournemouth,Matt Ritchie,87.1,50.2,0.013083998,34.44488350974641,Off T,Left Foot,Open Play
AFC Bournemouth,Max-Alain Gradel,104.3,34.9,0.1772336,16.50757401921918,Saved,Right Foot,Open Play
West Ham United,Mark Noble,108.0,40.0,0.7835,12.0,Goal,Right Foot,Penalty
West Ham United,Dimitri Payet,97.7,30.5,0.04540128,24.239224410034243,Blocked,Right Foot,Open Play
West Ham United,Diafra Sakho,116.9,52.2,0.014064857,12.587692401707313,Saved,Right Foot,Open Play
West Ham United,Cheikhou Kouyaté,115.5,47.7,0.22842959,8.918520056601322,Goal,Right Foot,Open Play
West Ham United,Diafra Sakho,102.1,20.6,0.01322009,26.396401269870108,Off T,Right Foot,Open Play
AFC Bournemouth,Max-Alain Gradel,83.0,41.4,0.0055520777,37.026477013078086,Off T,Right Foot,Open Play
AFC Bournemouth,Marc Pugh,102.1,34.3,0.12490149,18.785632808079693,Saved,Right Foot,Open Play
AFC Bournemouth,Marc Pugh,108.8,31.9,0.329293,13.822083779228084,Goal,Right Foot,Open Play
West Ham United,Mark Noble,101.4,49.5,0.04729583,20.885641000457703,Blocked,Right Foot,Open Play
AFC Bournemouth,Callum Wilson,108.1,40.1,0.7835,11.900420160649796,Goal,Right Foot,Penalty
West Ham United,Modibo Maïga,103.3,38.9,0.41950515,16.73618833546038,Goal,Right Foot,Open Play
AFC Bournemouth,Andrew Surman,83.8,45.5,0.0059892912,36.615433904297795,Off T,Left Foot,Open Play
West Ham United,Cheikhou Kouyaté,102.5,55.9,0.026341323,23.644449665830667,Blocked,Right Foot,Open Play
AFC Bournemouth,Dan Gosling,106.3,35.3,0.038256373,14.48378403594862,Saved,Head,Open Play
Watford,Troy Deeney,108.9,40.6,0.08571741,11.116204388189338,Blocked,Right Foot,Open Play
Watford,Troy Deeney,94.7,34.4,0.02374219,25.912352266824403,Blocked,Right Foot,Open Play
Watford,Miguel Arturo Layún Prado,107.4,41.7,0.14806268,12.714165328483025,Goal,Right Foot,Open Play
Everton,Gareth Barry,111.8,40.2,0.074549034,8.202438661763955,Saved,Head,Open Play
Everton,Ross Barkley,96.5,39.7,0.03657419,23.501914815605982,Blocked,Right Foot,Open Play
Everton,Ross Barkley,91.3,41.8,0.025186298,28.756390594092302,Off T,Left Foot,Open Play
Everton,Ross Barkley,104.7,19.7,0.010463634,25.420070810286898,Saved,Right Foot,Open Play
Watford,Etienne Capoue,93.7,49.3,0.025480501,27.895877831679716,Saved,Left Foot,Open Play
Watford,Miguel Arturo Layún Prado,100.0,23.1,0.017717998,26.184155514356384,Off T,Right Foot,Open Play
Everton,Romelu Lukaku Menama,116.5,33.1,0.23635586,7.736924453553878,Off T,Head,Open Play
Everton,Kevin Mirallas,93.7,28.7,0.023140823,28.62481440987871,Blocked,Right Foot,Open Play
Watford,Ikechi Anya,108.5,24.0,0.04969981,19.704060495238032,Blocked,Left Foot,Open Play
Watford,José Holebas,92.4,23.1,0.008581724,32.363096267199154,Saved,Left Foot,Open Play
Watford,José Manuel Jurado Marín,96.2,42.4,0.037196703,23.920702330826323,Off T,Right Foot,Open Play
Everton,Arouna Koné,113.2,42.3,0.21592468,7.178439941937241,Off T,Head,Open Play
Everton,Ross Barkley,94.4,37.0,0.036634006,25.775181861628052,Goal,Right Foot,Open Play
Watford,Troy Deeney,103.4,33.0,0.07332196,18.01554883982167,Saved,Head,Open Play
Watford,Odion Jude Ighalo,101.6,36.2,0.12112719,18.788294228055943,Goal,Right Foot,Open Play
Everton,Phil Jagielka,107.9,27.1,0.015233593,17.68671818060094,Off T,Head,Open Play
Everton,Arouna Koné,110.7,52.3,0.071732424,15.420116731075673,Goal,Right Foot,Open Play
Watford,Ikechi Anya,93.1,31.0,0.02926621,28.36564823867067,Off T,Right Foot,Open Play
Everton,Romelu Lukaku Menama,112.0,25.0,0.03490508,17.0,Saved,Left Foot,Open Play
Arsenal,Olivier Giroud,112.4,31.5,0.113113776,11.402192771568103,Blocked,Left Foot,Open Play
Arsenal,Alexis Alejandro Sánchez Sánchez,90.3,31.1,0.020477016,31.004838332105525,Blocked,Right Foot,Open Play
Crystal Palace,Yohan Cabaye,97.6,41.3,0.023999227,22.43769150336104,Blocked,Right Foot,Open Play
Arsenal,Alexis Alejandro Sánchez Sánchez,109.5,48.2,0.17915149,13.32253729587574,Blocked,Right Foot,Open Play
Arsenal,Alexis Alejandro Sánchez Sánchez,113.5,49.0,0.18259667,11.10180165558726,Blocked,Right Foot,Open Play
Arsenal,Aaron Ramsey,90.3,55.2,0.0069723474,33.36360292294584,Saved,Right Foot,Open Play
Arsenal,Alexis Alejandro Sánchez Sánchez,101.4,39.3,0.117390886,18.613167382259252,Blocked,Right Foot,Open Play
Arsenal,Laurent Koscielny,108.7,36.4,0.043047544,11.859595271340416,Blocked,Head,Open Play
Crystal Palace,Yohan Cabaye,95.5,24.8,0.022152241,28.83210016630769,Saved,Right Foot,Open Play
Arsenal,Olivier Giroud,108.0,44.8,0.10683413,12.924395537122809,Goal,Left Foot,Open Play
Arsenal,Alexis Alejandro Sánchez Sánchez,112.3,57.6,0.013819051,19.21067411623028,Saved,Right Foot,Open Play
Arsenal,Alexis Alejandro Sánchez Sánchez,111.3,44.4,0.11316735,9.749358953285084,Off T,Head,Open Play
Crystal Palace,Joel Ward,98.2,53.2,0.032633595,25.484897488512683,Goal,Right Foot,Open Play
Arsenal,Olivier Giroud,107.1,35.2,0.07693015,13.764083696345358,Wayward,Left Foot,Open Play
Arsenal,Mesut Özil,119.3,33.2,0.03196157,6.835934464285037,Off T,Left Foot,Open Play
Arsenal,Santiago Cazorla González,100.1,45.5,0.05370199,20.646065000382038,Off T,Right Foot,Open Play
Crystal Palace,Yohan Cabaye,98.6,29.3,0.03420882,23.925927359247755,Blocked,Left Foot,Open Play
Crystal Palace,Connor Wickham,112.3,43.2,0.23850304,8.33846508657319,Post,Right Foot,Open Play
Crystal Palace,Jason Puncheon,105.3,32.1,0.10791825,16.688319268278637,Off T,Right Foot,Open Play
Arsenal,Alexis Alejandro Sánchez Sánchez,112.4,39.6,0.18475068,7.610519036176173,Saved,Right Foot,Open Play
Arsenal,Aaron Ramsey,110.7,28.5,0.101063974,14.789861392183496,Blocked,Left Foot,Open Play
Arsenal,Alexis Alejandro Sánchez Sánchez,112.8,33.8,0.06744921,9.501578816175765,Blocked,Head,Open Play
Crystal Palace,Jason Puncheon,108.6,28.2,0.13130505,16.407315441594953,Saved,Left Foot,Open Play
Arsenal,Aaron Ramsey,108.1,29.3,0.12823972,16.003124694883812,Off T,Left Foot,Open Play
Arsenal,Alex Oxlade-Chamberlain,106.5,53.3,0.053228095,18.95098942008042,Blocked,Right Foot,Open Play
Crystal Palace,Connor Wickham,103.1,33.9,0.055325307,17.967192323788385,Off T,Left Foot,Open Play
Crystal Palace,Jordon Mutch,117.2,38.8,0.499613,3.0463092423455618,Off T,Head,Open Play
Crystal Palace,Joel Ward,113.4,42.7,0.08677819,7.130918594402823,Saved,Head,Open Play
Arsenal,Santiago Cazorla González,109.1,28.9,0.058958136,15.556991997169638,Saved,Left Foot,Open Play
Crystal Palace,Jason Puncheon,98.5,35.6,0.042040545,21.945614596087303,Blocked,Left Foot,Open Play
Arsenal,Alex Oxlade-Chamberlain,108.6,53.1,0.12505539,17.36577093019484,Saved,Right Foot,Open Play
Norwich City,Graham Dorrans,89.6,55.4,0.006530683,34.07814548944822,Off T,Right Foot,Open Play
Norwich City,Alexander Banor Tettey,89.3,44.4,0.019160228,31.013706647222936,Blocked,Right Foot,Open Play
Norwich City,Lewis Grabban,115.9,39.8,0.61319286,4.1048751503547525,Off T,Right Foot,Open Play
Crystal Palace,Jordon Mutch,106.2,23.4,0.031322982,21.587033144922902,Blocked,Right Foot,Open Play
Norwich City,Robert Brady,96.1,54.5,0.036570936,27.954606060540367,Blocked,Left Foot,Free Kick
Crystal Palace,Jason Puncheon,102.7,48.5,0.03190213,19.275372888740698,Blocked,Right Foot,Open Play
Crystal Palace,Glenn Murray,116.2,40.7,0.58396196,3.863935817272329,Saved,Left Foot,Open Play
Crystal Palace,Joel Ward,114.6,52.6,0.026574358,13.708391590555038,Off T,Head,Open Play
Norwich City,Bradley Johnson,86.1,23.9,0.0058013904,37.52892218009998,Off T,Left Foot,Open Play
Crystal Palace,Wilfried Zaha,114.6,31.5,0.11633975,10.070253224224308,Goal,Right Foot,Open Play
Crystal Palace,Jordon Mutch,105.8,49.3,0.100001134,16.97439247808298,Saved,Right Foot,Open Play
Norwich City,Alexander Banor Tettey,100.5,45.4,0.054791186,20.233882474700696,Off T,Left Foot,Open Play
Norwich City,Robert Brady,97.8,31.9,0.0379873,23.631546711969577,Saved,Left Foot,Open Play
Norwich City,Bradley Johnson,110.0,46.1,0.03157881,11.713667231059622,Off T,Head,Open Play
Crystal Palace,Damien Delaney,117.1,31.8,0.27339634,8.697700845625816,Goal,Right Foot,Open Play
Norwich City,Lewis Grabban,116.4,50.6,0.0790741,11.194641575325223,Saved,Right Foot,Open Play
Norwich City,Bradley Johnson,112.4,39.6,0.24939464,7.610519036176173,Saved,Head,Open Play
Norwich City,Steven Whittaker,97.2,54.8,0.03231879,27.18234721285121,Saved,Left Foot,Open Play
Norwich City,Jonathan Howson,97.1,41.5,0.034360874,22.94907405539492,Off T,Right Foot,Open Play
Norwich City,Bradley Johnson,93.4,41.9,0.029894112,26.667770810474575,Blocked,Left Foot,Open Play
Norwich City,Nathan Redmond,88.5,44.5,0.023647962,31.81980515339464,Goal,Right Foot,Open Play
Norwich City,Steven Whittaker,110.3,54.3,0.033451047,17.27946758439044,Blocked,Right Foot,Open Play
Crystal Palace,Yohan Cabaye,92.4,48.7,0.02973892,28.938728375656034,Saved,Right Foot,Open Play
Crystal Palace,Connor Wickham,97.5,35.8,0.04499812,22.88864347225497,Off T,Right Foot,Open Play
Norwich City,Robert Brady,97.4,35.5,0.060413197,23.04365422410256,Off T,Left Foot,Open Play
Crystal Palace,Yannick Bolasie Yala,97.8,38.6,0.04501164,22.244100341438855,Saved,Right Foot,Open Play
Norwich City,Cameron Jerome,109.2,43.5,0.05744259,11.352973178863762,Wayward,Head,Open Play
Crystal Palace,Yohan Cabaye,108.0,43.0,0.5150758,12.36931687685298,Goal,Right Foot,Open Play
West Ham United,Mauro Matías Zárate,96.8,29.0,0.031002764,25.675669416784444,Blocked,Left Foot,Open Play
West Ham United,Carl Jenkinson,102.4,56.8,0.032602474,24.331050121192874,Off T,Right Foot,Open Play
Leicester City,Riyad Mahrez,117.2,46.9,0.11489753,7.446475676452583,Saved,Left Foot,Open Play
Leicester City,Robert Huth,108.7,44.7,0.04986116,12.238463955905576,Saved,Right Foot,Open Play
Leicester City,Shinji Okazaki,109.6,32.7,0.17438883,12.706297651164956,Saved,Right Foot,Open Play
Leicester City,Shinji Okazaki,118.3,35.7,0.43598235,4.623851208678755,Goal,Head,Open Play
Leicester City,Marc Albrighton,94.6,36.5,0.039365724,25.640007800310833,Blocked,Right Foot,Open Play
Leicester City,Riyad Mahrez,107.7,36.5,0.13762942,12.788275880665068,Goal,Left Foot,Open Play
West Ham United,Cheikhou Kouyaté,117.1,47.0,0.14813939,7.576938695805849,Off T,Head,Open Play
West Ham United,Mark Noble,103.4,53.9,0.044324145,21.651096969899694,Blocked,Left Foot,Open Play
West Ham United,Dimitri Payet,100.5,40.5,0.07271517,19.50640920313116,Blocked,Right Foot,Open Play
West Ham United,Dimitri Payet,105.8,37.0,0.099775836,14.51344204522139,Goal,Right Foot,Open Play
West Ham United,Diafra Sakho,116.9,45.1,0.12825157,5.968249324550707,Saved,Head,Open Play
West Ham United,Dimitri Payet,101.8,29.5,0.045209344,21.01166342772509,Blocked,Right Foot,Open Play
Leicester City,Riyad Mahrez,89.8,42.9,0.039204568,30.338918899657585,Off T,Left Foot,Free Kick
Leicester City,Jeffrey Schlupp,91.6,31.7,0.025894612,29.58800432607783,Blocked,Left Foot,Open Play
Leicester City,Marc Albrighton,108.8,51.0,0.04749343,15.698407562552326,Off T,Right Foot,Open Play
Leicester City,Danny Drinkwater,105.3,49.9,0.15039542,17.72286658529032,Off T,Right Foot,Open Play
West Ham United,Diafra Sakho,111.7,39.5,0.2043519,8.31504660239496,Saved,Left Foot,Open Play
Aston Villa,Rudy Gestede,108.6,52.9,0.03845235,17.21540008248429,Blocked,Right Foot,Open Play
Aston Villa,Jordan Amavi,85.7,26.3,0.0066193896,36.93480743147309,Blocked,Right Foot,Open Play
Crystal Palace,Jason Puncheon,97.8,40.0,0.04811282,22.200000000000003,Off T,Left Foot,Open Play
Aston Villa,Gabriel Imuetinyan Agbonlahor,107.6,35.4,0.517242,13.225732493892357,Saved,Right Foot,Open Play
Aston Villa,Carlos Alberto Sánchez Moreno,92.4,39.8,0.031566314,27.600724628168724,Off T,Left Foot,Open Play
Crystal Palace,Wilfried Zaha,109.8,38.1,0.13578762,10.375451797391767,Wayward,Left Foot,Open Play
Aston Villa,Idrissa Gana Gueye,92.0,35.4,0.029121898,28.375341407637723,Off T,Right Foot,Open Play
Crystal Palace,Yohan Cabaye,93.4,45.0,0.026570188,27.065845636151842,Off T,Right Foot,Open Play
Crystal Palace,Wilfried Zaha,99.4,30.1,0.04550119,22.855415113272386,Blocked,Right Foot,Open Play
Crystal Palace,Glenn Murray,112.7,31.3,0.05964222,11.35693620656557,Off T,Head,Open Play
Aston Villa,Gabriel Imuetinyan Agbonlahor,112.0,31.5,0.07797484,11.672617529928752,Wayward,Head,Open Play
Crystal Palace,Bakary Sako,85.3,36.2,0.018796993,34.90744906176904,Saved,Left Foot,Open Play
Aston Villa,Jack Grealish,114.8,25.2,0.016088678,15.686937240902063,Saved,Left Foot,Open Play
Aston Villa,Rudy Gestede,111.5,49.2,0.036568332,12.525573839150047,Off T,Head,Open Play
Crystal Palace,Bakary Sako,117.7,33.8,0.12405383,6.612866246946177,Saved,Left Foot,Open Play
Aston Villa,Leandro Bacuna,99.8,47.5,0.05218724,21.54738963308549,Off T,Left Foot,Open Play
Crystal Palace,Yohan Cabaye,97.8,23.5,0.043903906,27.660260302462813,Blocked,Right Foot,Free Kick
Aston Villa,Jack Grealish,101.9,47.6,0.027964463,19.63084307919555,Blocked,Left Foot,Open Play
Aston Villa,Rudy Gestede,106.3,43.8,0.032518756,14.217243052012583,Off T,Head,Open Play
Crystal Palace,Dwight Gayle,104.2,33.3,0.06242297,17.1618763542918,Blocked,Right Foot,Open Play
Crystal Palace,Jordon Mutch,105.4,51.6,0.032760877,18.647251808242412,Blocked,Left Foot,Open Play
Crystal Palace,Bakary Sako,106.9,45.6,0.07514369,14.246754016266296,Off T,Right Foot,Open Play
Crystal Palace,Jason Puncheon,102.0,38.0,0.09465568,18.110770276274835,Blocked,Left Foot,Open Play
Crystal Palace,Scott Dann,108.6,45.4,0.030235013,12.614277624977188,Goal,Head,Open Play
Crystal Palace,Bakary Sako,111.3,26.8,0.09715071,15.809174551506478,Saved,Left Foot,Open Play
Crystal Palace,Jason Puncheon,98.5,53.4,0.028573899,25.33396929026322,Off T,Left Foot,Open Play
Crystal Palace,Bakary Sako,116.4,23.2,0.011870548,17.181385275931625,Saved,Left Foot,Open Play
Aston Villa,Ashley Westwood,97.0,35.5,0.032862317,23.43608329051593,Off T,Right Foot,Open Play
Crystal Palace,Bakary Sako,103.3,51.8,0.05427531,20.4482273070308,Goal,Left Foot,Open Play
Manchester City,Sergio Leonel Agüero del Castillo,102.5,33.3,0.28301206,18.738729946290384,Saved,Right Foot,Open Play
Manchester City,Jesús Navas González,108.5,56.7,0.03429094,20.276587484091106,Off T,Right Foot,Open Play
Manchester City,Sergio Leonel Agüero del Castillo,104.9,42.3,0.062053744,15.274161188098017,Saved,Right Foot,Open Play
Manchester City,Sergio Leonel Agüero del Castillo,104.3,46.1,0.07374513,16.843396332094073,Saved,Right Foot,Open Play
Chelsea,Nemanja Matić,115.2,32.9,0.08308763,8.57029754442633,Off T,Head,Open Play
Manchester City,Sergio Leonel Agüero del Castillo,114.4,37.3,0.46588677,6.216912416947817,Off T,Right Foot,Open Play
Chelsea,Branislav Ivanović,87.7,49.1,0.02161724,33.55741348793139,Blocked,Right Foot,Open Play
Chelsea,Willian Borges da Silva,94.4,34.8,0.039745484,26.122786987609107,Blocked,Right Foot,Open Play
Manchester City,Gnégnéri Yaya Touré,109.3,42.1,0.0671447,10.904127658827187,Blocked,Left Foot,Open Play
Manchester City,Sergio Leonel Agüero del Castillo,105.5,43.7,0.134675,14.964624953536257,Goal,Left Foot,Open Play
Chelsea,Gary Cahill,117.8,45.7,0.12319335,6.109828148156055,Off T,Head,Open Play
Manchester City,Raheem Sterling,97.6,45.1,0.056665435,22.97324530840169,Off T,Right Foot,Open Play
Chelsea,Francesc Fàbregas i Soler,96.1,28.5,0.021610277,26.522820362849806,Off T,Right Foot,Open Play
Manchester City,Eliaquim Mangala,112.2,36.2,0.19985995,8.67640478539354,Off T,Head,Open Play
Manchester City,Gnégnéri Yaya Touré,102.9,50.9,0.046334423,20.278560106674234,Saved,Right Foot,Open Play
Manchester City,Sergio Leonel Agüero del Castillo,98.6,43.3,0.06982758,21.652944372532808,Off T,Left Foot,Open Play
Manchester City,Raheem Sterling,96.2,21.6,0.009874157,30.083217912982644,Blocked,Right Foot,Open Play
Manchester City,Sergio Leonel Agüero del Castillo,106.5,30.7,0.051755343,16.3932913107771,Blocked,Left Foot,Open Play
Manchester City,Gnégnéri Yaya Touré,92.6,53.2,0.019807717,30.413812651491106,Blocked,Right Foot,Open Play
Chelsea,Eden Hazard,107.2,39.5,0.0863123,12.809761902549162,Saved,Right Foot,Open Play
Manchester City,Vincent Kompany,112.5,35.0,0.06560197,9.013878188659973,Goal,Head,Open Play
Manchester City,Gnégnéri Yaya Touré,90.8,42.8,0.026611876,29.33393938767857,Saved,Right Foot,Open Play
Manchester City,Samir Nasri,100.8,28.1,0.029780911,22.588713996153036,Off T,Right Foot,Open Play
Chelsea,Radamel Falcao García Zárate,96.8,47.5,0.04701574,24.38216561341507,Blocked,Right Foot,Open Play
Manchester City,Fernando Luiz Rosa,101.3,48.2,0.080341265,20.418863827353377,Goal,Right Foot,Open Play
Chelsea,Gary Cahill,101.3,49.5,0.034030907,20.97474672075923,Blocked,Right Foot,Open Play
Chelsea,Juan Guillermo Cuadrado Bello,105.7,56.9,0.042315856,22.13820227570432,Saved,Left Foot,Open Play
Chelsea,Diego da Silva Costa,109.0,37.6,0.21854785,11.258774356030056,Post,Right Foot,Open Play
Chelsea,Radamel Falcao García Zárate,116.7,29.9,0.0835817,10.625441167311596,Saved,Left Foot,Open Play
Southampton,Graziano Pellè,107.8,30.7,0.04822946,15.340469353966979,Wayward,Left Foot,Open Play
Everton,Ross Barkley,101.5,19.3,0.013080488,27.762204523416365,Blocked,Right Foot,Free Kick
Everton,Arouna Koné,106.4,28.2,0.07851964,18.005554698481237,Blocked,Right Foot,Open Play
Southampton,Sadio Mané,118.5,29.4,0.022473393,10.705606008068857,Off T,Left Foot,Open Play
Southampton,Dušan Tadić,110.8,46.4,0.046311673,11.207140580897521,Blocked,Right Foot,Open Play
Southampton,Graziano Pellè,112.5,34.3,0.07107549,9.420191080864551,Off T,Head,Open Play
Southampton,Matt Targett,95.0,19.3,0.008157209,32.45751068705054,Saved,Left Foot,Open Play
Southampton,Sadio Mané,113.2,27.1,0.09879456,14.582523787054143,Saved,Left Foot,Open Play
Everton,Romelu Lukaku Menama,113.1,37.6,0.17072652,7.305477397131557,Goal,Head,Open Play
Everton,James McCarthy,118.0,54.4,0.014843665,14.538225476308996,Saved,Right Foot,Open Play
Everton,Ross Barkley,103.9,41.2,0.19543493,16.144658559412143,Saved,Right Foot,Open Play
Everton,Tom Cleverley,108.5,26.9,0.07789128,17.43158053648607,Off T,Right Foot,Open Play
Southampton,Victor Wanyama,113.3,38.7,0.111323446,6.824954212300623,Off T,Head,Open Play
Everton,Romelu Lukaku Menama,100.9,38.8,0.12657574,19.13765920900463,Goal,Left Foot,Open Play
Southampton,Victor Wanyama,110.5,36.1,0.057378173,10.269371937952194,Off T,Head,Open Play
Southampton,Graziano Pellè,106.2,42.7,0.07701215,14.061649974309557,Blocked,Right Foot,Open Play
Southampton,Cédric Ricardo Alves Soares,104.8,54.4,0.021895008,20.938003725283842,Blocked,Right Foot,Open Play
Southampton,Graziano Pellè,105.8,44.2,0.11239841,14.808105888330218,Saved,Left Foot,Open Play
Southampton,Graziano Pellè,105.7,43.0,0.14830922,14.611296999240004,Wayward,Right Foot,Open Play
Southampton,Graziano Pellè,112.0,33.8,0.056318715,10.121264743103998,Off T,Head,Open Play
Everton,Phil Jagielka,110.6,35.6,0.044649944,10.378824596263302,Saved Off Target,Head,Open Play
Southampton,Sadio Mané,91.8,54.0,0.0141630815,31.4839641722576,Saved,Right Foot,Open Play
Southampton,Victor Wanyama,101.8,49.5,0.05227434,20.530221625691237,Off T,Right Foot,Open Play
Everton,Romelu Lukaku Menama,96.5,51.0,0.029497784,25.947061490658243,Blocked,Left Foot,Open Play
Everton,Tom Cleverley,104.4,50.9,0.03158126,19.030764566879594,Blocked,Right Foot,Open Play
Everton,Ross Barkley,105.6,33.0,0.12928762,16.01124604770035,Goal,Right Foot,Open Play
Southampton,Graziano Pellè,102.4,46.9,0.08530738,18.904232330353956,Blocked,Left Foot,Open Play
Southampton,Jay Rodriguez,89.3,48.2,0.025406733,31.776248991975123,Off T,Right Foot,Open Play
Stoke City,Charlie Adam,106.0,43.9,0.10438907,14.533065746772083,Wayward,Left Foot,Open Play
Stoke City,Mame Biram Diouf,89.6,33.4,0.016600128,31.108198276338673,Saved,Left Foot,Open Play
Liverpool,Adam David Lallana,95.5,30.1,0.030166818,26.424609741678307,Blocked,Right Foot,Open Play
Liverpool,Philippe Coutinho Correia,96.0,33.3,0.02154384,24.917664417035557,Blocked,Right Foot,Open Play
Liverpool,Jordon Ibe,105.7,60.1,0.008484754,24.66779276708802,Blocked,Right Foot,Open Play
Stoke City,Ibrahim Afellay,107.7,31.4,0.05179884,15.008331019803633,Blocked,Left Foot,Open Play
Stoke City,Glen Johnson,108.3,38.6,0.11358007,11.783462988442746,Off T,Left Foot,Open Play
Stoke City,Marco van Ginkel,96.2,58.3,0.009673473,30.022158483360247,Saved Off Target,Left Foot,Open Play
Liverpool,Dejan Lovren,109.1,22.4,0.010462932,20.70193227696391,Saved,Left Foot,Open Play
Liverpool,Christian Benteke Liolo,106.5,32.1,0.07517935,15.641611170208776,Blocked,Right Foot,Open Play
Liverpool,Martin Škrtel,110.3,39.9,0.051892743,9.700515450222223,Saved,Head,Open Play
Liverpool,Philippe Coutinho Correia,89.0,39.6,0.018820846,31.00258053775524,Off T,Right Foot,Open Play
Stoke City,Marco van Ginkel,103.6,47.0,0.11903288,17.831432920547922,Blocked,Left Foot,Open Play
Liverpool,Philippe Coutinho Correia,91.2,33.0,0.02871684,29.638488490474675,Goal,Right Foot,Open Play
Tottenham Hotspur,Mousa Sidi Yaya Dembélé,91.9,43.4,0.0330204,28.304946564160822,Saved,Left Foot,Open Play
Leicester City,Danny Drinkwater,93.3,30.7,0.013542649,28.273308968000194,Blocked,Left Foot,Open Play
Leicester City,Marc Albrighton,106.9,34.6,0.105000325,14.169333082400168,Wayward,Right Foot,Open Play
Leicester City,Shinji Okazaki,111.5,35.4,0.09657414,9.664884893261792,Blocked,Left Foot,Open Play
Leicester City,Riyad Mahrez,101.2,52.2,0.041187838,22.411604137142884,Blocked,Left Foot,Open Play
Leicester City,Marc Albrighton,102.9,27.0,0.041956823,21.48045623351608,Off T,Right Foot,Open Play
Tottenham Hotspur,Eric Dier,113.6,38.1,0.099196844,6.676076692189812,Off T,Head,Open Play
Tottenham Hotspur,Mousa Sidi Yaya Dembélé,97.7,51.9,0.032516807,25.276471272707347,Saved,Left Foot,Open Play
Tottenham Hotspur,Harry Kane,95.5,26.4,0.016681489,28.021598812344738,Blocked,Right Foot,Open Play
Tottenham Hotspur,Harry Kane,113.5,24.6,0.021468151,16.715561611863357,Wayward,Left Foot,Open Play
Tottenham Hotspur,Ryan Mason,88.1,42.6,0.023503892,32.00578072786228,Off T,Right Foot,Open Play
Tottenham Hotspur,Ryan Mason,102.2,37.9,0.050408076,17.92344832893492,Blocked,Right Foot,Open Play
Leicester City,Riyad Mahrez,98.2,37.3,0.048657455,21.966565503054863,Blocked,Left Foot,Open Play
Tottenham Hotspur,Nacer Chadli,112.4,54.0,0.059706226,15.929846201391898,Off T,Right Foot,Open Play
Tottenham Hotspur,Erik Lamela,111.4,33.2,0.28177816,10.96357605893259,Off T,Right Foot,Open Play
Tottenham Hotspur,Nacer Chadli,111.6,39.7,0.073505096,8.405355435673146,Off T,Head,Open Play
Leicester City,Danny Drinkwater,108.0,56.1,0.05009028,20.080089641234174,Off T,Left Foot,Open Play
Tottenham Hotspur,Nacer Chadli,113.4,34.7,0.067886725,8.464632301523787,Off T,Head,Open Play
Tottenham Hotspur,Nacer Chadli,94.7,31.6,0.032217383,26.65801943130809,Off T,Right Foot,Open Play
Tottenham Hotspur,Harry Kane,107.7,36.8,0.07886277,12.709445306542687,Saved,Right Foot,Open Play
Tottenham Hotspur,Nacer Chadli,105.1,27.3,0.050701264,19.57804893241408,Blocked,Right Foot,Open Play
Tottenham Hotspur,Kyle Walker,89.5,50.9,0.019762408,32.389195729440395,Saved,Right Foot,Open Play
Tottenham Hotspur,Harry Kane,95.8,39.9,0.01788543,24.200206610688266,Off T,Right Foot,Open Play
Leicester City,Riyad Mahrez,116.3,53.5,0.017788695,13.997856978837868,Post,Right Foot,Open Play
Tottenham Hotspur,Bamidele Alli,116.5,44.0,0.65711045,5.315072906367325,Goal,Head,Open Play
Leicester City,Riyad Mahrez,108.2,54.8,0.029329851,18.928285712129345,Goal,Left Foot,Open Play
Leicester City,Jamie Vardy,99.9,23.5,0.046095263,26.0049995193232,Blocked,Right Foot,Free Kick
Leicester City,Andrew Philip King,101.5,38.1,0.048602488,18.59731163367437,Blocked,Right Foot,Open Play
Leicester City,Gökhan İnler,82.5,45.6,0.006135899,37.91582782954897,Off T,Left Foot,Open Play
Leicester City,Wes Morgan,112.4,42.2,0.082246944,7.9120161779409885,Saved,Head,Open Play
Tottenham Hotspur,Bamidele Alli,113.0,36.9,0.34413505,7.6557168181692825,Saved,Right Foot,Open Play
Tottenham Hotspur,Toby Alderweireld,116.7,26.0,0.011417091,14.383671297690308,Blocked,Right Foot,Open Play
Southampton,Steven Caulker,105.8,47.2,0.09619129,15.921055241409098,Off T,Head,Open Play
Watford,Allan Romeo Nyom,95.4,51.4,0.018391358,27.113096466468,Off T,Right Foot,Open Play
Watford,José Holebas,94.4,30.8,0.02189551,27.20294101747088,Blocked,Left Foot,Open Play
Southampton,Shane Long,112.2,51.6,0.118507855,13.97855500400524,Saved,Left Foot,Open Play
Watford,José Holebas,97.3,19.5,0.009013253,30.58659837248987,Blocked,Right Foot,Open Play
Southampton,Graziano Pellè,108.6,47.1,0.062100034,13.43018987207553,Off T,Head,Open Play
Southampton,Steven Caulker,113.1,35.0,0.11725317,8.521150157109078,Saved,Head,Open Play
Watford,Troy Deeney,102.9,53.6,0.02689661,21.848798593973076,Blocked,Right Foot,Open Play
Southampton,Graziano Pellè,108.3,56.5,0.041152455,20.22720939724509,Saved,Right Foot,Open Play
Southampton,Shane Long,117.0,49.5,0.0559027,9.962429422585638,Off T,Head,Open Play
Southampton,Cédric Ricardo Alves Soares,96.6,62.0,0.009797629,32.117907777437814,Off T,Left Foot,Open Play
Watford,Troy Deeney,104.5,56.7,0.022695266,22.784643951574054,Blocked,Right Foot,Open Play
Watford,Etienne Capoue,84.1,49.8,0.0055934936,37.2135727927325,Blocked,Right Foot,Open Play
Watford,Troy Deeney,115.4,43.1,0.1435358,5.547071299343461,Blocked,Head,Open Play
Watford,Etienne Capoue,117.1,36.6,0.44198638,4.468780594300868,Off T,Head,Open Play
Watford,Troy Deeney,97.7,48.4,0.03804501,23.829603437741046,Blocked,Right Foot,Open Play
Watford,Alessandro Diamanti,87.0,40.8,0.02299939,33.00969554539999,Off T,Left Foot,Open Play
Southampton,Victor Wanyama,93.2,38.4,0.033439845,26.847718711279736,Saved,Right Foot,Open Play
Southampton,Cédric Ricardo Alves Soares,96.0,60.7,0.008056731,31.693690223765362,Off T,Right Foot,Open Play
Southampton,Graziano Pellè,102.9,45.4,0.11171945,17.932372960654142,Off T,Left Foot,Open Play
Southampton,Jay Rodriguez,112.9,33.3,0.077718936,9.762171889492622,Saved Off Target,Head,Open Play
Watford,Odion Jude Ighalo,110.9,44.8,0.07200784,10.288342918079659,Wayward,Head,Open Play
Southampton,Shane Long,93.1,15.5,0.006832052,36.384886972478014,Saved,Right Foot,Open Play
Southampton,Victor Wanyama,84.3,39.7,0.018733658,35.701260481949376,Off T,Left Foot,Open Play
Southampton,Shane Long,96.2,31.9,0.03245585,25.14060460689042,Off T,Right Foot,Open Play
Watford,Ben Watson,100.9,49.1,0.034309078,21.157031927943006,Off T,Right Foot,Open Play
Southampton,Steven Caulker,105.2,43.2,0.033650845,15.141994584598157,Saved,Head,Open Play
Swansea City,André Ayew Pelé,91.0,48.1,0.024741605,30.109965127844305,Off T,Left Foot,Open Play
Sunderland,Patrick van Aanholt,82.6,29.4,0.0055539818,38.87312696452397,Blocked,Left Foot,Open Play
Swansea City,Bafétimbi Gomis,86.3,39.2,0.020394212,33.709494211571915,Saved,Left Foot,Open Play
Swansea City,André Ayew Pelé,98.9,36.0,0.113658,21.475800334329797,Off T,Left Foot,Open Play
Sunderland,Danny Graham,111.0,35.0,0.08177785,10.295630140987,Saved,Right Foot,Open Play
Swansea City,Gylfi Þór Sigurðsson,109.5,38.1,0.061239142,10.670520137275409,Blocked,Left Foot,Open Play
Swansea City,Bafétimbi Gomis,105.5,34.0,0.07253962,15.692354826475215,Blocked,Right Foot,Open Play
Swansea City,Jonjo Shelvey,99.1,41.2,0.052682042,20.934421415458328,Blocked,Right Foot,Open Play
Swansea City,Bafétimbi Gomis,107.8,50.5,0.16637568,16.096272860510286,Goal,Right Foot,Open Play
Swansea City,Jonjo Shelvey,110.8,17.9,0.0077589056,23.93846277437213,Blocked,Right Foot,Free Kick
Swansea City,André Ayew Pelé,112.4,38.2,0.1953558,7.810249675906648,Post,Head,Open Play
Swansea City,Jefferson Antonio Montero Vite,108.1,29.2,0.12128708,16.0701586799882,Saved,Right Foot,Open Play
Sunderland,John O''Shea,103.0,45.0,0.04369689,17.72004514666935,Off T,Head,Open Play
Sunderland,Jack Rodwell,91.3,33.2,0.029686823,29.494575772504344,Off T,Left Foot,Open Play
Swansea City,Gylfi Þór Sigurðsson,89.8,36.0,0.026773095,30.463748948545387,Saved,Right Foot,Open Play
Swansea City,André Ayew Pelé,113.1,38.5,0.23245703,7.061161377563898,Off T,Head,Open Play
Sunderland,Jermain Defoe,105.3,45.2,0.29319227,15.592626462530298,Goal,Right Foot,Open Play
Sunderland,Jack Rodwell,100.6,43.0,0.082863525,19.63058837630702,Blocked,Right Foot,Open Play
Swansea City,Jonjo Shelvey,97.9,28.3,0.035722017,25.00599928017274,Saved,Left Foot,Open Play
Swansea City,Gylfi Þór Sigurðsson,97.1,41.1,0.053467277,22.926403991904188,Saved,Left Foot,Open Play
Swansea City,Bafétimbi Gomis,112.4,41.6,0.12684922,7.766595135579034,Saved,Head,Open Play
Swansea City,Gylfi Þór Sigurðsson,93.4,47.2,0.041321363,27.557213211789026,Off T,Right Foot,Open Play
Sunderland,Jeremain Lens,102.4,25.2,0.04223536,22.995651762887693,Off T,Right Foot,Open Play
Swansea City,Jonjo Shelvey,93.7,37.2,0.03452161,26.44862945409459,Blocked,Right Foot,Open Play
Swansea City,Jefferson Antonio Montero Vite,107.7,26.4,0.07584785,18.33712082089225,Blocked,Right Foot,Open Play
Swansea City,André Ayew Pelé,105.7,40.9,0.029791586,14.32829368766567,Saved,Head,Open Play
Swansea City,Federico Fernández,113.3,47.2,0.0634685,9.835141076771603,Off T,Head,Open Play
Sunderland,Jeremain Lens,97.2,34.0,0.07659688,23.5762592452662,Blocked,Right Foot,Free Kick
Sunderland,Patrick van Aanholt,95.6,40.9,0.03357195,24.41659271888689,Off T,Right Foot,Open Play
Swansea City,André Ayew Pelé,102.2,49.6,0.07671901,20.223748416156685,Saved,Left Foot,Open Play
Sunderland,Sebastián Coates Nión,110.6,40.1,0.06437001,9.400531899844824,Off T,Head,Open Play
Sunderland,Sebastian Larsson,95.8,34.3,0.08087336,24.862220335279794,Blocked,Right Foot,Free Kick
Chelsea,Diego da Silva Costa,109.4,31.0,0.18116856,13.905394636614952,Off T,Left Foot,Open Play
West Bromwich Albion,James Morrison,107.9,40.0,0.7835,12.099999999999994,Saved,Right Foot,Penalty
West Bromwich Albion,Craig Dawson,112.7,38.0,0.13306348,7.569015788066501,Off T,Head,Open Play
Chelsea,Pedro Eliezer Rodríguez Ledesma,102.7,45.6,0.25496316,18.18378398463862,Goal,Left Foot,Open Play
Chelsea,Pedro Eliezer Rodríguez Ledesma,103.0,53.4,0.047791492,21.6462467878383,Blocked,Right Foot,Open Play
Chelsea,Diego da Silva Costa,113.6,37.3,0.90836036,6.946221994724908,Goal,Right Foot,Open Play
Chelsea,Willian Borges da Silva,98.4,30.6,0.050146386,23.556740012149383,Saved,Left Foot,Open Play
West Bromwich Albion,James Morrison,105.1,37.6,0.09549541,15.092050887801834,Goal,Right Foot,Open Play
Chelsea,Willian Borges da Silva,93.3,43.6,0.04999471,26.941603515752362,Off T,Right Foot,Open Play
Chelsea,Willian Borges da Silva,104.8,40.4,0.17789668,15.205262246998572,Off T,Right Foot,Open Play
Chelsea,César Azpilicueta Tanco,105.0,36.0,0.11520109,15.524174696260024,Goal,Right Foot,Open Play
Chelsea,César Azpilicueta Tanco,96.2,31.3,0.0324404,25.340284134160765,Blocked,Right Foot,Open Play
Chelsea,Pedro Eliezer Rodríguez Ledesma,98.2,35.0,0.04588984,22.366045694310827,Blocked,Right Foot,Open Play
West Bromwich Albion,José Salomón Rondón Giménez,100.2,31.7,0.081692025,21.469280379183648,Blocked,Right Foot,Free Kick
West Bromwich Albion,Chris Brunt,97.6,26.5,0.025044888,26.153584840323518,Saved,Right Foot,Open Play
Chelsea,Nemanja Matić,93.4,46.1,0.056344714,27.290474528670252,Saved,Left Foot,Free Kick
West Bromwich Albion,James Morrison,111.1,36.0,0.13038465,9.757561170702447,Goal,Head,Open Play
Chelsea,Diego da Silva Costa,109.4,29.6,0.09597647,14.849915824677252,Off T,Left Foot,Open Play
West Bromwich Albion,José Salomón Rondón Giménez,101.9,34.4,0.080833726,18.946503635235704,Off T,Right Foot,Open Play
West Bromwich Albion,Callum McManaman,112.3,27.3,0.09423609,14.85193590075045,Off T,Right Foot,Open Play
West Bromwich Albion,Rickie Lambert,87.6,30.0,0.014869235,33.90811112403639,Blocked,Right Foot,Open Play
West Bromwich Albion,Gareth McAuley,88.4,50.4,0.01617343,33.26740146149079,Blocked,Right Foot,Open Play
Chelsea,Diego da Silva Costa,106.7,48.7,0.073150575,15.8927656498169,Off T,Right Foot,Open Play
Chelsea,Radamel Falcao García Zárate,108.6,46.6,0.08517626,13.172699040060095,Off T,Right Foot,Open Play
West Bromwich Albion,Serge Gnabry,107.7,18.8,0.0075077526,24.50979396078229,Off T,Right Foot,Open Play
West Bromwich Albion,Serge Gnabry,96.1,41.8,0.050450448,23.967686580060253,Saved,Right Foot,Open Play
Chelsea,Eden Hazard,111.3,29.5,0.30049768,13.635981812836215,Off T,Left Foot,Open Play
West Bromwich Albion,Chris Brunt,100.1,24.4,0.030824713,25.285766747322498,Off T,Right Foot,Open Play
West Bromwich Albion,Craig Gardner,109.5,24.7,0.053765573,18.55640051303054,Blocked,Left Foot,Open Play
West Bromwich Albion,José Salomón Rondón Giménez,116.7,47.1,0.12283967,7.829431652425353,Saved,Right Foot,Open Play
West Bromwich Albion,Jonas Olsson,114.5,49.6,0.04677362,11.063905277974863,Off T,Head,Open Play
Liverpool,Philippe Coutinho Correia,94.4,35.4,0.041926894,26.00999807766236,Off T,Right Foot,Open Play
Southampton,Virgil van Dijk,112.9,39.5,0.08653341,7.1175838597096925,Off T,Head,Open Play
Liverpool,Emre Can,110.0,44.0,0.0367455,10.770329614269007,Saved,Head,Open Play
Southampton,Graziano Pellè,106.6,49.5,0.09080422,16.425894191793645,Off T,Right Foot,Open Play
Southampton,Shane Long,112.5,52.3,0.04535172,14.40624864425156,Blocked,Right Foot,Open Play
Liverpool,Daniel Andre Sturridge,94.9,48.0,0.031467807,26.344069541359772,Saved,Left Foot,Open Play
Liverpool,Divock Okoth Origi,98.4,39.0,0.07556162,21.623135757794238,Blocked,Right Foot,Open Play
Liverpool,Philippe Coutinho Correia,92.4,27.5,0.030082487,30.29867983922731,Goal,Right Foot,Open Play
Southampton,Jordy Clasie,93.5,44.7,0.028318746,26.91356535281047,Blocked,Right Foot,Open Play
Liverpool,Nathaniel Edwin Clyne,99.1,19.9,0.01024233,28.9968963856479,Blocked,Right Foot,Open Play
Liverpool,Divock Okoth Origi,109.3,26.7,0.033922542,17.06985647274165,Blocked,Right Foot,Open Play
Liverpool,Daniel Andre Sturridge,109.6,50.7,0.06433802,14.92146105446783,Goal,Left Foot,Open Play
Liverpool,Joe Allen,108.2,40.3,0.50651807,11.803812943282349,Saved,Right Foot,Open Play
Liverpool,Daniel Andre Sturridge,113.8,53.1,0.032664776,14.493101807411692,Blocked,Left Foot,Open Play
Liverpool,Daniel Andre Sturridge,109.3,54.4,0.07795334,17.940178371465542,Saved,Right Foot,Open Play
Liverpool,Joe Allen,107.7,34.7,0.073526464,13.393281898026336,Blocked,Left Foot,Open Play
Southampton,Graziano Pellè,104.0,43.4,0.21598624,16.35726138447387,Off T,Left Foot,Open Play
Southampton,Ryan Bertrand,92.0,55.8,0.009160858,32.150272160589864,Off T,Left Foot,Free Kick
Southampton,Steven Davis,98.4,48.8,0.038407072,23.323807579381196,Blocked,Right Foot,Open Play
Southampton,Sadio Mané,108.0,40.0,0.7835,12.0,Saved,Right Foot,Penalty
Southampton,Shane Long,115.7,28.1,0.06590831,12.653062870309304,Off T,Left Foot,Open Play
Liverpool,Divock Okoth Origi,104.7,22.0,0.019105352,23.623928547132035,Saved,Right Foot,Open Play
Liverpool,Emre Can,108.7,40.0,0.25659254,11.299999999999997,Saved,Right Foot,Open Play
Southampton,Virgil van Dijk,91.1,33.8,0.024794072,29.557570942146118,Blocked,Right Foot,Open Play
Southampton,Graziano Pellè,111.7,30.5,0.05168964,12.615070352558481,Blocked,Head,Open Play
Southampton,Oriol Romeu Vidal,91.4,45.2,0.038535547,29.068883707497264,Off T,Right Foot,Open Play
Southampton,Sadio Mané,111.0,27.7,0.12849459,15.241062955056647,Goal,Left Foot,Open Play
Liverpool,Nathaniel Edwin Clyne,103.6,26.2,0.044312038,21.433618453261694,Saved,Right Foot,Open Play
Liverpool,Christian Benteke Liolo,104.6,50.3,0.12682673,18.52700731364891,Off T,Right Foot,Open Play
Liverpool,Joe Allen,91.0,41.4,0.028243385,29.03377343715419,Blocked,Right Foot,Open Play
Southampton,Graziano Pellè,99.9,43.3,0.070379525,20.36909423612154,Goal,Left Foot,Open Play
Southampton,Sadio Mané,102.7,32.5,0.22450626,18.855768348173985,Goal,Left Foot,Open Play
Southampton,Graziano Pellè,94.2,51.8,0.031322934,28.370407117276265,Saved,Right Foot,Open Play
Liverpool,Philippe Coutinho Correia,94.0,24.9,0.01859155,30.066759053812234,Off T,Right Foot,Open Play
Tottenham Hotspur,Christian Dannemann Eriksen,93.4,35.4,0.03303026,26.994814316827586,Saved,Left Foot,Open Play
Tottenham Hotspur,Bamidele Alli,93.6,39.5,0.028082069,26.40473442396269,Off T,Right Foot,Open Play
Tottenham Hotspur,Toby Alderweireld,112.7,39.3,0.09815517,7.333484846919639,Saved,Head,Open Play
Tottenham Hotspur,Toby Alderweireld,112.1,41.9,0.07286517,8.125269226308756,Off T,Head,Open Play
Tottenham Hotspur,Eric Dier,91.1,49.8,0.022916166,30.516389039334264,Off T,Right Foot,Open Play
Tottenham Hotspur,Erik Lamela,102.8,24.1,0.03498211,23.423279018958898,Blocked,Left Foot,Open Play
Leicester City,Shinji Okazaki,108.5,34.4,0.24326338,12.791012469699183,Off T,Left Foot,Open Play
Leicester City,N''Golo Kanté,112.4,50.6,0.068994746,13.043005788544294,Off T,Right Foot,Open Play
Leicester City,Danny Drinkwater,98.6,30.6,0.036504347,23.373489255992574,Saved,Right Foot,Open Play
Tottenham Hotspur,Toby Alderweireld,87.7,59.8,0.0053129788,37.885749299703704,Blocked,Right Foot,Open Play
Tottenham Hotspur,Christian Dannemann Eriksen,95.6,33.5,0.025492273,25.250940576540913,Saved,Right Foot,Open Play
Tottenham Hotspur,Bamidele Alli,102.8,29.1,0.038000744,20.362956563328424,Blocked,Left Foot,Open Play
Tottenham Hotspur,Kyle Walker,94.8,57.1,0.01178179,30.45406376823954,Blocked,Right Foot,Open Play
Leicester City,Danny Drinkwater,95.7,46.1,0.033399552,25.053941805632103,Blocked,Right Foot,Open Play
Leicester City,Jamie Vardy,110.9,35.3,0.094457105,10.242070103255491,Blocked,Right Foot,Open Play
Leicester City,Danny Drinkwater,97.5,38.9,0.035179537,22.526872841120223,Blocked,Right Foot,Open Play
Tottenham Hotspur,Christian Dannemann Eriksen,98.0,59.3,0.012152332,29.265850406232857,Blocked,Right Foot,Free Kick
Tottenham Hotspur,Erik Lamela,108.4,37.9,0.09707984,11.788553770501276,Blocked,Left Foot,Open Play
Tottenham Hotspur,Tom Carroll,100.8,30.9,0.035449825,21.24735277628722,Off T,Left Foot,Open Play
Tottenham Hotspur,Harry Kane,111.8,48.8,0.353871,12.028299963003915,Saved to Post,Right Foot,Open Play
Tottenham Hotspur,Bamidele Alli,103.9,28.4,0.04288729,19.84363877921587,Blocked,Left Foot,Open Play
Tottenham Hotspur,Harry Kane,97.8,57.8,0.015590268,28.45487655921213,Blocked,Right Foot,Open Play
Tottenham Hotspur,Toby Alderweireld,109.5,38.1,0.052191865,10.670520137275409,Blocked,Head,Open Play
Tottenham Hotspur,Erik Lamela,108.0,42.6,0.24688269,12.278436382536663,Off T,Left Foot,Open Play
Leicester City,Riyad Mahrez,107.6,45.0,0.21324116,13.37011593068662,Blocked,Left Foot,Open Play
Leicester City,Danny Drinkwater,106.5,32.9,0.13287444,15.253196386331622,Blocked,Left Foot,Open Play
Leicester City,José Leonardo Ulloa,111.3,39.1,0.18874617,8.746427842267954,Blocked,Right Foot,Open Play
Tottenham Hotspur,Bamidele Alli,100.2,45.2,0.13648078,20.471443525066814,Saved,Right Foot,Open Play
Tottenham Hotspur,Harry Kane,104.9,48.6,0.07538074,17.377284022539307,Saved,Left Foot,Open Play
Leicester City,Robert Huth,109.1,44.6,0.031957403,11.830891766895686,Goal,Head,Open Play
Tottenham Hotspur,Harry Kane,98.3,26.5,0.022455288,25.556603843233948,Blocked,Left Foot,Open Play
AFC Bournemouth,Joshua King,100.0,27.9,0.03997139,23.375414434828745,Saved,Right Foot,Open Play
AFC Bournemouth,Harry Arter,103.7,42.7,0.060234506,16.522106403240475,Blocked,Right Foot,Open Play
Arsenal,Gabriel Armando de Abreu,112.4,38.0,0.14371033,7.8587530817553946,Goal,Head,Open Play
Arsenal,Theo Walcott,118.5,50.8,0.013864788,10.903669107231746,Blocked,Right Foot,Open Play
Arsenal,Gabriel Armando de Abreu,113.6,48.5,0.05757725,10.64001879697588,Post,Head,Open Play
Arsenal,Per Mertesacker,117.9,36.4,0.53635293,4.16773319683494,Off T,Head,Open Play
Arsenal,Theo Walcott,112.2,30.8,0.20612866,12.06150902665168,Saved,Left Foot,Open Play
Arsenal,Olivier Giroud,110.3,34.5,0.062811516,11.150784725749128,Off T,Head,Open Play
AFC Bournemouth,Harry Arter,96.8,24.6,0.020071797,27.84600509947522,Blocked,Left Foot,Open Play
AFC Bournemouth,Dan Gosling,91.8,46.5,0.019233877,28.939419482774703,Blocked,Right Foot,Open Play
Arsenal,Mesut Özil,115.4,49.5,0.2133645,10.555093557141022,Goal,Left Foot,Open Play
Arsenal,Gabriel Armando de Abreu,114.6,53.6,0.0125276605,14.63283977907228,Off T,Head,Open Play
Arsenal,Mesut Özil,113.3,33.5,0.1439676,9.334880824091973,Wayward,Left Foot,Open Play
Arsenal,Olivier Giroud,100.5,48.0,0.10059154,21.07723890835799,Saved,Left Foot,Open Play
AFC Bournemouth,Matt Ritchie,91.4,36.0,0.029109316,28.878365604722156,Saved,Left Foot,Open Play
AFC Bournemouth,Harry Arter,92.1,49.7,0.022692235,29.538110975483864,Blocked,Right Foot,Open Play
Arsenal,Olivier Giroud,106.1,37.9,0.137739,14.0577380826362,Off T,Right Foot,Open Play
AFC Bournemouth,Eunan O'Kane,104.3,29.1,0.039687205,19.112822920751398,Off T,Right Foot,Open Play
Arsenal,Alex Oxlade-Chamberlain,103.1,36.8,0.098797314,17.20029069521792,Blocked,Right Foot,Open Play
AFC Bournemouth,Junior Stanislas,102.6,22.4,0.03340575,24.749141399248586,Off T,Right Foot,Open Play
AFC Bournemouth,Glenn Murray,106.5,24.7,0.057880774,20.404411287758343,Saved,Left Foot,Open Play
Arsenal,Theo Walcott,116.7,52.4,0.02411005,12.831601614763448,Saved,Right Foot,Open Play
AFC Bournemouth,Harry Arter,92.6,39.3,0.024517534,27.408940147331496,Off T,Left Foot,Open Play
Sunderland,Yann Gérard M''Vila,96.0,48.3,0.024006175,25.39468448317482,Wayward,Right Foot,Open Play
West Bromwich Albion,Craig Dawson,111.0,48.8,0.05635789,12.587295182047649,Wayward,Head,Open Play
West Bromwich Albion,Craig Gardner,97.5,27.9,0.035738036,25.54721119809362,Wayward,Left Foot,Open Play
West Bromwich Albion,Sandro Ranieri Guimarães Cordeiro,84.5,38.4,0.0140724955,35.53603804590489,Off T,Right Foot,Open Play
Sunderland,Jermain Defoe,111.1,48.0,0.043778595,11.967038062946072,Saved,Right Foot,Open Play
Sunderland,Jermain Defoe,110.9,27.9,0.13615164,15.140013210033864,Off T,Left Foot,Open Play
Sunderland,Jermain Defoe,99.6,41.6,0.05376926,20.462648899885867,Blocked,Right Foot,Open Play
Sunderland,Jermain Defoe,111.7,54.2,0.03104937,16.447796204963144,Blocked,Right Foot,Open Play
Sunderland,Jermain Defoe,113.3,36.2,0.22520019,7.702596964660686,Off T,Head,Open Play
Sunderland,Lee Cattermole,110.9,48.9,0.30968755,12.728707711311461,Saved,Right Foot,Open Play
Sunderland,Jermain Defoe,97.1,51.5,0.030244375,25.625378045991834,Saved Off Target,Left Foot,Open Play
Sunderland,Jan Kirchhoff,106.1,44.9,0.27540493,14.738385257551117,Saved,Right Foot,Open Play
Sunderland,Lee Cattermole,94.4,51.2,0.026722377,27.942798714516766,Blocked,Right Foot,Open Play
Sunderland,Jermain Defoe,111.4,47.1,0.073013894,11.152129841424907,Blocked,Right Foot,Open Play
Sunderland,Lamine Koné,108.6,38.7,0.04121235,11.473883387938022,Wayward,Head,Open Play
Sunderland,Jermain Defoe,115.7,36.1,0.15392345,5.805170109479994,Blocked,Head,Open Play
Sunderland,Wahbi Khazri,101.4,22.7,0.027005699,25.401771591761072,Blocked,Right Foot,Open Play
Sunderland,Fabio Borini,92.3,46.4,0.026686514,28.429737951659003,Saved,Right Foot,Open Play
Sunderland,Fabio Borini,105.3,57.9,0.021642424,23.16246964380094,Blocked,Right Foot,Open Play
Sunderland,Fabio Borini,106.9,43.5,0.10838968,13.559498515800643,Off T,Right Foot,Open Play
Sunderland,Patrick van Aanholt,94.9,26.6,0.021465458,28.452943608702416,Off T,Left Foot,Open Play
Sunderland,Patrick van Aanholt,89.3,48.1,0.030164668,31.750590545689068,Off T,Left Foot,Free Kick
Sunderland,Fabio Borini,104.6,25.4,0.039079625,21.220744567521663,Saved,Right Foot,Open Play
West Bromwich Albion,Victor Chinedu Anichebe,107.3,25.6,0.043189727,19.20026041490063,Blocked,Right Foot,Open Play
Sunderland,Jermain Defoe,111.1,30.6,0.20003222,12.944883158993752,Saved,Right Foot,Open Play
Sunderland,Jermain Defoe,112.1,38.8,0.11836769,7.990619500389196,Blocked,Right Foot,Open Play
Sunderland,Fabio Borini,93.4,40.4,0.033652827,26.60300734879423,Off T,Right Foot,Open Play
Sunderland,Yann Gérard M''Vila,107.7,26.9,0.05383326,17.969418465826877,Blocked,Right Foot,Open Play
Sunderland,Fabio Borini,106.4,35.8,0.09900108,14.233762678926464,Wayward,Right Foot,Open Play
Chelsea,Loïc Rémy,116.9,54.1,0.017029306,14.43675863897433,Saved,Right Foot,Open Play
West Ham United,Michail Antonio,111.8,32.0,0.069263205,11.456002793295752,Saved,Head,Open Play
West Ham United,Manuel Lanzini,96.3,29.5,0.03267453,25.921805492673542,Goal,Right Foot,Open Play
West Ham United,Dimitri Payet,103.0,57.0,0.026000436,24.041630560342615,Blocked,Right Foot,Open Play
Chelsea,Branislav Ivanović,106.7,37.8,0.042359713,13.480726983364063,Off T,Head,Open Play
West Ham United,Dimitri Payet,90.7,32.8,0.026032113,30.171675458946588,Off T,Right Foot,Open Play
West Ham United,Cheikhou Kouyaté,111.5,45.0,0.07687078,9.86154146165801,Wayward,Head,Open Play
Chelsea,Robert Kenedy Nunes do Nascimento,94.8,30.5,0.035673168,26.931208662070855,Off T,Right Foot,Open Play
Chelsea,Willian Borges da Silva,107.0,55.8,0.04032832,20.4606940253746,Blocked,Right Foot,Open Play
Chelsea,Loïc Rémy,109.4,43.4,0.110444374,11.131936040060591,Saved,Head,Open Play
West Ham United,Aaron Cresswell,108.7,27.0,0.07884975,17.2246915792417,Blocked,Left Foot,Open Play
Chelsea,Willian Borges da Silva,90.9,32.9,0.036701933,29.95363083167047,Off T,Right Foot,Free Kick
Chelsea,Francesc Fàbregas i Soler,95.5,33.7,0.06777154,25.29703539942971,Goal,Right Foot,Free Kick
Chelsea,Oscar dos Santos Emboaba Júnior,116.3,31.6,0.16926225,9.17877987534291,Off T,Right Foot,Open Play
Chelsea,Oscar dos Santos Emboaba Júnior,94.0,35.6,0.027578972,26.369679558159216,Blocked,Right Foot,Open Play
West Ham United,Aaron Cresswell,117.7,25.9,0.016256858,14.286357128393508,Post,Left Foot,Open Play
Chelsea,Loïc Rémy,98.6,29.8,0.043586772,23.7065391822594,Saved,Right Foot,Open Play
West Ham United,Andy Carroll,107.3,29.2,0.24101146,16.67123270787137,Goal,Left Foot,Open Play
Chelsea,Bertrand Isidore Traoré,104.1,31.6,0.08498638,17.982491484774854,Blocked,Left Foot,Open Play
West Ham United,Dimitri Payet,94.4,27.4,0.015921656,28.532788156785514,Blocked,Right Foot,Open Play
Chelsea,John Michael Nchekwube Obinna,116.8,35.6,0.3256806,5.440588203494178,Off T,Head,Open Play
Chelsea,Oscar dos Santos Emboaba Júnior,104.6,53.0,0.042302303,20.153411621856986,Blocked,Right Foot,Open Play
Chelsea,Francesc Fàbregas i Soler,113.1,40.1,0.09067502,6.900724599634453,Off T,Head,Open Play
Chelsea,Oscar dos Santos Emboaba Júnior,112.1,51.8,0.06632135,14.200352108310554,Blocked,Right Foot,Open Play
Chelsea,Francesc Fàbregas i Soler,110.4,39.8,0.088720724,9.602083107326239,Off T,Right Foot,Open Play
Chelsea,John Terry,112.3,40.2,0.08028822,7.702596964660688,Off T,Head,Open Play
West Ham United,Dimitri Payet,106.7,30.5,0.06496989,16.344418007380987,Blocked,Right Foot,Open Play
West Ham United,Andy Carroll,112.6,40.1,0.08396817,7.400675644831361,Saved,Head,Open Play
Chelsea,Francesc Fàbregas i Soler,110.5,49.7,0.06423122,13.577186748365806,Blocked,Right Foot,Open Play
Chelsea,Gary Cahill,111.4,41.6,0.071899794,8.74757109145161,Off T,Head,Open Play
Chelsea,John Michael Nchekwube Obinna,92.7,36.6,0.029432638,27.510906927980397,Off T,Right Foot,Open Play
West Ham United,Andy Carroll,115.2,44.0,0.10936616,6.248199740725322,Blocked,Head,Open Play
Chelsea,Francesc Fàbregas i Soler,108.0,39.7,0.7835,12.003749414245535,Goal,Right Foot,Penalty
West Ham United,Dimitri Payet,91.3,42.0,0.04523296,28.769602013236128,Saved,Right Foot,Free Kick
Chelsea,Ruben Loftus-Cheek,107.0,34.7,0.086544774,14.038874598770372,Off T,Right Foot,Open Play
AFC Bournemouth,Charlie Daniels,99.2,41.0,0.048578605,20.824024587000466,Saved,Right Foot,Open Play
AFC Bournemouth,Benik Afobe,108.3,42.9,0.08609683,12.054044964243333,Goal,Head,Open Play
AFC Bournemouth,Adam Smith,100.9,40.9,0.062269248,19.121192431435855,Blocked,Left Foot,Open Play
AFC Bournemouth,Andrew Surman,107.0,40.1,0.07878156,13.000384609695207,Off T,Left Foot,Open Play
AFC Bournemouth,Junior Stanislas,108.3,52.3,0.06080054,16.97586522095413,Saved,Right Foot,Open Play
AFC Bournemouth,Junior Stanislas,105.9,56.1,0.020612737,21.401401823245127,Saved,Right Foot,Open Play
AFC Bournemouth,Benik Afobe,102.0,46.8,0.08569934,19.241621553289107,Saved,Right Foot,Open Play
AFC Bournemouth,Steve Cook,88.2,39.0,0.021885946,31.81571938523471,Off T,Right Foot,Open Play
Sunderland,John O''Shea,106.2,39.6,0.03269192,13.805795884337849,Saved,Head,Open Play
AFC Bournemouth,Marc Pugh,103.5,25.9,0.03861649,21.703916697223107,Off T,Right Foot,Open Play
Sunderland,Fabio Borini,94.2,31.5,0.031104611,27.164130760986996,Blocked,Left Foot,Open Play
Sunderland,Fabio Borini,96.5,39.4,0.042075895,23.507658326596463,Saved,Right Foot,Open Play
Sunderland,Patrick van Aanholt,111.9,27.2,0.09579564,15.147607071745686,Goal,Left Foot,Open Play
AFC Bournemouth,Junior Stanislas,100.9,39.9,0.10521514,19.10026177831078,Off T,Right Foot,Open Play
Sunderland,Adam Johnson,87.4,45.3,0.014199833,33.02801840861785,Saved,Left Foot,Open Play
Sunderland,Jermain Defoe,92.4,32.3,0.03584761,28.653970056520958,Off T,Right Foot,Open Play
Sunderland,Billy Jones,111.3,44.0,0.08812706,9.575489543621257,Saved,Head,Open Play
AFC Bournemouth,Matt Ritchie,106.9,39.0,0.04518598,13.138112497615472,Wayward,Head,Open Play
AFC Bournemouth,Harry Arter,89.7,44.4,0.023482144,30.617805277321885,Off T,Left Foot,Open Play
Sunderland,Duncan Watmore,105.5,41.9,0.07536707,14.623952953972465,Blocked,Left Foot,Open Play
Sunderland,Yann Gérard M''Vila,108.1,53.5,0.045024697,17.996110690924308,Blocked,Right Foot,Open Play
AFC Bournemouth,Matt Ritchie,96.8,33.3,0.04572089,24.14808481018733,Blocked,Left Foot,Open Play
AFC Bournemouth,Lewis Grabban,111.1,43.6,0.44838935,9.600520819205597,Off T,Right Foot,Open Play
Sunderland,Jermain Defoe,92.8,42.4,0.029811969,27.30567706540162,Blocked,Right Foot,Open Play
AFC Bournemouth,Adam Smith,89.7,49.0,0.01163471,31.608384963487136,Blocked,Left Foot,Open Play
Arsenal,Olivier Giroud,103.7,40.0,0.16164139,16.299999999999997,Blocked,Left Foot,Open Play
Arsenal,Francis Joseph Coquelin,90.3,39.2,0.014114397,29.710772457140862,Off T,Right Foot,Open Play
Arsenal,Olivier Giroud,107.4,49.5,0.14209999,15.780050697003475,Blocked,Right Foot,Open Play
Arsenal,Alexis Alejandro Sánchez Sánchez,105.0,31.9,0.070409246,17.047287174210446,Post,Right Foot,Open Play
Arsenal,Joel Nathaniel Campbell Samuels,100.8,58.5,0.012113304,26.662520511009458,Blocked,Left Foot,Open Play
Arsenal,Joel Nathaniel Campbell Samuels,110.6,33.1,0.21490072,11.660617479361893,Goal,Left Foot,Open Play
Swansea City,Bafétimbi Gomis,98.8,49.4,0.03415929,23.190515302597312,Blocked,Right Foot,Open Play
Swansea City,Kyle Naughton,95.1,59.3,0.007373078,31.503968004046733,Blocked,Right Foot,Open Play
Arsenal,Mesut Özil,102.9,51.3,0.045307864,20.496341136895623,Blocked,Left Foot,Open Play
Arsenal,Héctor Bellerín Moruno,92.1,54.6,0.016068317,31.48920449932009,Saved,Right Foot,Open Play
Swansea City,Leroy Fer,97.9,39.3,0.04642894,22.11108319372888,Off T,Right Foot,Open Play
Swansea City,Bafétimbi Gomis,92.6,28.3,0.015065338,29.793455657241246,Blocked,Right Foot,Open Play
Arsenal,Joel Nathaniel Campbell Samuels,96.7,58.7,0.009894139,29.87607738643077,Saved,Left Foot,Open Play
Swansea City,Wayne Routledge,99.7,39.3,0.28184378,20.31206537996567,Goal,Right Foot,Open Play
Arsenal,Olivier Giroud,109.6,39.1,0.22755308,10.4388696706109,Post,Right Foot,Open Play
Arsenal,Alexis Alejandro Sánchez Sánchez,112.1,54.9,0.02709905,16.86475615003075,Blocked,Right Foot,Open Play
Swansea City,Gylfi Þór Sigurðsson,92.2,30.1,0.013201871,29.510167739272507,Blocked,Right Foot,Open Play
Swansea City,André Ayew Pelé,97.8,48.5,0.04794623,23.771621736852538,Off T,Left Foot,Open Play
Arsenal,Alexis Alejandro Sánchez Sánchez,104.7,38.0,0.062617,15.430165261590684,Off T,Right Foot,Open Play
Swansea City,Bafétimbi Gomis,108.9,25.6,0.024516024,18.181584089402108,Blocked,Right Foot,Open Play
Swansea City,Gylfi Þór Sigurðsson,117.1,50.5,0.19098432,10.893117092916977,Off T,Right Foot,Open Play
Arsenal,Alexis Alejandro Sánchez Sánchez,97.2,25.0,0.04671971,27.29175699730598,Post,Right Foot,Free Kick
Swansea City,Ashley Williams,116.5,39.6,0.50192183,3.522782990761707,Goal,Other,Open Play
Arsenal,Olivier Giroud,108.0,35.9,0.03287031,12.681088281373961,Saved,Head,Open Play
Arsenal,Ignacio Monreal Eraso,104.7,31.4,0.09780786,17.551353224181888,Off T,Left Foot,Open Play
Arsenal,Theo Walcott,111.2,41.9,0.06659934,9.002777349240619,Saved,Head,Open Play
Arsenal,Daniel Nii Tackie Mensah Welbeck,109.3,41.9,0.07965794,10.86738238951773,Off T,Head,Open Play
Swansea City,Bafétimbi Gomis,55.8,65.8,0.010609539,61.47584891646475,Wayward,Right Foot,Open Play
Watford,Odion Jude Ighalo,110.6,52.5,0.12788782,15.640012787718561,Saved,Right Foot,Open Play
Stoke City,Marko Arnautović,97.1,31.9,0.05287556,24.290327292978173,Blocked,Right Foot,Open Play
Stoke City,Jonathan Walters,114.7,34.8,0.39705336,7.424957912338629,Goal,Right Foot,Open Play
Stoke City,Marko Arnautović,100.4,33.4,0.06410401,20.681392603013943,Off T,Right Foot,Open Play
Watford,José Manuel Jurado Marín,105.3,27.3,0.057418987,19.426270872197787,Blocked,Right Foot,Open Play
Watford,Troy Deeney,110.3,39.2,0.065429136,9.73293378175358,Off T,Head,Open Play
Stoke City,José Luis Sanmartín Mato,101.5,50.3,0.057996087,21.174040710265952,Saved,Right Foot,Open Play
Watford,José Manuel Jurado Marín,106.8,28.5,0.13172083,17.506855799943065,Off T,Left Foot,Open Play
Watford,Odion Jude Ighalo,97.0,32.1,0.0269094,24.318922673506734,Off T,Right Foot,Open Play
Stoke City,José Luis Sanmartín Mato,93.9,51.9,0.067915864,28.68483920122265,Goal,Right Foot,Open Play
Stoke City,José Luis Sanmartín Mato,112.3,41.7,0.15424892,7.885429601486532,Saved,Head,Open Play
Stoke City,Ibrahim Afellay,100.5,38.7,0.18616062,19.543285291884782,Saved,Right Foot,Open Play
Stoke City,Marc Muniesa Martínez,84.8,34.7,0.011144371,35.59676951634797,Off T,Left Foot,Open Play
Watford,Nordin Amrabat,99.1,29.6,0.03585227,23.3445925216098,Saved,Right Foot,Open Play
Stoke City,Marko Arnautović,111.7,30.6,0.43637258,12.53993620398445,Saved,Left Foot,Open Play
Watford,Mario Suárez Mata,95.3,43.2,0.03522299,24.90642487391557,Off T,Right Foot,Open Play
Watford,Troy Deeney,106.8,30.4,0.06352338,16.321764610482536,Saved,Right Foot,Open Play
Watford,Troy Deeney,112.9,36.1,0.17825311,8.100617260431449,Goal,Head,Open Play
Everton,Séamus Coleman,114.2,47.0,0.05515622,9.090654541890807,Off T,Left Foot,Open Play
Arsenal,Gabriel Armando de Abreu,111.7,30.0,0.0831494,12.99576854210631,Off T,Left Foot,Open Play
Arsenal,Daniel Nii Tackie Mensah Welbeck,116.5,46.0,0.8986322,6.946221994724902,Goal,Right Foot,Open Play
Arsenal,Alex Iwobi,101.6,31.0,0.13478135,20.48316381812146,Saved,Right Foot,Open Play
Arsenal,Mesut Özil,105.1,33.5,0.09169862,16.256075787224916,Blocked,Right Foot,Open Play
Everton,Ross Barkley,105.4,22.6,0.02106827,22.71387241313114,Blocked,Right Foot,Open Play
Everton,Muhamed Bešić,95.7,33.6,0.047226544,25.128668886353687,Saved,Right Foot,Open Play
Arsenal,Héctor Bellerín Moruno,104.3,45.1,0.15557927,16.50757401921918,Blocked,Left Foot,Open Play
Everton,James McCarthy,91.4,41.8,0.021156333,28.65658737533134,Blocked,Left Foot,Open Play
Arsenal,Alex Iwobi,106.2,50.9,0.24475919,17.58550539506897,Goal,Right Foot,Open Play
Everton,Aaron Lennon,97.9,43.0,0.033438336,22.302690420664494,Off T,Left Foot,Open Play
Arsenal,Alex Iwobi,106.9,53.1,0.06096718,18.526197667087544,Off T,Right Foot,Open Play
Arsenal,Mesut Özil,108.4,50.1,0.042830143,15.380832227158578,Blocked,Left Foot,Open Play
Arsenal,Francis Joseph Coquelin,91.7,46.3,0.021132382,28.992757716367716,Off T,Right Foot,Open Play
Everton,Phil Jagielka,115.1,43.4,0.11206721,5.9640590204993815,Off T,Head,Open Play
Everton,Tom Cleverley,104.7,52.6,0.06845448,19.820443990990714,Blocked,Right Foot,Open Play
Arsenal,Olivier Giroud,89.9,34.6,0.016611917,30.580549373744084,Blocked,Left Foot,Open Play
Everton,Romelu Lukaku Menama,110.5,42.4,0.10026337,9.798469268207151,Saved,Head,Open Play
Arsenal,Olivier Giroud,107.8,28.7,0.08022854,16.629191201017566,Off T,Left Foot,Open Play
Crystal Palace,Wilfried Zaha,115.2,26.7,0.028004505,14.13966053340744,Post,Right Foot,Open Play
Aston Villa,Libor Kozák,102.8,54.5,0.030967258,22.49644416346726,Blocked,Right Foot,Open Play
Aston Villa,Ashley Westwood,96.6,33.3,0.028597992,24.340295807569806,Off T,Left Foot,Open Play
Aston Villa,Leandro Bacuna,101.4,52.9,0.024646416,22.635591443565147,Blocked,Left Foot,Open Play
Aston Villa,Jordan Veretout,89.8,47.3,0.023313923,31.069760217935382,Saved,Left Foot,Open Play
Crystal Palace,Bakary Sako,91.3,46.7,0.027642893,29.47168132292422,Off T,Left Foot,Open Play
Aston Villa,Jordan Ayew,112.6,54.7,0.032908402,16.45752107700307,Off T,Right Foot,Open Play
Crystal Palace,Damien Delaney,109.6,36.9,0.1067025,10.852188719332158,Off T,Left Foot,Open Play
Aston Villa,Jordan Ayew,96.5,41.0,0.042200748,23.521266972678152,Blocked,Right Foot,Open Play
Aston Villa,Jordan Ayew,89.2,37.9,0.019713575,30.871507899679923,Blocked,Right Foot,Open Play
Aston Villa,Idrissa Gana Gueye,98.3,54.9,0.023367293,26.322993750711564,Blocked,Right Foot,Open Play
Aston Villa,Ashley Westwood,96.6,37.2,0.03553111,23.566925976885493,Blocked,Right Foot,Open Play
Crystal Palace,Joel Ward,91.6,46.3,0.028096564,29.090376415577715,Off T,Right Foot,Open Play
Aston Villa,Libor Kozák,103.4,39.3,0.053891484,16.614752480852665,Saved,Right Foot,Open Play
Aston Villa,Aly Cissokho,101.3,26.9,0.029706685,22.831995094603542,Blocked,Left Foot,Open Play
Crystal Palace,Yohan Cabaye,87.7,20.1,0.0074018124,37.93810749101752,Saved,Right Foot,Free Kick
Aston Villa,Joleon Lescott,115.9,38.9,0.1488576,4.24499705535822,Saved,Head,Open Play
Crystal Palace,Yohan Cabaye,97.8,22.8,0.032728624,28.08344708186657,Blocked,Right Foot,Free Kick
Crystal Palace,Connor Wickham,88.7,25.0,0.006560814,34.70864445638867,Off T,Right Foot,Open Play
Crystal Palace,Connor Wickham,114.6,44.5,0.11093604,7.0292247083159936,Wayward,Head,Open Play
Aston Villa,Jordan Ayew,111.0,31.2,0.2034293,12.58729518204765,Off T,Right Foot,Open Play
Crystal Palace,Scott Dann,112.0,48.0,0.052434195,11.313708498984761,Off T,Head,Open Play
Leicester City,Christian Fuchs,110.8,38.3,0.07560564,9.35574689696125,Off T,Head,Open Play
Leicester City,Shinji Okazaki,114.5,47.1,0.07846204,8.981091247727084,Blocked,Right Foot,Open Play
Leicester City,Wes Morgan,110.4,31.5,0.078849934,12.82224629306425,Blocked,Right Foot,Open Play
Southampton,Virgil van Dijk,110.0,32.1,0.07504804,12.744018204632319,Blocked,Left Foot,Open Play
Southampton,Graziano Pellè,105.2,45.4,0.053692278,15.75436447464638,Off T,Head,Open Play
Southampton,Sadio Mané,104.1,45.7,0.15275425,16.8908259123111,Blocked,Right Foot,Open Play
Southampton,José Miguel da Rocha Fonte,92.3,53.9,0.019960595,30.991934434623474,Saved,Right Foot,Open Play
Southampton,Jordy Clasie,98.9,25.0,0.02179572,25.888414397177744,Off T,Right Foot,Open Play
Leicester City,Wes Morgan,111.2,39.3,0.12992574,8.827797007181347,Goal,Head,Open Play
Leicester City,Marc Albrighton,89.7,37.8,0.02392063,30.37976300105055,Blocked,Right Foot,Open Play
Southampton,Jordy Clasie,95.0,45.2,0.031402048,25.53507391804457,Wayward,Right Foot,Open Play
Southampton,Dušan Tadić,105.8,30.6,0.05966204,17.029386365926403,Blocked,Right Foot,Open Play
Southampton,Ryan Bertrand,110.2,24.3,0.040169742,18.50756602041446,Off T,Left Foot,Open Play
Leicester City,Danny Simpson,114.1,45.7,0.5782761,8.20365772079748,Saved,Right Foot,Open Play
Southampton,Charlie Austin,118.1,53.2,0.010911994,13.336041391657425,Blocked,Right Foot,Open Play
Leicester City,Robert Huth,113.6,39.2,0.110241674,6.449806198638845,Blocked,Head,Open Play
Leicester City,Riyad Mahrez,90.4,39.8,0.017941173,29.60067566796406,Saved,Left Foot,Open Play
Southampton,Sadio Mané,104.6,55.2,0.05307679,21.637929660667638,Off T,Left Foot,Open Play
Leicester City,Danny Drinkwater,96.2,57.4,0.014961162,29.482198018465308,Off T,Left Foot,Open Play
Leicester City,Wes Morgan,104.6,38.9,0.05190777,15.439235732380025,Blocked,Right Foot,Open Play
Leicester City,Jamie Vardy,116.4,50.1,0.07760177,10.72240644631605,Saved,Right Foot,Open Play
Stoke City,Bojan Krkíc Pérez,84.7,36.1,0.014494824,35.5147856533022,Off T,Right Foot,Open Play
Stoke City,Ibrahim Afellay,108.8,22.3,0.011136176,20.945882650296692,Off T,Left Foot,Open Play
Liverpool,Alberto Moreno Pérez,96.5,24.2,0.020312792,28.317662332897466,Goal,Left Foot,Open Play
Stoke City,Bojan Krkíc Pérez,111.2,39.3,0.20034407,8.827797007181347,Goal,Head,Open Play
Liverpool,Daniel Andre Sturridge,93.3,44.0,0.038519092,26.997962886114205,Off T,Left Foot,Open Play
Liverpool,Daniel Andre Sturridge,117.4,43.0,0.6422228,3.9698866482558377,Goal,Head,Open Play
Stoke City,Ryan Shawcross,112.8,33.4,0.09014168,9.767292357659827,Off T,Head,Open Play
Stoke City,Xherdan Shaqiri,85.3,52.6,0.008468246,36.91679834438518,Off T,Left Foot,Free Kick
Stoke City,Gilbert Gianelli Imbula Wanga,93.3,27.0,0.022389097,29.696632805757627,Saved,Left Foot,Open Play
Stoke City,Phil Bardsley,83.4,57.9,0.00561884,40.742729412743074,Off T,Right Foot,Open Play
Liverpool,Oluwaseyi Babajide Ojo,104.8,30.7,0.04620477,17.819371481620784,Blocked,Left Foot,Open Play
Liverpool,Nathaniel Edwin Clyne,101.5,51.5,0.040709868,21.783020910791965,Saved,Right Foot,Open Play
Liverpool,Alberto Moreno Pérez,100.3,32.8,0.050139405,20.974508337503412,Blocked,Left Foot,Open Play
Liverpool,Divock Okoth Origi,115.1,40.2,0.26386216,4.904079934095697,Goal,Head,Open Play
Stoke City,Geoff Cameron,111.6,44.6,0.11583132,9.577055915050309,Saved,Head,Open Play
Stoke City,Peter Crouch,104.9,41.2,0.04889107,15.147607071745682,Blocked,Right Foot,Open Play
Liverpool,Roberto Firmino Barbosa de Oliveira,111.3,57.7,0.01051855,19.722575896672325,Saved,Right Foot,Open Play
Liverpool,Kevin Linford Stewart,111.3,36.5,0.120415986,9.377632963600146,Wayward,Head,Open Play
Liverpool,Divock Okoth Origi,113.2,42.8,0.5258913,7.35391052434009,Off T,Head,Open Play
Liverpool,Divock Okoth Origi,107.8,16.0,0.0061943727,26.922852746319435,Goal,Right Foot,Open Play
Liverpool,Kevin Linford Stewart,91.7,35.0,0.024138626,28.73830196793123,Off T,Left Foot,Open Play
Stoke City,Xherdan Shaqiri,91.3,53.9,0.017471274,31.888869531546586,Off T,Left Foot,Open Play
Liverpool,Adam David Lallana,96.7,37.0,0.060797382,23.492339176846563,Blocked,Left Foot,Open Play
Stoke City,Peter Crouch,100.4,38.8,0.051684573,19.636700333813717,Blocked,Right Foot,Open Play
Liverpool,Nathaniel Edwin Clyne,101.7,34.2,0.05473529,19.197135202941084,Blocked,Right Foot,Open Play
AFC Bournemouth,Joshua King,112.2,45.2,0.099493735,9.374433316206371,Off T,Head,Open Play
Swansea City,Wayne Routledge,99.4,45.7,0.03680548,21.374049686477285,Off T,Right Foot,Open Play
AFC Bournemouth,Joshua King,109.6,42.6,0.15224369,10.720074626605923,Off T,Left Foot,Open Play
AFC Bournemouth,Matt Ritchie,99.8,53.6,0.01943803,24.351591323771846,Off T,Left Foot,Open Play
AFC Bournemouth,Andrew Surman,97.0,28.8,0.029454952,25.582024939398366,Post,Left Foot,Open Play
AFC Bournemouth,Max-Alain Gradel,110.5,28.1,0.05651983,15.226949793047849,Blocked,Left Foot,Open Play
Swansea City,Federico Fernández,113.1,42.4,0.086219184,7.305477397131557,Off T,Head,Open Play
Swansea City,Neil Taylor,90.1,23.9,0.0075631663,33.95909303853683,Off T,Left Foot,Open Play
Swansea City,Gylfi Þór Sigurðsson,92.4,49.6,0.027848639,29.221909588526202,Off T,Left Foot,Open Play
AFC Bournemouth,Matt Ritchie,111.8,67.7,0.0075464416,28.888232898535005,Saved,Left Foot,Free Kick
AFC Bournemouth,Max-Alain Gradel,110.7,27.0,0.06708947,15.984054554461453,Goal,Right Foot,Open Play
Swansea City,Modou Barrow,105.2,49.6,0.10501699,17.640861656959956,Goal,Left Foot,Open Play
Swansea City,Wayne Routledge,95.1,34.2,0.02634616,25.566579747787937,Off T,Right Foot,Open Play
AFC Bournemouth,Joshua King,107.7,51.3,0.085443534,16.70269439342048,Goal,Right Foot,Open Play
Swansea City,Àngel Rangel Zaragoza,94.4,42.7,0.03319888,25.7419890451379,Off T,Right Foot,Open Play
AFC Bournemouth,Joshua King,105.8,40.9,0.071192905,14.228492541376268,Off T,Right Foot,Open Play
Swansea City,Gylfi Þór Sigurðsson,107.2,41.8,0.08458728,12.925942905645217,Goal,Right Foot,Open Play
Swansea City,Alberto Paloschi,115.4,42.5,0.6008427,5.235456045083365,Saved Off Target,Left Foot,Open Play
Swansea City,Leroy Fer,107.9,40.3,0.03998118,12.1037184369102,Blocked,Head,Open Play
Swansea City,Bafétimbi Gomis,115.1,39.2,0.440388,4.964876634922569,Off T,Left Foot,Open Play
Swansea City,Alberto Paloschi,111.8,55.2,0.025790602,17.27078457974623,Saved,Right Foot,Open Play
AFC Bournemouth,Joshua King,113.4,32.5,0.19765899,9.990495483208024,Blocked,Right Foot,Open Play
AFC Bournemouth,Steve Cook,113.2,39.3,0.12401053,6.835934464285037,Goal,Head,Open Play
AFC Bournemouth,Joshua King,97.9,19.4,0.008540692,30.212083675244905,Blocked,Right Foot,Open Play
AFC Bournemouth,Lewis Grabban,98.9,50.2,0.043778997,23.436083290515924,Saved,Right Foot,Open Play
Swansea City,Marvin Emnes,111.8,55.7,0.014250298,17.7124250174842,Blocked,Right Foot,Open Play
Everton,Matthew Pennington,108.5,48.1,0.02640705,14.06627171641441,Off T,Head,Open Play
Sunderland,Fabio Borini,96.2,38.9,0.03618105,23.825406607233376,Blocked,Right Foot,Open Play
Sunderland,Wahbi Khazri,102.1,30.2,0.068276614,20.407106605298072,Blocked,Right Foot,Open Play
Sunderland,Younes Kaboul,107.8,31.7,0.019944983,14.755676873664592,Saved,Head,Open Play
Sunderland,Younes Kaboul,108.6,17.9,0.0048426376,24.867046467162123,Off T,Right Foot,Open Play
Everton,Ross Barkley,100.0,19.5,0.008131136,28.64000698323937,Off T,Right Foot,Open Play
Sunderland,Patrick van Aanholt,95.7,29.0,0.03156364,26.673769887288145,Blocked,Left Foot,Open Play
Sunderland,Patrick van Aanholt,93.7,44.8,0.057485323,26.73443472377899,Goal,Left Foot,Free Kick
Sunderland,Jermain Defoe,108.2,44.2,0.06674747,12.525174649480938,Saved,Head,Open Play
Sunderland,Yann Gérard M''Vila,107.2,32.6,0.025283774,14.785127662620972,Wayward,Head,Open Play
Sunderland,Lamine Koné,113.5,38.3,0.32963985,6.718630812896331,Goal,Right Foot,Open Play
Everton,Matthew Pennington,113.3,35.7,0.09484236,7.961155694998058,Saved,Head,Open Play
Sunderland,Jan Kirchhoff,117.0,36.5,0.2515024,4.6097722286464435,Off T,Head,Open Play
Everton,James McCarthy,92.4,52.4,0.013831124,30.257561038523903,Blocked,Right Foot,Open Play
Sunderland,Jermain Defoe,103.8,49.6,0.11280127,18.830825791770263,Blocked,Right Foot,Open Play
Sunderland,Lamine Koné,118.2,39.6,0.7950771,1.8439088914585744,Goal,Left Foot,Open Play
Everton,Kevin Mirallas,100.5,26.8,0.035790987,23.547611343828486,Blocked,Left Foot,Open Play
Sunderland,Jermain Defoe,105.4,31.2,0.0702773,17.046993869888023,Saved,Left Foot,Open Play
Everton,José Ramiro Funes Mori,112.5,32.8,0.092373185,10.396634070698076,Saved,Head,Open Play
Everton,Leighton Baines,89.3,28.1,0.0145213455,32.92567387313432,Saved,Left Foot,Open Play
Everton,Romelu Lukaku Menama,104.0,33.7,0.08801972,17.19563898202099,Blocked,Left Foot,Open Play
Everton,Romelu Lukaku Menama,96.4,55.3,0.022733182,28.125611104472018,Blocked,Left Foot,Open Play
Everton,Gareth Barry,114.4,31.3,0.0594378,10.346496991735895,Saved,Head,Open Play
Everton,Tom Cleverley,109.1,41.3,0.12749809,10.97724920005008,Blocked,Left Foot,Open Play
Sunderland,Patrick van Aanholt,103.0,20.8,0.009521069,25.644492586128507,Off T,Left Foot,Open Play
Sunderland,Jermain Defoe,114.5,27.9,0.112165205,13.29135057095403,Saved,Right Foot,Open Play
Everton,Romelu Lukaku Menama,97.4,42.7,0.057883352,22.760711763914586,Saved,Right Foot,Open Play
Everton,Kevin Mirallas,102.7,58.0,0.019431397,24.96577657514382,Blocked,Right Foot,Open Play
Everton,Leon Osman,111.2,39.8,0.12604962,8.802272433866152,Off T,Head,Open Play
Everton,Kevin Mirallas,109.5,50.3,0.05346443,14.708500943332055,Saved,Right Foot,Open Play
Everton,Romelu Lukaku Menama,114.5,37.0,0.22378863,6.264982043070834,Post,Right Foot,Open Play
Everton,Kevin Mirallas,102.4,51.5,0.06968764,21.024033866030557,Off T,Right Foot,Open Play
Arsenal,Alex Iwobi,99.0,45.1,0.09800075,21.610414156142404,Off T,Right Foot,Open Play
Arsenal,Alexis Alejandro Sánchez Sánchez,92.9,43.9,0.0356781,27.37918917718346,Blocked,Right Foot,Open Play
Arsenal,Olivier Giroud,117.6,55.3,0.009615263,15.487091398968365,Saved,Right Foot,Open Play
Arsenal,Per Mertesacker,114.5,44.3,0.114208564,6.981403870282823,Saved,Head,Open Play
Sunderland,Yann Gérard M''Vila,91.5,55.3,0.010226686,32.34717916604166,Off T,Right Foot,Open Play
Sunderland,Wahbi Khazri,98.0,36.9,0.05131183,22.21733557382613,Blocked,Right Foot,Open Play
Sunderland,Lee Cattermole,94.9,40.4,0.026830109,25.103187048659773,Off T,Right Foot,Open Play
Arsenal,Mohamed Naser Elsayed Elneny,99.8,57.2,0.021637231,26.530736891386944,Saved,Right Foot,Open Play
Sunderland,Patrick van Aanholt,96.3,49.0,0.06451848,25.351331325987598,Off T,Left Foot,Free Kick
Arsenal,Olivier Giroud,116.9,31.5,0.063812986,9.047651629014014,Off T,Right Foot,Open Play
Arsenal,Mesut Özil,98.5,53.2,0.028925663,25.228753437298483,Saved,Left Foot,Open Play
Arsenal,Alexis Alejandro Sánchez Sánchez,94.1,35.0,0.05877972,26.37821070504973,Saved,Right Foot,Free Kick
Arsenal,Alexis Alejandro Sánchez Sánchez,117.3,47.6,0.11219802,8.065358020571686,Saved,Head,Open Play
Arsenal,Alex Iwobi,117.6,41.2,0.34009302,2.683281572999754,Blocked,Right Foot,Open Play
Sunderland,Jermain Defoe,108.2,40.3,0.08222519,11.803812943282349,Blocked,Left Foot,Open Play
Arsenal,Per Mertesacker,109.9,42.8,0.048977666,10.480935072788109,Off T,Head,Open Play
Arsenal,Alex Iwobi,107.2,45.1,0.1016898,13.778606605894513,Blocked,Right Foot,Open Play
Sunderland,Patrick van Aanholt,103.5,28.3,0.03312186,20.227209397245087,Saved,Right Foot,Open Play
Sunderland,Jermain Defoe,103.4,55.2,0.037261948,22.507776433935003,Saved,Right Foot,Open Play
Sunderland,Yann Gérard M''Vila,97.4,52.6,0.01993209,25.87508454092469,Saved,Right Foot,Open Play
Sunderland,Wahbi Khazri,96.3,30.8,0.040576186,25.4230210635951,Saved,Right Foot,Open Play
Arsenal,Alex Iwobi,111.7,28.5,0.071052216,14.182383438618487,Wayward,Right Foot,Open Play
Arsenal,Aaron Ramsey,95.3,43.8,0.026516728,24.990598232135223,Blocked,Right Foot,Open Play
Arsenal,Aaron Ramsey,97.9,45.1,0.03370325,22.68082890901476,Off T,Left Foot,Open Play
Arsenal,Mohamed Naser Elsayed Elneny,92.2,27.2,0.02316272,30.605228311515663,Blocked,Right Foot,Open Play
Sunderland,Jermain Defoe,102.6,52.8,0.06511551,21.600925906080974,Off T,Left Foot,Open Play
Arsenal,Héctor Bellerín Moruno,98.3,53.0,0.032356318,25.29604712203075,Blocked,Right Foot,Open Play
Arsenal,Alexis Alejandro Sánchez Sánchez,107.2,25.6,0.018625401,19.26655132606767,Blocked,Right Foot,Open Play
Arsenal,Daniel Nii Tackie Mensah Welbeck,100.5,34.9,0.055743273,20.15589243868899,Saved,Right Foot,Open Play
Arsenal,Alexis Alejandro Sánchez Sánchez,99.9,31.2,0.043335196,21.941968918034675,Saved,Right Foot,Open Play
Sunderland,Patrick van Aanholt,96.2,24.4,0.01537037,28.456985082752528,Blocked,Left Foot,Open Play
Sunderland,Lamine Koné,111.0,45.1,0.055274583,10.344563789740002,Off T,Right Foot,Open Play
Manchester City,Fernando Luiz Rosa,109.6,37.7,0.07334378,10.651291001564088,Off T,Head,Open Play
Liverpool,James Philip Milner,92.1,43.4,0.029107409,28.106404963993533,Blocked,Right Foot,Open Play
Liverpool,Roberto Firmino Barbosa de Oliveira,98.7,29.6,0.05917787,23.70337528707673,Saved,Right Foot,Open Play
Manchester City,Raheem Sterling,95.2,19.5,0.008895449,32.175922675193014,Off T,Right Foot,Open Play
Liverpool,Adam David Lallana,92.8,47.2,0.030181805,28.136808632110363,Goal,Left Foot,Open Play
Liverpool,James Philip Milner,106.8,43.5,0.33077067,13.65613415282671,Goal,Left Foot,Open Play
Manchester City,Sergio Leonel Agüero del Castillo,114.1,35.3,0.10760753,7.54320886625845,Blocked,Head,Open Play
Liverpool,Divock Okoth Origi,112.0,56.0,0.023231914,17.88854381999832,Saved,Right Foot,Open Play
Liverpool,Roberto Firmino Barbosa de Oliveira,105.0,35.9,0.48627615,15.550241155686301,Goal,Right Foot,Open Play
Liverpool,James Philip Milner,100.4,50.4,0.041156907,22.188285197373855,Saved,Right Foot,Open Play
Liverpool,James Philip Milner,107.8,24.7,0.024860634,19.568597292601225,Off T,Left Foot,Open Play
Liverpool,Jordan Brian Henderson,96.0,28.6,0.06644356,26.569907790581436,Off T,Right Foot,Free Kick
Manchester City,Wilfried Guemiand Bony,85.7,39.1,0.018556193,34.31180554852804,Saved,Right Foot,Open Play
Liverpool,Joe Allen,91.5,46.8,0.02635005,29.3,Off T,Right Foot,Open Play
Liverpool,Nathaniel Edwin Clyne,94.0,16.4,0.0053317402,35.11353015576759,Saved,Right Foot,Open Play
Tottenham Hotspur,Christian Dannemann Eriksen,107.9,38.4,0.2518769,12.205326705991931,Saved,Right Foot,Open Play
Tottenham Hotspur,Erik Lamela,107.4,35.2,0.108187,13.483323032546533,Blocked,Left Foot,Open Play
Southampton,Dušan Tadić,114.3,30.2,0.20649418,11.337107214805727,Off T,Left Foot,Open Play
Tottenham Hotspur,Harry Kane,113.6,42.8,0.097654164,6.985699678629196,Wayward,Head,Open Play
Tottenham Hotspur,Heung-Min Son,116.6,43.7,0.58291245,5.024937810560451,Goal,Left Foot,Open Play
Southampton,Dušan Tadić,96.3,25.1,0.025517723,27.994642344563008,Off T,Left Foot,Open Play
Tottenham Hotspur,Harry Kane,112.9,47.8,0.13247424,10.547511554864487,Off T,Right Foot,Open Play
Southampton,Dušan Tadić,111.2,28.3,0.05545416,14.640013661195809,Blocked,Right Foot,Open Play
Tottenham Hotspur,Christian Dannemann Eriksen,103.3,42.8,0.07034753,16.933103672983286,Saved,Right Foot,Open Play
Tottenham Hotspur,Harry Kane,92.4,48.3,0.030078711,28.820999288713075,Off T,Right Foot,Open Play
Southampton,Steven Davis,115.0,47.9,0.24396832,9.349331526906079,Goal,Right Foot,Open Play
Tottenham Hotspur,Danny Rose,93.9,27.1,0.015617516,29.11391419922783,Off T,Left Foot,Open Play
Tottenham Hotspur,Harry Kane,116.3,31.6,0.30370334,9.17877987534291,Saved,Right Foot,Open Play
Tottenham Hotspur,Christian Dannemann Eriksen,112.9,24.5,0.018306019,17.048753620133056,Saved,Left Foot,Open Play
Southampton,Shane Long,114.2,40.5,0.1752121,5.821511831131151,Off T,Head,Open Play
Tottenham Hotspur,Harry Kane,91.7,36.1,0.024318766,28.567464010653797,Off T,Right Foot,Open Play
Southampton,Oriol Romeu Vidal,91.1,42.6,0.023553032,29.016719318351626,Blocked,Right Foot,Open Play
Southampton,Rhu-endly Martina,101.5,54.6,0.027958823,23.56713813766958,Blocked,Left Foot,Open Play
Tottenham Hotspur,Jan Vertonghen,111.4,45.0,0.057810847,9.947864092356706,Blocked,Head,Open Play
Tottenham Hotspur,Kyle Walker,100.1,54.4,0.02633705,24.563590942694027,Blocked,Right Foot,Open Play
Tottenham Hotspur,Christian Dannemann Eriksen,105.0,55.9,0.0230734,21.85886547833624,Blocked,Left Foot,Open Play
Southampton,Steven Davis,101.6,37.1,0.06535112,18.6271307506014,Goal,Right Foot,Open Play
Tottenham Hotspur,Erik Lamela,92.6,33.2,0.054214973,28.231188426986215,Off T,Left Foot,Free Kick
Tottenham Hotspur,Eric Dier,111.7,37.9,0.09659752,8.561541917201595,Off T,Head,Open Play
Southampton,Shane Long,104.2,53.8,0.062339082,20.97808380191098,Off T,Right Foot,Open Play
Tottenham Hotspur,Toby Alderweireld,96.9,57.2,0.018296517,28.800173610587834,Blocked,Right Foot,Open Play
Southampton,James Ward-Prowse,101.3,48.9,0.059333753,20.70990101376634,Off T,Right Foot,Open Play
Tottenham Hotspur,Nacer Chadli,113.7,34.2,0.40100595,8.563293758829014,Saved,Right Foot,Open Play
Tottenham Hotspur,Harry Kane,99.4,55.5,0.024365034,25.780031031788923,Off T,Left Foot,Open Play
Southampton,Victor Wanyama,93.6,39.8,0.035426255,26.400757564888174,Off T,Right Foot,Open Play
Crystal Palace,Dwight Gayle,104.5,25.4,0.043678172,21.293426215618755,Saved,Left Foot,Open Play
Southampton,Dušan Tadić,106.1,62.7,0.009388124,26.617663308412332,Off T,Left Foot,Open Play
Southampton,Sadio Mané,105.6,47.9,0.26358733,16.42467655693713,Off T,Right Foot,Open Play
Southampton,Shane Long,113.2,41.5,0.15320468,6.963476143421471,Off T,Head,Open Play
Southampton,Oriol Romeu Vidal,96.2,44.0,0.027822316,24.133793734098248,Saved,Left Foot,Open Play
Crystal Palace,Jason Puncheon,98.5,29.4,0.023220545,23.971024175032657,Blocked,Left Foot,Open Play
Crystal Palace,Pape N''Diaye Souaré,88.7,43.3,0.018566325,31.473480900593117,Off T,Left Foot,Open Play
Southampton,Virgil van Dijk,89.7,35.2,0.041076988,30.67784216661921,Post,Right Foot,Free Kick
Crystal Palace,Jason Puncheon,110.4,57.9,0.010948072,20.311819219360924,Blocked,Right Foot,Open Play
Crystal Palace,Joel Ward,93.8,52.6,0.022743443,29.07232360854564,Blocked,Right Foot,Open Play
Southampton,Ryan Bertrand,94.2,29.9,0.02035306,27.706497432912734,Blocked,Left Foot,Open Play
Southampton,Sadio Mané,103.4,43.3,0.13279869,16.924833824885837,Goal,Left Foot,Open Play
Crystal Palace,Dwight Gayle,107.6,36.4,0.34742764,12.912009913255185,Saved,Right Foot,Open Play
Southampton,Ryan Bertrand,92.0,55.7,0.0103305215,32.101246081733336,Off T,Left Foot,Free Kick
Southampton,Virgil van Dijk,113.5,38.3,0.12310858,6.718630812896331,Off T,Head,Open Play
Southampton,Shane Long,87.8,40.7,0.024985412,32.207607796916555,Off T,Right Foot,Open Play
Crystal Palace,Sullay Kaikai,94.7,50.0,0.02544893,27.20459520007603,Blocked,Left Foot,Open Play
Southampton,Sadio Mané,98.2,43.6,0.0482026,22.09524835796149,Blocked,Left Foot,Open Play
Crystal Palace,Sullay Kaikai,108.1,42.5,0.102760606,12.159769734661925,Saved,Left Foot,Open Play
Southampton,Graziano Pellè,116.0,33.2,0.10654217,7.889233169326405,Goal,Head,Open Play
Crystal Palace,Jason Puncheon,103.4,52.2,0.04209263,20.60097085090894,Goal,Left Foot,Open Play
Crystal Palace,James McArthur,104.2,51.1,0.07643872,19.309324172533845,Blocked,Left Foot,Open Play
Crystal Palace,James McArthur,106.8,44.9,0.0881082,14.080127840328725,Blocked,Right Foot,Open Play
Crystal Palace,Joel Ward,100.1,50.4,0.034099948,22.453730202351682,Off T,Right Foot,Open Play
Southampton,Shane Long,116.8,29.9,0.031081848,10.594810050208547,Off T,Head,Open Play
Southampton,Ryan Bertrand,107.1,40.0,0.7835,12.900000000000006,Goal,Left Foot,Penalty
Crystal Palace,Sullay Kaikai,105.1,24.8,0.030101728,21.284971223847126,Blocked,Right Foot,Open Play
Crystal Palace,Jason Puncheon,111.4,30.3,0.25448084,12.963410045200295,Off T,Left Foot,Open Play
Southampton,Sadio Mané,98.8,34.3,0.03456036,21.952904135899654,Off T,Right Foot,Open Play
Southampton,Sadio Mané,112.0,51.4,0.15438513,13.926952286842946,Off T,Left Foot,Open Play
Southampton,Steven Davis,103.6,31.8,0.12154207,18.335757415498282,Off T,Left Foot,Open Play
Southampton,Steven Davis,108.6,44.6,0.27020425,12.293087488503453,Goal,Right Foot,Open Play
Crystal Palace,Dwight Gayle,114.5,44.2,0.13883291,6.9202601107183845,Off T,Head,Open Play
Crystal Palace,Jason Puncheon,96.7,43.6,0.037115682,23.576471322061746,Blocked,Left Foot,Open Play
Aston Villa,Carles Gil de Pareja Vicent,96.1,32.2,0.04379373,25.140604606890427,Saved,Right Foot,Open Play
Aston Villa,Idrissa Gana Gueye,86.8,42.6,0.022374948,33.301651610693426,Off T,Right Foot,Open Play
West Ham United,Michail Antonio,110.4,38.0,0.10059077,9.806120537705006,Off T,Head,Open Play
West Ham United,Cheikhou Kouyaté,104.5,28.3,0.059705313,19.420092687729376,Saved,Right Foot,Open Play
West Ham United,Michail Antonio,114.1,39.7,0.1343568,5.907622195096777,Off T,Head,Open Play
West Ham United,James Tomkins,109.8,53.2,0.08260443,16.681726529349415,Wayward,Right Foot,Open Play
West Ham United,Enner Remberto Valencia Lastra,116.6,39.6,0.60372007,3.4234485537247434,Off T,Head,Open Play
West Ham United,Cheikhou Kouyaté,89.0,36.4,0.018895725,31.208332220738743,Off T,Right Foot,Open Play
West Ham United,Michail Antonio,95.7,31.9,0.033426058,25.61444904736387,Off T,Left Foot,Open Play
West Ham United,James Collins,86.3,58.1,0.0054444107,38.25310444918164,Off T,Right Foot,Open Play
West Ham United,James Tomkins,105.1,49.8,0.059529476,17.833956375409247,Off T,Left Foot,Open Play
West Ham United,Enner Remberto Valencia Lastra,86.7,31.3,0.01741934,34.417727990092544,Off T,Right Foot,Free Kick
West Ham United,Cheikhou Kouyaté,112.3,35.3,0.061896224,9.021086409075131,Blocked,Head,Open Play
West Ham United,Michail Antonio,113.5,51.8,0.08678927,13.471822445385774,Off T,Right Foot,Open Play
West Ham United,Mark Noble,100.7,49.3,0.030379418,21.423818520515894,Saved,Right Foot,Open Play
West Ham United,Dimitri Payet,111.8,15.1,0.008415456,26.215453457836656,Saved to Post,Right Foot,Free Kick
West Ham United,Michail Antonio,109.8,46.8,0.08059181,12.258874336577565,Goal,Head,Open Play
West Ham United,James Tomkins,86.8,34.4,0.015299349,33.66897681843035,Off T,Right Foot,Open Play
West Ham United,Alexandre Dimitri Song-Billong,94.4,43.3,0.042579066,25.811818998280607,Off T,Right Foot,Open Play
West Ham United,Cheikhou Kouyaté,116.5,39.5,0.39291096,3.5355339059327378,Off T,Right Foot,Open Play
West Ham United,Aaron Cresswell,104.6,25.6,0.054694943,21.083642948978245,Off T,Right Foot,Open Play
West Ham United,Enner Remberto Valencia Lastra,102.6,22.6,0.02721995,24.60731598529186,Blocked,Right Foot,Open Play
West Ham United,Mark Noble,103.0,43.9,0.11108915,17.44161689752415,Off T,Right Foot,Open Play
Aston Villa,Idrissa Gana Gueye,91.3,51.7,0.022910127,30.99322506613341,Blocked,Right Foot,Open Play
Aston Villa,Kieran Richardson,95.6,37.6,0.038047254,24.517748673155133,Blocked,Left Foot,Open Play
West Ham United,Dimitri Payet,97.8,23.4,0.022984944,27.72002886001384,Saved,Right Foot,Open Play
West Ham United,Cheikhou Kouyaté,108.5,34.1,0.519287,12.925169244539894,Goal,Right Foot,Open Play
Aston Villa,Jordan Veretout,94.4,34.4,0.031698845,26.205342966654715,Saved,Right Foot,Open Play
West Ham United,Victor Moses,110.4,54.3,0.061713338,17.223530416264833,Off T,Right Foot,Open Play
West Ham United,Cheikhou Kouyaté,96.8,26.8,0.029550152,26.692320993124596,Blocked,Right Foot,Open Play
West Ham United,Nikica Jelavić,88.5,26.6,0.0066407537,34.23171044514136,Off T,Right Foot,Open Play
West Ham United,Mauro Matías Zárate,109.8,46.7,0.10275104,12.203687967167962,Off T,Right Foot,Open Play
West Ham United,Enner Remberto Valencia Lastra,96.9,44.1,0.030897934,23.461031520374373,Blocked,Right Foot,Open Play
West Ham United,Cheikhou Kouyaté,94.3,49.3,0.030764854,27.33093485411723,Off T,Right Foot,Open Play
Southampton,Dušan Tadić,112.8,38.7,0.47873467,7.3164198895361405,Wayward,Left Foot,Open Play
Southampton,Shane Long,103.9,45.7,0.07650164,17.07922714879101,Off T,Left Foot,Open Play
Southampton,Steven Davis,104.3,44.0,0.085905,16.20154313638056,Blocked,Left Foot,Open Play
Southampton,Oriol Romeu Vidal,91.5,50.1,0.019360326,30.236732627716243,Off T,Right Foot,Open Play
Southampton,Steven Davis,99.4,27.7,0.056389946,23.992707225321613,Off T,Right Foot,Open Play
Southampton,Dušan Tadić,96.7,46.9,0.03383129,24.30020576044573,Blocked,Left Foot,Open Play
Southampton,José Miguel da Rocha Fonte,116.4,30.8,0.059451725,9.879271228182771,Saved,Head,Open Play
Southampton,Victor Wanyama,107.7,31.0,0.05957787,15.241062955056643,Off T,Right Foot,Open Play
Southampton,Sadio Mané,111.8,32.3,0.07256046,11.248555462813885,Off T,Left Foot,Open Play
Southampton,Dušan Tadić,97.3,47.0,0.05455323,23.754788990854035,Saved,Right Foot,Open Play
West Ham United,James Collins,113.5,37.8,0.09518036,6.8622153857191055,Blocked,Head,Open Play
West Ham United,Andy Carroll,113.2,45.8,0.19156861,8.937561188601727,Off T,Right Foot,Open Play
Southampton,Virgil van Dijk,93.4,29.3,0.04677487,28.671414335536358,Blocked,Right Foot,Free Kick
West Ham United,Andy Carroll,113.3,42.8,0.120290704,7.2615425358528345,Saved,Head,Open Play
Southampton,Oriol Romeu Vidal,95.5,46.3,0.0360254,25.29703539942971,Saved,Right Foot,Open Play
West Ham United,Michail Antonio,108.7,34.7,0.15604144,12.481185841096988,Goal,Other,Open Play
West Ham United,Manuel Lanzini,95.0,43.2,0.045378484,25.203967941576185,Off T,Right Foot,Open Play
West Ham United,Enner Remberto Valencia Lastra,107.0,27.1,0.047956515,18.31420213932346,Saved,Right Foot,Open Play
West Ham United,James Tomkins,86.5,24.4,0.0057905507,36.95416079415145,Off T,Right Foot,Open Play
Southampton,Steven Davis,90.9,29.3,0.014514556,31.004838332105518,Wayward,Right Foot,Open Play
West Ham United,Michail Antonio,113.5,32.0,0.119288966,10.307764064044152,Post,Head,Open Play
West Ham United,Andy Carroll,114.6,40.1,0.2933924,5.400925846556317,Goal,Head,Open Play
West Ham United,Michail Antonio,103.1,48.5,0.16797875,18.917187951701493,Off T,Right Foot,Open Play
Newcastle United,Ayoze Pérez Gutiérrez,107.3,36.8,0.0990716,13.096946208945049,Off T,Right Foot,Open Play
Newcastle United,Aleksandar Mitrović,105.1,29.5,0.045288786,18.228000438885232,Blocked,Right Foot,Open Play
Newcastle United,Jack Colback,105.9,27.4,0.060161855,18.909521411183306,Off T,Left Foot,Open Play
Newcastle United,Moussa Sissoko,109.6,47.1,0.03592996,12.59245806028355,Blocked,Head,Open Play
Newcastle United,Moussa Sissoko,112.9,37.3,0.30547488,7.596051605933173,Off T,Head,Open Play
Leicester City,Riyad Mahrez,95.4,49.4,0.0330956,26.334767893414206,Blocked,Left Foot,Open Play
Leicester City,Robert Huth,111.2,36.3,0.05773778,9.546203433826454,Off T,Head,Open Play
Leicester City,Shinji Okazaki,113.9,37.6,0.25329384,6.555150646628949,Goal,Right Foot,Open Play
Leicester City,Marc Albrighton,102.2,33.6,0.13417166,18.915602025840993,Off T,Right Foot,Open Play
Leicester City,Jamie Vardy,103.8,37.6,0.045705277,16.37681287674742,Blocked,Left Foot,Open Play
Newcastle United,Daryl Janmaat,88.3,50.6,0.015806533,33.42528982671654,Off T,Right Foot,Open Play
Newcastle United,Ayoze Pérez Gutiérrez,95.7,29.6,0.026656074,26.43198819612327,Saved,Right Foot,Open Play
Leicester City,Wes Morgan,109.4,29.4,0.08885823,14.990663761154805,Blocked,Right Foot,Open Play
Leicester City,Christian Fuchs,101.4,43.5,0.06507899,18.926436537288254,Blocked,Left Foot,Open Play
Newcastle United,Aleksandar Mitrović,102.5,30.1,0.026452368,20.106217943710845,Saved,Head,Open Play
Newcastle United,Daryl Janmaat,108.5,50.8,0.04562596,15.77624796965362,Blocked,Right Foot,Open Play
Newcastle United,Ayoze Pérez Gutiérrez,99.4,31.0,0.024570614,22.48021352211762,Blocked,Right Foot,Open Play
Leicester City,Jeffrey Schlupp,103.3,30.2,0.060540836,19.363109254456013,Blocked,Left Foot,Open Play
Newcastle United,Moussa Sissoko,104.2,31.0,0.044964075,18.183509012289125,Blocked,Right Foot,Open Play
Newcastle United,Aleksandar Mitrović,109.4,34.8,0.040718827,11.80677771451635,Blocked,Head,Open Play
Newcastle United,Siem Stefan de Jong,104.7,44.8,0.10253943,16.03527361787132,Blocked,Left Foot,Open Play
Leicester City,Riyad Mahrez,109.9,51.8,0.11311263,15.532224567009061,Blocked,Left Foot,Open Play
Leicester City,Riyad Mahrez,98.7,36.6,0.07935983,21.56965461012299,Off T,Left Foot,Open Play
AFC Bournemouth,Benik Afobe,102.1,27.6,0.068307474,21.77544488638522,Off T,Right Foot,Open Play
AFC Bournemouth,Junior Stanislas,103.7,56.3,0.028440889,23.051681066681443,Saved,Right Foot,Open Play
AFC Bournemouth,Dan Gosling,115.1,42.4,0.2965142,5.456189146281501,Goal,Head,Open Play
Norwich City,Wes Hoolahan,99.5,47.8,0.034973353,21.933763926877667,Blocked,Left Foot,Open Play
AFC Bournemouth,Dan Gosling,101.5,52.0,0.057761516,22.051077071199945,Off T,Left Foot,Open Play
Norwich City,Matt Jarvis,108.0,20.9,0.014011502,22.55681715136247,Saved,Right Foot,Open Play
AFC Bournemouth,Harry Arter,86.9,37.8,0.021522572,33.17303121513015,Off T,Left Foot,Open Play
Norwich City,Robert Brady,88.4,40.6,0.028289797,31.605695689226643,Saved,Left Foot,Free Kick
Norwich City,Alexander Banor Tettey,89.5,50.9,0.016735764,32.389195729440395,Off T,Right Foot,Open Play
AFC Bournemouth,Junior Stanislas,101.1,23.6,0.04604037,25.02338905903835,Off T,Right Foot,Free Kick
AFC Bournemouth,Marc Pugh,110.2,33.7,0.32918197,11.650321883965262,Saved,Left Foot,Open Play
AFC Bournemouth,Marc Pugh,113.5,31.3,0.1073481,10.860018416190647,Blocked,Head,Open Play
AFC Bournemouth,Charlie Daniels,108.0,40.0,0.7835,12.0,Goal,Left Foot,Penalty
AFC Bournemouth,Harry Arter,110.3,16.4,0.005711258,25.51568145278507,Off T,Left Foot,Open Play
AFC Bournemouth,Junior Stanislas,97.4,57.3,0.018112293,28.46137733842127,Off T,Left Foot,Open Play
Norwich City,Wes Hoolahan,106.9,35.8,0.06286399,13.756816492197599,Blocked,Head,Open Play
Norwich City,Cameron Jerome,105.8,46.7,0.07530231,15.701273833673499,Blocked,Right Foot,Open Play
AFC Bournemouth,Steve Cook,111.4,43.7,0.065069,9.36215787091843,Saved,Head,Open Play
AFC Bournemouth,Benik Afobe,107.6,30.8,0.031402238,15.44020725249503,Blocked,Right Foot,Open Play
AFC Bournemouth,Dan Gosling,95.3,45.0,0.0686158,25.200992043965257,Saved,Right Foot,Open Play
Norwich City,Dieumerci Mbokani Bezua,95.4,37.9,0.1509686,24.68947144027186,Off T,Right Foot,Open Play
Norwich City,Dieumerci Mbokani Bezua,112.3,56.4,0.01831573,18.117670931993437,Saved,Right Foot,Open Play
Norwich City,Russell Martin,101.5,55.8,0.018157855,24.328789530101982,Off T,Right Foot,Open Play
AFC Bournemouth,Benik Afobe,112.0,38.7,0.33392587,8.104936767180853,Goal,Right Foot,Open Play
Norwich City,Robert Brady,104.7,20.7,0.0091156745,24.62884487750085,Blocked,Left Foot,Open Play
Newcastle United,Aleksandar Mitrović,104.6,45.7,0.06488259,16.42102311063474,Blocked,Left Foot,Open Play
Newcastle United,Jonjo Shelvey,101.4,49.7,0.063066915,20.977368757782752,Saved,Right Foot,Open Play
Stoke City,Marko Arnautović,94.6,22.9,0.010170258,30.619764858666052,Off T,Right Foot,Open Play
Stoke City,Xherdan Shaqiri,109.1,57.7,0.0119210975,20.78701517774979,Saved,Left Foot,Open Play
Newcastle United,Aleksandar Mitrović,107.5,29.9,0.020828715,16.070469812671938,Saved,Head,Open Play
Stoke City,Ibrahim Afellay,95.9,36.5,0.03713709,24.35282324495457,Off T,Right Foot,Open Play
Stoke City,Jonathan Walters,107.0,53.7,0.044702653,18.886238376129853,Blocked,Right Foot,Open Play
Stoke City,Xherdan Shaqiri,94.8,46.1,0.033773653,25.92778432492835,Goal,Left Foot,Open Play
Stoke City,Mame Biram Diouf,92.9,30.1,0.022598563,28.851689725213664,Blocked,Left Foot,Open Play
Stoke City,Glenn Whelan,90.1,41.8,0.020258373,29.954131601500322,Off T,Right Foot,Open Play
Stoke City,Gilbert Gianelli Imbula Wanga,97.8,39.7,0.040970773,22.202026934494068,Off T,Left Foot,Open Play
Newcastle United,Emmanuel Rivière,105.9,50.8,0.10900415,17.760912138738814,Off T,Right Foot,Open Play
Newcastle United,Seydou Doumbia,109.1,37.0,0.14665069,11.305308487608825,Saved,Left Foot,Open Play
Stoke City,Marko Arnautović,104.8,53.3,0.058038745,20.197277044195832,Post,Right Foot,Open Play
Crystal Palace,Yohan Cabaye,100.4,22.9,0.025778744,26.010959228755862,Blocked,Right Foot,Open Play
Arsenal,Mohamed Naser Elsayed Elneny,98.1,42.3,0.048641298,22.02044504545719,Blocked,Right Foot,Open Play
Arsenal,Alexis Alejandro Sánchez Sánchez,96.9,54.9,0.015610172,27.488543067976515,Blocked,Right Foot,Open Play
Crystal Palace,Scott Dann,109.9,47.8,0.040205978,12.761269529321911,Off T,Head,Open Play
Arsenal,Mohamed Naser Elsayed Elneny,88.9,40.4,0.020139894,31.10257224089351,Blocked,Right Foot,Open Play
Crystal Palace,Yannick Bolasie Yala,100.5,21.1,0.010827638,27.156214758320054,Saved,Right Foot,Open Play
Arsenal,Laurent Koscielny,112.1,48.7,0.058110166,11.751595636338077,Off T,Head,Open Play
Arsenal,Alexis Alejandro Sánchez Sánchez,92.7,31.8,0.052046224,28.504911857432568,Blocked,Right Foot,Free Kick
Arsenal,Mesut Özil,108.5,43.1,0.28718993,11.910499569707394,Saved,Left Foot,Open Play
Crystal Palace,Connor Wickham,109.7,38.4,0.19147725,10.423531071570705,Off T,Head,Open Play
Arsenal,Alexis Alejandro Sánchez Sánchez,108.6,42.2,0.12317723,11.61034021896,Goal,Head,Open Play
Arsenal,Daniel Nii Tackie Mensah Welbeck,109.9,47.1,0.076572426,12.345849504995591,Blocked,Right Foot,Open Play
Arsenal,Daniel Nii Tackie Mensah Welbeck,112.9,42.8,0.08983364,7.632168761236867,Blocked,Head,Open Play
Arsenal,Alex Iwobi,112.9,40.4,0.23096606,7.111258679024404,Off T,Head,Open Play
Arsenal,Daniel Nii Tackie Mensah Welbeck,113.2,22.8,0.014346601,18.495404834715025,Saved,Right Foot,Open Play
Arsenal,Mesut Özil,94.3,52.7,0.04317697,28.666705426330388,Off T,Left Foot,Free Kick
Arsenal,Daniel Nii Tackie Mensah Welbeck,115.9,46.6,0.17684071,7.769813382572323,Saved,Right Foot,Open Play
Arsenal,Mohamed Naser Elsayed Elneny,100.4,42.0,0.056481596,19.7017765696396,Blocked,Left Foot,Open Play
Arsenal,Alexis Alejandro Sánchez Sánchez,112.3,35.6,0.117574796,8.868483523128406,Off T,Head,Open Play
Arsenal,Alexis Alejandro Sánchez Sánchez,107.3,33.7,0.03445147,14.176741515595184,Off T,Head,Open Play
Arsenal,Ignacio Monreal Eraso,110.7,26.3,0.037576504,16.558381563425815,Blocked,Left Foot,Open Play
Arsenal,Ignacio Monreal Eraso,96.3,41.0,0.02801559,23.721087664776253,Wayward,Right Foot,Open Play
Crystal Palace,Bakary Sako,116.7,31.9,0.08340402,8.746427842267952,Saved,Head,Open Play
Arsenal,Olivier Giroud,112.8,45.0,0.09061732,8.765842800324451,Saved,Left Foot,Open Play
Arsenal,Alexis Alejandro Sánchez Sánchez,102.4,32.6,0.086061865,19.092406867652905,Off T,Right Foot,Open Play
Crystal Palace,Yannick Bolasie Yala,96.3,28.3,0.030251782,26.430664009820113,Goal,Right Foot,Open Play
Arsenal,Gabriel Armando de Abreu,109.2,44.2,0.049123436,11.587924749496779,Saved,Head,Open Play
Crystal Palace,Bakary Sako,85.3,23.5,0.0056164507,38.42317009305713,Off T,Left Foot,Open Play
Southampton,Shane Long,115.2,37.1,0.3947514,5.6080299571239784,Off T,Head,Open Play
Chelsea,Diego da Silva Costa,113.4,32.2,0.052129943,10.217631819555836,Blocked,Right Foot,Open Play
Southampton,Charlie Austin,101.5,36.1,0.09912358,18.906612599828662,Blocked,Right Foot,Open Play
Southampton,Jordy Clasie,96.0,25.7,0.022384005,27.937251117459642,Blocked,Right Foot,Open Play
Chelsea,Oscar dos Santos Emboaba Júnior,95.1,32.9,0.02807203,25.892469947843917,Saved,Right Foot,Open Play
Chelsea,Diego da Silva Costa,94.3,39.8,0.047590964,25.700778198334774,Off T,Right Foot,Open Play
Southampton,Charlie Austin,98.2,44.4,0.06299495,22.239604313026792,Off T,Left Foot,Open Play
Chelsea,Eden Hazard,98.7,54.7,0.025257336,25.880108191427638,Off T,Right Foot,Open Play
Southampton,Shane Long,108.4,51.2,0.36582384,16.1245154965971,Goal,Right Foot,Open Play
Chelsea,Francesc Fàbregas i Soler,110.9,33.8,0.044437405,11.011357772772618,Off T,Head,Open Play
Chelsea,Francesc Fàbregas i Soler,107.9,48.9,0.04692998,15.02065244921138,Off T,Head,Open Play
Chelsea,Eden Hazard,98.8,49.2,0.050074697,23.110170921046866,Off T,Left Foot,Open Play
Chelsea,John Michael Nchekwube Obinna,116.8,41.6,0.46305713,3.5777087639996665,Off T,Head,Open Play
Chelsea,César Azpilicueta Tanco,95.7,54.9,0.022216255,28.50438562747845,Off T,Right Foot,Open Play
Chelsea,Diego da Silva Costa,112.5,38.4,0.2872118,7.668767828015137,Off T,Left Foot,Open Play
Southampton,Virgil van Dijk,116.2,31.6,0.06875655,9.219544457292885,Saved,Head,Open Play
Southampton,Virgil van Dijk,93.1,25.9,0.023833092,30.37136809562586,Off T,Right Foot,Open Play
Chelsea,Francesc Fàbregas i Soler,110.6,19.4,0.010167051,22.64332131115045,Goal,Right Foot,Open Play
Chelsea,Diego da Silva Costa,109.0,40.1,0.109841265,11.000454536063499,Blocked,Left Foot,Open Play
Chelsea,Robert Kenedy Nunes do Nascimento,94.7,43.3,0.033125237,25.51430971043504,Off T,Right Foot,Open Play
Chelsea,Willian Borges da Silva,97.5,41.0,0.048831712,22.522211259110417,Off T,Right Foot,Open Play
Chelsea,Oscar dos Santos Emboaba Júnior,98.6,28.9,0.04054104,24.107467722678802,Saved,Right Foot,Open Play
Southampton,Graziano Pellè,90.7,39.4,0.029815322,29.306142700805914,Saved,Right Foot,Open Play
Chelsea,Robert Kenedy Nunes do Nascimento,92.8,33.0,0.029433481,28.08629559055448,Blocked,Left Foot,Open Play
Chelsea,Branislav Ivanović,113.0,44.4,0.07119804,8.268010643437755,Goal,Head,Open Play
Southampton,Graziano Pellè,114.1,43.2,0.1505224,6.71192967781994,Saved,Head,Open Play
Southampton,Shane Long,110.2,47.0,0.4781576,12.043255373859676,Goal,Left Foot,Open Play
Newcastle United,Ayoze Pérez Gutiérrez,109.1,51.1,0.06680198,15.556991997169638,Blocked,Right Foot,Open Play
Southampton,Sadio Mané,110.2,50.6,0.057120264,14.43606594609487,Blocked,Right Foot,Open Play
Southampton,Shane Long,87.6,25.4,0.006835365,35.53758573679423,Off T,Right Foot,Open Play
Southampton,Dušan Tadić,108.1,47.9,0.09565515,14.283556979968264,Blocked,Left Foot,Open Play
Southampton,Graziano Pellè,94.1,30.1,0.026827127,27.727603574777252,Saved,Left Foot,Open Play
Southampton,Victor Wanyama,115.3,47.4,0.07242397,8.766413177577247,Off T,Head,Open Play
Southampton,Graziano Pellè,110.9,40.3,0.078529574,9.104943712072025,Off T,Head,Open Play
Southampton,Dušan Tadić,81.7,39.0,0.0060195033,38.31305260612889,Off T,Left Foot,Open Play
Southampton,Graziano Pellè,105.0,34.5,0.19125004,15.976545308670458,Goal,Right Foot,Open Play
Southampton,Virgil van Dijk,87.4,43.4,0.02143316,32.77682107831691,Off T,Right Foot,Open Play
Newcastle United,Moussa Sissoko,84.8,19.1,0.019069701,40.93714694504247,Off T,Right Foot,Open Play
Southampton,Graziano Pellè,116.0,45.1,0.12648387,6.481512169239522,Blocked,Head,Open Play
Southampton,José Miguel da Rocha Fonte,111.5,44.4,0.19901116,9.571311299921238,Saved,Right Foot,Open Play
Southampton,Victor Wanyama,108.7,45.4,0.094344206,12.523977004130913,Goal,Right Foot,Open Play
Newcastle United,Ayoze Pérez Gutiérrez,100.5,43.9,0.11022981,19.88617610301186,Saved,Right Foot,Open Play
Newcastle United,Andros Townsend,87.6,44.7,0.020431928,32.739120330271554,Saved,Left Foot,Open Play
Southampton,Dušan Tadić,96.5,50.3,0.024976976,25.65813711086602,Blocked,Left Foot,Open Play
Newcastle United,Andros Townsend,99.1,46.4,0.052475505,21.857950498617207,Goal,Left Foot,Open Play
Southampton,Graziano Pellè,109.5,38.7,0.05727282,10.580170130957253,Wayward,Head,Open Play
Southampton,Sadio Mané,104.7,50.0,0.06254463,18.278129007094787,Off T,Left Foot,Open Play
Southampton,Victor Wanyama,96.8,49.0,0.032310955,24.884533349050372,Blocked,Left Foot,Open Play
Southampton,Oriol Romeu Vidal,104.0,56.7,0.043898012,23.12768903284546,Off T,Right Foot,Open Play
Southampton,Oriol Romeu Vidal,110.1,44.2,0.11309117,10.754068997360958,Off T,Head,Open Play
Liverpool,Daniel Andre Sturridge,108.4,37.9,0.063751385,11.788553770501276,Off T,Left Foot,Open Play
Swansea City,Gylfi Þór Sigurðsson,102.5,43.6,0.15054752,17.866449003649272,Saved,Right Foot,Open Play
Swansea City,André Ayew Pelé,108.1,24.0,0.04599993,19.940160480798546,Blocked,Left Foot,Open Play
Swansea City,Neil Taylor,91.3,41.7,0.01858602,28.75030434621519,Blocked,Left Foot,Open Play
Swansea City,André Ayew Pelé,105.3,31.0,0.1424484,17.236298906667873,Off T,Left Foot,Open Play
Swansea City,André Ayew Pelé,104.2,33.8,0.0917242,16.972919607421698,Blocked,Left Foot,Open Play
Swansea City,André Ayew Pelé,115.3,39.1,0.18916714,4.785394445602162,Goal,Head,Open Play
Liverpool,Jordon Ibe,95.6,46.4,0.03600474,25.2253840406841,Saved,Left Foot,Open Play
Swansea City,Jack Frank Porteous Cork,104.7,41.8,0.17000686,15.405518491761317,Saved,Right Foot,Open Play
Swansea City,Wayne Routledge,109.4,49.1,0.18308607,13.970325694127531,Saved,Right Foot,Open Play
Swansea City,Jordi Amat Maas,115.1,41.1,0.3147205,5.021951811795894,Off T,Head,Open Play
Liverpool,Martin Škrtel,110.1,36.2,0.04358364,10.604244433244649,Blocked,Head,Open Play
Swansea City,Jefferson Antonio Montero Vite,105.9,29.7,0.114864565,17.46138597019148,Saved,Right Foot,Open Play
Swansea City,Jack Frank Porteous Cork,98.5,31.6,0.04544151,23.082677487674605,Goal,Right Foot,Open Play
Liverpool,Daniel Andre Sturridge,98.8,24.6,0.03383133,26.2030532572065,Off T,Left Foot,Open Play
Liverpool,Daniel Andre Sturridge,90.2,35.5,0.022186002,30.137849956491586,Saved,Left Foot,Open Play
Swansea City,Jefferson Antonio Montero Vite,104.2,31.2,0.025709676,18.08535318980528,Saved,Right Foot,Open Play
Liverpool,Philippe Coutinho Correia,94.6,47.5,0.030902501,26.484146201076605,Blocked,Right Foot,Open Play
Liverpool,Daniel Andre Sturridge,92.9,44.3,0.060312804,27.439023306233036,Off T,Left Foot,Free Kick
Liverpool,Kevin Linford Stewart,93.4,37.0,0.027809111,26.768638366566197,Blocked,Left Foot,Open Play
Liverpool,Christian Benteke Liolo,113.5,39.9,0.45818517,6.500769185258003,Goal,Head,Open Play
Swansea City,Jack Frank Porteous Cork,93.4,34.9,0.026895007,27.084497410880633,Wayward,Right Foot,Open Play
Swansea City,André Ayew Pelé,105.8,39.1,0.092527136,14.228492541376268,Goal,Left Foot,Open Play
Swansea City,Jefferson Antonio Montero Vite,83.6,42.0,0.008025739,36.45490364820624,Blocked,Right Foot,Open Play
Liverpool,Nathaniel Edwin Clyne,87.0,52.7,0.006751862,35.35944004081512,Blocked,Right Foot,Open Play
Swansea City,Àngel Rangel Zaragoza,108.2,46.8,0.10781594,13.61910422898657,Off T,Right Foot,Open Play
Swansea City,Gylfi Þór Sigurðsson,94.7,31.1,0.033540595,26.81976882823563,Blocked,Right Foot,Open Play
Swansea City,Gylfi Þór Sigurðsson,94.8,27.3,0.029130124,28.219319623265196,Saved,Right Foot,Open Play
Swansea City,Gylfi Þór Sigurðsson,98.4,51.1,0.044699468,24.28518066640641,Off T,Left Foot,Open Play
Manchester United,Juan Manuel Mata García,102.9,54.8,0.032227837,22.615260334561697,Post,Left Foot,Open Play
Chelsea,John Terry,112.1,43.4,0.108165994,8.600581375697812,Saved,Head,Open Play
Manchester United,Morgan Schneiderlin,95.2,51.1,0.021874558,27.170756338387047,Off T,Right Foot,Open Play
Manchester United,Matteo Darmian,108.5,21.8,0.01209295,21.528817896020207,Blocked,Right Foot,Open Play
Chelsea,Oscar dos Santos Emboaba Júnior,109.7,61.6,0.0065140417,23.930106560565083,Off T,Right Foot,Open Play
Manchester United,Anthony Martial,107.5,26.1,0.05639233,18.693849255838135,Post,Right Foot,Open Play
Manchester United,Wayne Mark Rooney,89.4,29.6,0.02095636,32.31903463904823,Saved,Right Foot,Open Play
Manchester United,Bastian Schweinsteiger,100.1,33.6,0.057081882,20.903827400741715,Blocked,Right Foot,Open Play
Chelsea,Kurt Happy Zouma,109.1,41.0,0.2297708,10.945775440780801,Off T,Right Foot,Open Play
Manchester United,Juan Manuel Mata García,97.3,30.5,0.03437874,24.607722365143836,Wayward,Left Foot,Open Play
Manchester United,Bastian Schweinsteiger,92.5,37.4,0.018686803,27.62263564542674,Off T,Left Foot,Open Play
Manchester United,Ander Herrera Agüera,89.6,46.2,0.022311984,31.02579571904644,Blocked,Right Foot,Open Play
Chelsea,Pedro Eliezer Rodríguez Ledesma,103.1,41.0,0.06853118,16.92955994702757,Saved,Left Foot,Open Play
Chelsea,César Azpilicueta Tanco,113.4,28.3,0.17307273,13.433167906342863,Saved,Left Foot,Open Play
Chelsea,Nemanja Matić,92.5,43.8,0.026317557,27.761304003954855,Off T,Left Foot,Open Play
Manchester United,Anthony Martial,99.0,39.0,0.036598846,21.02379604162864,Blocked,Right Foot,Open Play
Manchester United,Ander Herrera Agüera,115.2,39.0,0.70852625,4.903060268852503,Saved,Right Foot,Open Play
Chelsea,Nemanja Matić,103.3,29.3,0.22898248,19.83380951809309,Off T,Left Foot,Open Play
Chelsea,Nemanja Matić,93.0,46.8,0.03444707,27.843132007732176,Off T,Right Foot,Open Play
Manchester United,Bastian Schweinsteiger,88.9,48.2,0.019716727,32.16286678764814,Blocked,Left Foot,Open Play
Manchester United,Wayne Mark Rooney,114.1,44.9,0.24865225,7.669419795525608,Off T,Right Foot,Open Play
West Ham United,Michail Antonio,105.4,29.0,0.16867027,18.28004376362376,Saved,Right Foot,Open Play
West Ham United,Mark Noble,95.7,27.9,0.04059664,27.145902084845144,Off T,Right Foot,Open Play
AFC Bournemouth,Harry Arter,93.7,40.4,0.033008467,26.303041649208552,Goal,Right Foot,Open Play
AFC Bournemouth,Benik Afobe,113.2,35.3,0.08274921,8.266196223173026,Off T,Head,Open Play
AFC Bournemouth,Charlie Daniels,101.9,24.8,0.048087887,23.63577796477196,Saved,Left Foot,Open Play
AFC Bournemouth,Dan Gosling,91.2,35.2,0.022611141,29.19726014543145,Blocked,Right Foot,Open Play
AFC Bournemouth,Adam Smith,89.0,59.1,0.0075405156,36.41167395218187,Blocked,Right Foot,Open Play
West Ham United,James Tomkins,114.4,41.1,0.18452337,5.707013229352104,Off T,Right Foot,Open Play
West Ham United,Dimitri Payet,101.6,44.4,0.071319394,18.918773744616754,Saved,Left Foot,Open Play
West Ham United,Michail Antonio,98.6,22.1,0.017178979,27.899283144912527,Off T,Right Foot,Open Play
AFC Bournemouth,Harry Arter,88.6,34.7,0.023739776,31.844151739369668,Blocked,Right Foot,Open Play
AFC Bournemouth,Harry Arter,102.1,33.6,0.06887609,19.009734348485782,Off T,Left Foot,Open Play
West Ham United,Enner Remberto Valencia Lastra,98.3,58.8,0.009854177,28.711147660795447,Off T,Right Foot,Open Play
AFC Bournemouth,Dan Gosling,88.9,38.2,0.022169303,31.15204648173214,Saved,Right Foot,Open Play
West Ham United,Dimitri Payet,91.6,25.5,0.022837332,31.8874583496396,Goal,Right Foot,Free Kick
West Ham United,Enner Remberto Valencia Lastra,112.1,38.6,0.23674783,8.02309167341369,Goal,Right Foot,Open Play
AFC Bournemouth,Junior Stanislas,97.9,33.7,0.06535348,22.980426453832393,Blocked,Right Foot,Open Play
West Ham United,Enner Remberto Valencia Lastra,101.2,16.1,0.008416773,30.408058142538465,Goal,Right Foot,Free Kick
AFC Bournemouth,Juan Manuel Iturbe Arévalo,95.2,47.0,0.035855655,25.768973592287292,Saved,Left Foot,Open Play
AFC Bournemouth,Adam Smith,85.6,45.1,0.014058703,34.77599746951912,Off T,Right Foot,Open Play
Norwich City,Robert Brady,81.9,49.4,0.0068975934,39.24245150344203,Off T,Left Foot,Open Play
Norwich City,Matt Jarvis,104.4,53.6,0.043350827,20.695893312442443,Blocked,Left Foot,Open Play
Norwich City,Jonathan Howson,86.8,35.2,0.02822098,33.54519339637201,Off T,Right Foot,Open Play
Crystal Palace,Jason Puncheon,109.5,43.6,0.17491148,11.1,Blocked,Right Foot,Open Play
Crystal Palace,Yohan Cabaye,108.7,39.7,0.12658013,11.30398159941885,Blocked,Right Foot,Open Play
Crystal Palace,Scott Dann,108.3,32.2,0.022605736,14.061649974309558,Saved,Head,Open Play
Norwich City,Timm Klose,113.3,41.3,0.13356121,6.824954212300623,Off T,Head,Open Play
Norwich City,Steven Naismith,111.1,47.4,0.08777587,11.574541027617471,Blocked,Right Foot,Open Play
Norwich City,Dieumerci Mbokani Bezua,116.6,33.9,0.08539374,6.983552104767319,Off T,Right Foot,Open Play
Norwich City,Robert Brady,99.8,26.8,0.038074307,24.13047865252573,Saved,Right Foot,Open Play
Crystal Palace,Scott Dann,117.0,47.2,0.10829914,7.8000000000000025,Off T,Right Foot,Open Play
Norwich City,Steven Naismith,102.2,46.5,0.08932725,18.94967018182638,Off T,Right Foot,Open Play
Crystal Palace,Yannick Bolasie Yala,110.5,40.3,0.13895713,9.504735661763561,Off T,Left Foot,Open Play
Crystal Palace,Jason Puncheon,98.9,51.9,0.04178502,24.224367896810016,Goal,Left Foot,Open Play
Norwich City,Ryan Bennett,112.9,48.5,0.121801,11.075197515168744,Saved,Right Foot,Open Play
Crystal Palace,Yohan Cabaye,90.8,58.4,0.0057862946,34.51376536977674,Saved,Right Foot,Open Play
Norwich City,Robert Brady,101.7,42.3,0.121378414,18.44396920405149,Blocked,Right Foot,Open Play
Crystal Palace,Wilfried Zaha,101.6,50.1,0.050311767,20.98975940786364,Saved,Left Foot,Open Play
Norwich City,Martin Olsson,105.5,32.4,0.040195186,16.37101096450674,Saved,Head,Open Play
Crystal Palace,Wilfried Zaha,110.1,53.5,0.09295509,16.74096771396445,Saved,Right Foot,Open Play
Crystal Palace,Damien Delaney,108.5,42.5,0.04177684,11.76860229593982,Wayward,Head,Open Play
Crystal Palace,Yannick Bolasie Yala,116.4,36.2,0.36475572,5.234500931320954,Blocked,Right Foot,Open Play
Crystal Palace,Damien Delaney,110.9,40.9,0.061333124,9.14439719172346,Wayward,Head,Open Play
Crystal Palace,Yohan Cabaye,118.8,27.9,0.012578207,12.159358535712318,Blocked,Right Foot,Open Play
Norwich City,Robert Brady,104.2,34.2,0.13797161,16.830923919975394,Saved,Right Foot,Open Play
Crystal Palace,Mile Jedinak,108.9,42.1,0.039798897,11.296902230257633,Off T,Head,Open Play
Norwich City,Nathan Redmond,98.1,50.9,0.038070664,24.46262455256999,Off T,Left Foot,Open Play
Norwich City,Robert Brady,101.0,46.0,0.059035644,19.924858845171276,Off T,Left Foot,Open Play
Swansea City,Jack Frank Porteous Cork,93.0,38.9,0.020542638,27.022398117117586,Off T,Left Foot,Open Play
Newcastle United,Papiss Demba Cissé,96.7,18.6,0.008298314,31.63621342702062,Off T,Right Foot,Open Play
Newcastle United,Andros Townsend,93.5,41.1,0.03174471,26.5228203628498,Saved,Left Foot,Open Play
Newcastle United,Moussa Sissoko,101.5,53.1,0.017828278,22.66848031959796,Off T,Left Foot,Open Play
Newcastle United,Jack Colback,109.5,24.9,0.0627795,18.391846019364127,Saved,Left Foot,Open Play
Newcastle United,Andros Townsend,92.7,41.0,0.03250292,27.318308878845336,Saved,Right Foot,Open Play
Newcastle United,Jamaal Lascelles,116.9,37.6,0.40713802,3.9204591567825267,Goal,Head,Open Play
Swansea City,Jefferson Antonio Montero Vite,91.4,6.1,0.005592921,44.3527902166256,Off T,Right Foot,Open Play
Swansea City,Àngel Rangel Zaragoza,111.4,52.2,0.032747068,14.92648652563623,Off T,Head,Open Play
Newcastle United,Jack Colback,102.5,45.4,0.059183255,18.31420213932346,Off T,Right Foot,Open Play
Swansea City,Ashley Williams,113.7,38.5,0.13210092,6.476109943476868,Saved,Head,Open Play
Swansea City,André Ayew Pelé,104.9,42.4,0.09191393,15.289538907370614,Blocked,Right Foot,Open Play
Swansea City,Alberto Paloschi,110.7,34.0,0.0817423,11.067520047418029,Off T,Head,Open Play
Swansea City,Ashley Williams,103.8,46.0,0.07677935,17.275416058665567,Off T,Right Foot,Open Play
Swansea City,Jefferson Antonio Montero Vite,110.1,34.2,0.28285313,11.473883387938022,Off T,Left Foot,Open Play
Swansea City,Bafétimbi Gomis,105.5,48.1,0.17177343,16.60903368652132,Off T,Right Foot,Open Play
Swansea City,Bafétimbi Gomis,93.8,49.8,0.026018914,27.97284397411175,Blocked,Right Foot,Open Play
Newcastle United,Aleksandar Mitrović,109.0,39.0,0.042743906,11.045361017187261,Blocked,Head,Open Play
Newcastle United,Moussa Sissoko,112.3,38.3,0.17071733,7.885429601486532,Goal,Right Foot,Open Play
Newcastle United,Jonjo Shelvey,90.8,45.3,0.025195869,29.677095545218034,Saved,Right Foot,Open Play
Newcastle United,Andros Townsend,112.5,53.0,0.058807537,15.008331019803634,Goal,Left Foot,Open Play
Swansea City,Bafétimbi Gomis,113.6,36.2,0.081424996,7.443117626371361,Off T,Head,Open Play
Swansea City,Gylfi Þór Sigurðsson,99.0,39.7,0.10753464,21.002142747824564,Blocked,Left Foot,Open Play
Newcastle United,Aleksandar Mitrović,104.3,30.9,0.13314752,18.146625030566984,Off T,Left Foot,Open Play
Crystal Palace,Yohan Cabaye,88.2,39.5,0.023564447,31.80393057469469,Blocked,Right Foot,Free Kick
Crystal Palace,Damien Delaney,103.5,36.6,0.055973966,16.846661390317074,Off T,Left Foot,Open Play
Crystal Palace,Yohan Cabaye,91.1,27.2,0.016637495,31.60775221365797,Blocked,Right Foot,Open Play
Crystal Palace,Joel Ward,104.5,45.1,0.13152674,16.317475294910054,Saved,Right Foot,Open Play
Stoke City,Marko Arnautović,94.0,27.8,0.025926294,28.720027855139694,Off T,Right Foot,Open Play
Crystal Palace,Jason Puncheon,91.8,52.3,0.01856517,30.765727685201924,Saved,Left Foot,Open Play
Stoke City,Peter Crouch,108.7,38.4,0.038839076,11.412712210513325,Saved,Head,Open Play
Stoke City,Xherdan Shaqiri,104.1,38.4,0.29454494,15.980300372646322,Saved,Left Foot,Open Play
Crystal Palace,Dwight Gayle,93.1,49.5,0.024926668,28.52823163114041,Blocked,Right Foot,Open Play
Stoke City,Xherdan Shaqiri,93.2,28.8,0.023316804,29.04617014341133,Off T,Left Foot,Open Play
Stoke City,Charlie Adam,108.9,49.6,0.24430975,14.675489770362006,Goal,Right Foot,Open Play
Crystal Palace,Pape N''Diaye Souaré,107.8,28.1,0.08543785,17.042593699317017,Off T,Left Foot,Open Play
Crystal Palace,Jason Puncheon,96.9,48.5,0.041485067,24.614223530308646,Wayward,Left Foot,Open Play
Crystal Palace,Connor Wickham,94.1,40.7,0.04698083,25.909457732650452,Blocked,Right Foot,Open Play
Stoke City,Charlie Adam,86.9,31.9,0.013718732,34.07667824187093,Blocked,Left Foot,Open Play
Crystal Palace,Dwight Gayle,110.8,33.4,0.30303675,11.322543883774532,Goal,Right Foot,Open Play
Crystal Palace,Connor Wickham,97.9,34.3,0.047722228,22.823233776132597,Blocked,Left Foot,Open Play
Crystal Palace,Yannick Bolasie Yala,102.3,23.4,0.018920328,24.26623168108308,Blocked,Right Foot,Open Play
Stoke City,Marko Arnautović,96.9,23.8,0.041958604,28.21435804692355,Off T,Right Foot,Free Kick
Crystal Palace,Jason Puncheon,112.9,50.0,0.17970756,12.264175471673582,Off T,Left Foot,Open Play
Crystal Palace,Connor Wickham,114.3,45.4,0.13639721,7.851751396981442,Post,Head,Open Play
Stoke City,Phil Bardsley,85.2,41.4,0.016065309,34.828149534535996,Blocked,Right Foot,Open Play
Stoke City,Ryan Shawcross,111.7,39.9,0.089175604,8.30060238777885,Off T,Head,Open Play
Crystal Palace,Dwight Gayle,89.3,50.8,0.022726838,32.544277530773364,Goal,Right Foot,Free Kick
Stoke City,Erik Pieters,81.5,34.3,0.0065576355,38.91966084127661,Off T,Left Foot,Open Play
Crystal Palace,Dwight Gayle,117.4,49.5,0.04141721,9.849365461794987,Blocked,Right Foot,Open Play
Stoke City,Jonathan Walters,107.9,53.1,0.09213775,17.8331152634642,Off T,Right Foot,Open Play
Stoke City,Marko Arnautović,104.0,49.2,0.30972648,18.456435192094926,Off T,Right Foot,Open Play
Crystal Palace,Jordon Mutch,95.7,41.8,0.0437222,24.366575467225587,Off T,Right Foot,Open Play
Tottenham Hotspur,Jan Vertonghen,113.2,48.9,0.039249975,11.200446419674527,Blocked,Head,Open Play
Tottenham Hotspur,Toby Alderweireld,116.2,39.5,0.24273677,3.832753579347357,Saved,Head,Open Play
Tottenham Hotspur,Harry Kane,91.8,35.8,0.037121683,28.511050489240134,Saved,Right Foot,Open Play
Tottenham Hotspur,Danny Rose,98.0,31.1,0.030595023,23.732045845227926,Blocked,Left Foot,Open Play
Tottenham Hotspur,Bamidele Alli,107.9,35.6,0.25553215,12.875169901791581,Off T,Left Foot,Open Play
Tottenham Hotspur,Harry Kane,113.9,34.0,0.20493108,8.556284240252888,Off T,Left Foot,Open Play
Tottenham Hotspur,Mousa Sidi Yaya Dembélé,98.8,44.7,0.0388118,21.714741536569118,Blocked,Right Foot,Open Play
Tottenham Hotspur,Danny Rose,93.6,26.6,0.026451103,29.60608045655487,Off T,Left Foot,Open Play
Sunderland,Jeremain Lens,97.0,22.8,0.014555168,28.720027855139694,Off T,Right Foot,Open Play
Tottenham Hotspur,Harry Kane,102.1,49.0,0.05577858,20.03521899056759,Blocked,Left Foot,Open Play
Tottenham Hotspur,Harry Kane,114.5,40.5,0.18519366,5.522680508593631,Blocked,Head,Open Play
Tottenham Hotspur,Erik Lamela,106.5,25.2,0.043189894,20.0322240402807,Off T,Left Foot,Open Play
Sunderland,Patrick van Aanholt,115.6,31.3,0.28821212,9.749358953285084,Goal,Left Foot,Open Play
Tottenham Hotspur,Harry Kane,111.3,52.4,0.1295472,15.14760707174569,Saved,Right Foot,Open Play
Tottenham Hotspur,Christian Dannemann Eriksen,105.1,52.5,0.054326437,19.448907424325927,Goal,Right Foot,Open Play
Sunderland,Jermain Defoe,100.3,39.0,0.05843628,19.725364381932216,Saved,Right Foot,Open Play
Tottenham Hotspur,Christian Dannemann Eriksen,91.8,40.3,0.027944062,28.201595699534455,Saved,Left Foot,Open Play
Tottenham Hotspur,Toby Alderweireld,109.9,45.2,0.05606267,11.360017605620158,Off T,Right Foot,Open Play
Tottenham Hotspur,Bamidele Alli,98.4,32.0,0.047879133,23.033888078220745,Blocked,Right Foot,Open Play
Sunderland,Jermain Defoe,110.3,27.4,0.10079112,15.901257811883942,Off T,Left Foot,Open Play
Tottenham Hotspur,Bamidele Alli,112.8,45.6,0.118069015,9.121403400793108,Off T,Head,Open Play
Tottenham Hotspur,Jan Vertonghen,92.8,34.6,0.035095103,27.730849247724098,Off T,Right Foot,Open Play
Tottenham Hotspur,Harry Kane,100.3,18.8,0.009058688,28.940110573389315,Saved,Right Foot,Open Play
Tottenham Hotspur,Danny Rose,98.0,41.1,0.044031586,22.027482833950863,Saved,Left Foot,Open Play
Tottenham Hotspur,Mousa Sidi Yaya Dembélé,104.5,46.2,0.07710007,16.694010902116965,Goal,Left Foot,Open Play
Tottenham Hotspur,Christian Dannemann Eriksen,89.3,42.4,0.027663112,30.793668180325646,Goal,Left Foot,Open Play
Tottenham Hotspur,Harry Kane,106.3,55.2,0.040287517,20.462893246068607,Saved,Right Foot,Open Play
Tottenham Hotspur,Harry Kane,108.0,40.3,0.7835,12.003749414245535,Goal,Right Foot,Penalty
Tottenham Hotspur,Toby Alderweireld,114.4,44.2,0.09499676,6.999999999999997,Off T,Head,Open Play
Sunderland,Billy Jones,100.5,47.6,0.06087852,20.92868844433401,Blocked,Right Foot,Open Play
Tottenham Hotspur,Christian Dannemann Eriksen,94.4,54.4,0.022928495,29.372095601097303,Off T,Left Foot,Open Play
Watford,José Manuel Jurado Marín,92.2,44.1,0.032080676,28.100711734758605,Saved,Left Foot,Open Play
Everton,Gerard Deulofeu Lázaro,101.3,22.3,0.02617788,25.748398008419866,Saved,Right Foot,Open Play
Everton,Romelu Lukaku Menama,85.5,50.3,0.0069853347,36.00472191254919,Off T,Left Foot,Open Play
Watford,Miguel Ángel Britos Cabrera,113.0,42.1,0.09233943,7.3082145562373855,Wayward,Head,Open Play
Watford,Ben Watson,94.5,36.3,0.029795362,25.767033201360224,Saved,Right Foot,Open Play
Everton,Ross Barkley,103.4,25.9,0.028868094,21.780036730914848,Saved,Right Foot,Open Play
Watford,Odion Jude Ighalo,108.5,37.9,0.08031828,11.690166808048549,Off T,Head,Open Play
Watford,José Manuel Jurado Marín,94.0,28.7,0.048054796,28.349426801965503,Blocked,Right Foot,Free Kick
Watford,Etienne Capoue,98.2,47.4,0.02840607,23.021728866442675,Blocked,Right Foot,Open Play
Watford,José Holebas,115.7,45.4,0.09677919,6.902897942168924,Off T,Head,Open Play
Everton,James McCarthy,103.3,34.5,0.432918,17.5823775411632,Goal,Left Foot,Open Play
Watford,José Holebas,119.2,47.7,0.0152710285,7.741446893184764,Wayward,Head,Open Play
Everton,Séamus Coleman,110.3,44.0,0.050618377,10.492378186092992,Wayward,Head,Open Play
Everton,Romelu Lukaku Menama,113.2,43.9,0.110633805,7.839005038906401,Blocked,Right Foot,Open Play
Everton,Aaron Lennon,105.6,31.7,0.041983128,16.620770138594665,Blocked,Right Foot,Open Play
Everton,Aaron Lennon,97.6,39.4,0.049263746,22.408034273447555,Saved,Right Foot,Open Play
Watford,José Holebas,91.0,44.0,0.024837425,29.274562336608895,Blocked,Left Foot,Open Play
Watford,José Holebas,96.4,59.3,0.011340823,30.486882425069304,Off T,Left Foot,Free Kick
Everton,Aaron Lennon,95.3,42.0,0.046424847,24.78083937238608,Saved,Right Foot,Open Play
Everton,Kevin Mirallas,97.9,53.5,0.050854865,25.897104085206124,Saved,Right Foot,Free Kick
Everton,Romelu Lukaku Menama,116.1,33.3,0.40120143,7.7524189773257275,Post,Left Foot,Open Play
Everton,Romelu Lukaku Menama,111.3,39.8,0.16022757,8.702298546935749,Saved,Head,Open Play
Watford,Ben Watson,94.9,30.6,0.022597494,26.802425263397335,Saved,Right Foot,Open Play
Watford,Adlène Guédioura,106.6,59.2,0.009430052,23.413671220037244,Off T,Right Foot,Open Play
Watford,Odion Jude Ighalo,99.2,32.5,0.06101187,22.11085706163377,Saved,Right Foot,Open Play
Sunderland,Wahbi Khazri,88.9,11.6,0.0069796513,42.116148921761585,Goal,Right Foot,Free Kick
Sunderland,Jermain Defoe,109.6,41.4,0.122500315,10.49380769787593,Blocked,Left Foot,Open Play
Sunderland,Jermain Defoe,114.0,37.7,0.39785093,6.425729530566937,Blocked,Right Foot,Open Play
Sunderland,Patrick van Aanholt,100.1,41.7,0.043586046,19.972481067709143,Off T,Left Foot,Open Play
Sunderland,Wahbi Khazri,97.8,22.4,0.016240738,28.330195904723286,Blocked,Right Foot,Open Play
Sunderland,Lee Cattermole,98.3,49.8,0.030212184,23.81029189237293,Off T,Right Foot,Open Play
Sunderland,Wahbi Khazri,110.0,23.4,0.013240566,19.379370474811612,Off T,Right Foot,Open Play
Manchester United,Juan Manuel Mata García,100.5,43.5,0.10421117,19.81161275615895,Saved,Left Foot,Open Play
Manchester United,Michael Carrick,103.8,34.4,0.07394423,17.140595088852667,Blocked,Left Foot,Open Play
Manchester United,Anthony Martial,104.5,22.7,0.029427249,23.228000344411914,Blocked,Right Foot,Open Play
Manchester United,Juan Manuel Mata García,102.9,37.1,0.09969752,17.344163283364228,Saved,Left Foot,Open Play
Manchester United,Anthony Martial,118.2,32.1,0.10402618,8.102468759581857,Goal,Left Foot,Open Play
Sunderland,Yann Gérard M''Vila,94.4,38.7,0.051182937,25.63298656028984,Off T,Right Foot,Open Play
Sunderland,Jack Rodwell,92.6,46.7,0.023564033,28.207268566807393,Blocked,Right Foot,Open Play
Sunderland,John O''Shea,113.8,47.8,0.056486607,9.96393496566492,Blocked,Head,Open Play
Sunderland,Dame N''Doye,112.8,38.7,0.0846304,7.3164198895361405,Wayward,Head,Open Play
Manchester United,Wayne Mark Rooney,95.5,53.5,0.028514432,27.97320146139873,Off T,Right Foot,Open Play
Sunderland,Jermain Defoe,113.8,37.1,0.29730672,6.8447059834590425,Blocked,Left Foot,Open Play
Sunderland,Dame N''Doye,105.2,50.8,0.21684977,18.321571984958055,Saved,Right Foot,Open Play
Sunderland,Yann Gérard M''Vila,114.7,52.0,0.04581213,13.118307817702707,Blocked,Right Foot,Open Play
Sunderland,Lamine Koné,113.1,37.7,0.11673817,7.273238618387277,Off T,Right Foot,Open Play
Sunderland,Wahbi Khazri,93.6,43.5,0.05672551,26.63099697720685,Saved,Right Foot,Free Kick
Sunderland,Wahbi Khazri,100.7,45.3,0.08347747,20.01449474755733,Off T,Right Foot,Open Play
Manchester United,Juan Manuel Mata García,107.4,41.0,0.18347797,12.639620247459963,Blocked,Left Foot,Open Play
Sunderland,Lamine Koné,112.5,19.4,0.0061576827,21.922819161777532,Saved,Right Foot,Open Play
Sunderland,Patrick van Aanholt,94.6,25.3,0.013052541,29.347061181658383,Off T,Left Foot,Open Play
Manchester United,Juan Manuel Mata García,93.3,50.9,0.027445782,28.839209420509434,Saved,Left Foot,Open Play
Manchester United,Memphis Depay,101.2,24.1,0.031186283,24.622144504490258,Blocked,Right Foot,Open Play
Manchester United,Chris Smalling,114.8,49.1,0.043235704,10.480935072788117,Blocked,Head,Open Play
Manchester United,Memphis Depay,104.8,29.8,0.08260421,18.305190520723897,Saved,Right Foot,Open Play
Sunderland,Lamine Koné,112.7,36.8,0.07477902,7.970570870395669,Saved,Head,Open Play
Manchester United,Memphis Depay,106.7,25.9,0.049531948,19.382982226685343,Saved,Right Foot,Open Play
Manchester United,Memphis Depay,107.7,41.5,0.093657196,12.391125856838027,Blocked,Right Foot,Open Play
Sunderland,Patrick van Aanholt,108.6,23.4,0.05090868,20.13752715702701,Off T,Left Foot,Open Play
Stoke City,Marko Arnautović,104.1,48.9,0.09500891,18.221415971323417,Saved,Right Foot,Open Play
Stoke City,José Luis Sanmartín Mato,99.6,40.1,0.044761702,20.40024509656686,Blocked,Left Foot,Open Play
Norwich City,Jonathan Howson,91.8,24.8,0.01213512,32.03560519172379,Off T,Right Foot,Open Play
Stoke City,Jonathan Walters,111.8,33.5,0.06871588,10.463746938836014,Off T,Right Foot,Open Play
Stoke City,Glen Johnson,94.0,54.5,0.023938684,29.769951293208393,Blocked,Left Foot,Open Play
Stoke City,José Luis Sanmartín Mato,112.0,30.5,0.22451967,12.419742348374221,Off T,Left Foot,Open Play
Norwich City,Wes Hoolahan,87.7,57.1,0.02187315,36.547229717175554,Off T,Left Foot,Open Play
Norwich City,Ryan Bennett,107.1,43.3,0.21631184,13.315404612703293,Saved,Right Foot,Open Play
Stoke City,Bojan Krkíc Pérez,89.7,33.1,0.022284139,31.07571399018854,Off T,Right Foot,Open Play
Stoke City,Jonathan Walters,95.7,38.9,0.042249877,24.324884377936925,Off T,Right Foot,Open Play
Stoke City,Marko Arnautović,108.9,30.4,0.10735065,14.675489770362006,Wayward,Left Foot,Open Play
Stoke City,Jonathan Walters,114.7,44.2,0.41785574,6.762396025078685,Goal,Right Foot,Open Play
Stoke City,Marko Arnautović,107.2,44.3,0.03559388,13.502962637880618,Wayward,Head,Open Play
Norwich City,Jonathan Howson,97.3,44.4,0.031719197,23.122499864850255,Goal,Right Foot,Open Play
Stoke City,José Luis Sanmartín Mato,96.7,40.9,0.033736568,23.317375495539796,Goal,Right Foot,Open Play
Norwich City,Nathan Redmond,103.1,51.3,0.045604527,20.329781110479278,Off T,Right Foot,Open Play
Stoke City,Ibrahim Afellay,88.8,45.9,0.023224536,31.752952618614856,Off T,Right Foot,Open Play
Stoke City,Peter Crouch,107.5,39.6,0.06348539,12.506398362438324,Saved,Right Foot,Open Play
Stoke City,Peter Crouch,106.0,39.9,0.12871034,14.000357138301865,Wayward,Right Foot,Open Play
Stoke City,Glen Johnson,109.9,44.9,0.09728359,11.225862995778982,Blocked,Right Foot,Open Play
Stoke City,Ryan Shawcross,106.0,41.1,0.05795857,14.04314779527724,Blocked,Right Foot,Open Play
Stoke City,Osazemwinde Peter Odemwingie,94.6,56.5,0.016250622,30.28877679933609,Off T,Left Foot,Open Play
Leicester City,Jamie Vardy,113.0,40.7,0.36916706,7.034912934784623,Goal,Right Foot,Open Play
Leicester City,Andrew Philip King,114.1,32.0,0.10609795,9.940321926376432,Saved,Head,Open Play
Everton,Romelu Lukaku Menama,111.6,46.1,0.22087286,10.381233067415456,Blocked,Left Foot,Open Play
Everton,Tom Cleverley,103.4,53.5,0.054133262,21.39649504007607,Off T,Right Foot,Open Play
Everton,Aaron Lennon,98.6,45.2,0.041362755,22.022715545545246,Wayward,Right Foot,Open Play
Everton,John Stones,114.8,32.0,0.1699737,9.541488353501252,Wayward,Left Foot,Open Play
Leicester City,N''Golo Kanté,92.7,28.9,0.024731418,29.470324056582747,Saved,Right Foot,Open Play
Leicester City,Andrew Philip King,107.9,43.9,0.15872999,12.712985487288178,Goal,Right Foot,Open Play
Leicester City,Jamie Vardy,102.2,38.5,0.10623893,17.863090438107285,Off T,Right Foot,Open Play
Leicester City,Andrew Philip King,98.7,48.1,0.05567717,22.78815481779953,Blocked,Right Foot,Open Play
Leicester City,Christian Fuchs,103.0,31.4,0.022170765,19.051509126575773,Off T,Head,Open Play
Leicester City,Wes Morgan,115.5,48.9,0.0809107,9.972963451251587,Off T,Right Foot,Open Play
Leicester City,Riyad Mahrez,93.5,48.1,0.058215685,27.71028689855087,Blocked,Left Foot,Free Kick
Leicester City,Wes Morgan,114.5,29.7,0.051307943,11.676472069936194,Off T,Head,Open Play
Leicester City,Riyad Mahrez,113.5,40.7,0.17139532,6.5375836514724615,Off T,Head,Open Play
Everton,El-Hadji Baye Oumar Niasse,90.7,33.8,0.10398547,29.94878962495813,Saved,Right Foot,Open Play
Everton,Romelu Lukaku Menama,113.7,37.0,0.11652432,6.977822009767801,Saved,Left Foot,Open Play
Leicester City,Christian Fuchs,88.9,42.1,0.027379364,31.170819687650173,Off T,Left Foot,Free Kick
Leicester City,Shinji Okazaki,117.3,54.6,0.010439656,14.847558721890952,Off T,Head,Open Play
Everton,Romelu Lukaku Menama,115.1,33.5,0.13329124,8.140024569987492,Saved,Head,Open Play
Leicester City,Christian Fuchs,101.8,31.2,0.17595723,20.215835377248204,Saved,Left Foot,Open Play
Leicester City,Jamie Vardy,108.1,40.1,0.7835,11.900420160649796,Goal,Right Foot,Penalty
Everton,Aaron Lennon,111.5,50.1,0.16766153,13.200757554019392,Off T,Right Foot,Open Play
Leicester City,Jamie Vardy,103.5,32.1,0.33523434,18.29371476764629,Saved,Left Foot,Open Play
Leicester City,Wes Morgan,108.8,44.6,0.036166776,12.107848694132253,Blocked,Head,Open Play
Leicester City,Jamie Vardy,108.1,40.1,0.7835,11.900420160649796,Off T,Right Foot,Penalty
Everton,Bryan Oviedo,91.7,47.0,0.02788601,29.152872928752664,Saved,Left Foot,Open Play
Leicester City,Jamie Vardy,97.3,43.0,0.057967033,22.897379762758884,Blocked,Right Foot,Open Play
Leicester City,José Leonardo Ulloa,116.7,48.4,0.07190593,9.024965373894792,Off T,Head,Open Play
Leicester City,Jamie Vardy,110.2,49.0,0.05100834,13.305637902783916,Blocked,Left Foot,Open Play
Leicester City,Andrew Philip King,102.2,27.0,0.042223748,22.041778512633684,Blocked,Right Foot,Open Play
Leicester City,N''Golo Kanté,95.8,45.2,0.03715289,24.752373623553765,Blocked,Right Foot,Open Play
Leicester City,José Leonardo Ulloa,107.8,46.1,0.058775634,13.640014662748719,Off T,Head,Open Play
Leicester City,José Leonardo Ulloa,113.5,46.1,0.0677929,8.914033879226622,Wayward,Head,Open Play
Leicester City,Andrew Philip King,116.4,39.6,0.21281049,3.6221540552549607,Off T,Head,Open Play
Leicester City,Riyad Mahrez,95.3,27.9,0.026430352,27.504545078950137,Blocked,Left Foot,Open Play
Leicester City,Andrew Philip King,117.4,36.0,0.20493317,4.770744176750622,Off T,Head,Open Play
Everton,Kevin Mirallas,111.1,30.3,0.34513804,13.164345787011221,Goal,Right Foot,Open Play
Leicester City,Andrew Philip King,109.7,45.9,0.081843,11.870130580579133,Blocked,Left Foot,Open Play
Leicester City,Christian Fuchs,112.3,28.6,0.057623837,13.756816492197606,Blocked,Right Foot,Open Play
Leicester City,José Leonardo Ulloa,109.0,44.5,0.04005701,11.884864324004713,Off T,Head,Open Play
Leicester City,Demarai Gray,109.6,53.4,0.070697814,16.962311163281967,Saved,Right Foot,Open Play
West Bromwich Albion,Stéphane Sessègnon,98.9,57.2,0.019867906,27.222233560088338,Blocked,Right Foot,Open Play
Manchester City,Aleksandar Kolarov,99.6,39.9,0.026851451,20.40024509656686,Blocked,Left Foot,Open Play
West Bromwich Albion,Stéphane Sessègnon,105.2,54.9,0.028753404,21.001190442448728,Goal,Right Foot,Open Play
West Bromwich Albion,Gareth McAuley,115.4,31.8,0.14169148,9.402127418834525,Off T,Right Foot,Open Play
Manchester City,Sergio Leonel Agüero del Castillo,108.0,40.0,0.7835,12.0,Goal,Right Foot,Penalty
Manchester City,Samir Nasri,91.1,37.1,0.026580663,29.045137286644046,Blocked,Right Foot,Open Play
Manchester City,Aleksandar Kolarov,93.9,23.3,0.008946944,30.98548047069788,Blocked,Left Foot,Open Play
Manchester City,Eliaquim Mangala,114.3,35.0,0.14283255,7.582216034906947,Off T,Head,Open Play
West Bromwich Albion,Craig Gardner,98.4,35.0,0.07097238,22.171152428324508,Off T,Left Foot,Open Play
West Bromwich Albion,Craig Gardner,100.1,41.8,0.08391644,19.98124120268809,Blocked,Right Foot,Free Kick
West Bromwich Albion,Stéphane Sessègnon,107.7,50.1,0.04877359,15.91540134586621,Blocked,Left Foot,Open Play
Manchester City,Wilfried Guemiand Bony,108.0,36.7,0.032966934,12.445481107614924,Off T,Head,Open Play
Manchester City,Wilfried Guemiand Bony,92.2,39.4,0.03422213,27.806474066303334,Blocked,Right Foot,Open Play
Manchester City,Sergio Leonel Agüero del Castillo,90.5,35.4,0.025257818,29.8564900817226,Saved,Right Foot,Open Play
West Bromwich Albion,Craig Gardner,91.1,34.9,0.02707704,29.346550052774525,Off T,Left Foot,Open Play
Manchester City,Sergio Leonel Agüero del Castillo,108.4,42.1,0.1992491,11.788553770501276,Blocked,Right Foot,Open Play
Manchester City,Samir Nasri,116.7,35.4,0.6024973,5.661271941887264,Goal,Right Foot,Open Play
West Bromwich Albion,Saido Berahino,106.3,28.2,0.2159393,18.081205712009364,Off T,Right Foot,Open Play
West Bromwich Albion,Craig Gardner,97.8,56.3,0.023145797,27.541423347387113,Blocked,Right Foot,Open Play
West Bromwich Albion,Saido Berahino,111.0,36.4,0.4303916,9.693296652842108,Off T,Right Foot,Open Play
Manchester City,Sergio Leonel Agüero del Castillo,107.2,53.1,0.11533282,18.315294155431957,Saved,Right Foot,Open Play
West Bromwich Albion,James McClean,107.3,24.7,0.042289846,19.884164553734717,Blocked,Left Foot,Open Play
Manchester City,Samir Nasri,108.1,26.5,0.07715979,17.996110690924308,Off T,Right Foot,Open Play
West Bromwich Albion,Craig Gardner,84.0,41.4,0.010726006,36.027211937645134,Saved,Right Foot,Free Kick
Manchester City,Aleksandar Kolarov,117.0,25.0,0.012664734,15.297058540778355,Post,Left Foot,Open Play
West Bromwich Albion,James McClean,103.5,39.0,0.06073981,16.53027525481654,Off T,Right Foot,Open Play
Sunderland,Duncan Watmore,102.1,43.1,0.083233126,18.166452598127137,Off T,Right Foot,Open Play
Aston Villa,Leandro Bacuna,93.9,41.8,0.03960644,26.161995336747534,Off T,Left Foot,Open Play
Aston Villa,Leandro Bacuna,97.5,36.3,0.10445752,22.802192877001985,Off T,Left Foot,Open Play
Aston Villa,Jordan Veretout,107.8,27.9,0.079851165,17.182840277439585,Saved,Left Foot,Open Play
Sunderland,Duncan Watmore,99.8,46.5,0.08168104,21.220037700249264,Saved,Left Foot,Open Play
Sunderland,Fabio Borini,112.3,39.7,0.07857836,7.705841939723396,Off T,Head,Open Play
Sunderland,Patrick van Aanholt,96.0,22.7,0.018094031,29.58530040408581,Blocked,Left Foot,Open Play
Aston Villa,Rudy Gestede,107.0,38.9,0.03898981,13.046455457326331,Saved,Head,Open Play
Sunderland,Patrick van Aanholt,94.9,52.1,0.048188455,27.864314095272466,Off T,Left Foot,Free Kick
Aston Villa,Rudy Gestede,107.1,35.3,0.057424664,13.729530217745987,Off T,Head,Open Play
Sunderland,Jermain Defoe,106.0,31.7,0.049697556,16.275441622272496,Blocked,Left Foot,Open Play
Sunderland,Jermain Defoe,104.1,37.1,0.08003691,16.16230181626368,Saved,Right Foot,Open Play
Aston Villa,Carles Gil de Pareja Vicent,82.3,22.3,0.006208935,41.64828928059351,Off T,Left Foot,Open Play
Sunderland,Patrick van Aanholt,94.3,30.2,0.039492793,27.505090437953484,Off T,Left Foot,Open Play
Aston Villa,Carles Gil de Pareja Vicent,109.7,35.2,0.07102487,11.363538181394029,Goal,Left Foot,Open Play
Sunderland,John O''Shea,112.4,47.8,0.04221003,10.89036271204958,Blocked,Head,Open Play
Sunderland,Jermain Defoe,111.2,27.9,0.110527776,14.961617559608987,Goal,Left Foot,Open Play
Sunderland,Yann Gérard M''Vila,101.0,54.9,0.028242271,24.14560001325293,Blocked,Right Foot,Open Play
Sunderland,Danny Graham,108.4,37.0,0.25875008,11.981652640600121,Saved,Right Foot,Open Play
Aston Villa,Rudy Gestede,102.9,55.0,0.017863732,22.746648104720833,Off T,Right Foot,Open Play
Sunderland,Jermain Defoe,109.0,43.4,0.21039148,11.513470371699404,Goal,Right Foot,Open Play
Stoke City,Ibrahim Afellay,95.0,29.7,0.024878412,27.038676003088614,Saved,Left Foot,Open Play
Chelsea,John Michael Nchekwube Obinna,99.6,53.0,0.0293081,24.190080611688757,Off T,Right Foot,Open Play
Chelsea,Oscar dos Santos Emboaba Júnior,109.9,37.2,0.07219344,10.480935072788109,Saved,Head,Open Play
Chelsea,Oscar dos Santos Emboaba Júnior,95.1,45.6,0.03905359,25.5219513360558,Blocked,Right Foot,Open Play
Chelsea,Oscar dos Santos Emboaba Júnior,111.0,58.1,0.011712438,20.21410398706804,Saved,Right Foot,Open Play
Stoke City,Ibrahim Afellay,97.9,24.3,0.028520329,27.1090390829332,Saved,Right Foot,Open Play
Stoke City,Marc Muniesa Martínez,102.3,25.3,0.020159142,23.008259386576814,Off T,Left Foot,Open Play
Stoke City,Mame Biram Diouf,110.0,44.5,0.21823533,10.965856099730654,Off T,Right Foot,Open Play
Stoke City,Geoff Cameron,102.3,44.7,0.08092932,18.31338308450954,Off T,Head,Open Play
Chelsea,Willian Borges da Silva,95.8,42.9,0.047452923,24.373140954747708,Off T,Left Foot,Open Play
Chelsea,Bertrand Isidore Traoré,108.7,34.1,0.23468225,12.747548783981959,Blocked,Left Foot,Open Play
Chelsea,Willian Borges da Silva,104.6,46.3,0.10290189,16.6388100536066,Blocked,Left Foot,Open Play
Stoke City,Mame Biram Diouf,110.1,36.6,0.105493836,10.467568963231152,Wayward,Right Foot,Open Play
Stoke City,Marko Arnautović,118.9,45.6,0.21448365,5.7070132293521105,Off T,Right Foot,Open Play
Chelsea,Oscar dos Santos Emboaba Júnior,104.2,52.7,0.039002236,20.271408436514715,Blocked,Right Foot,Open Play
Chelsea,Abdul Rahman Baba,92.5,32.1,0.021209233,28.612235145126288,Wayward,Right Foot,Open Play
Chelsea,Bertrand Isidore Traoré,100.5,51.6,0.06738793,22.689424849475582,Goal,Left Foot,Open Play
Chelsea,Willian Borges da Silva,97.1,38.9,0.10794501,22.926403991904188,Off T,Left Foot,Open Play
Stoke City,Marko Arnautović,94.0,27.6,0.025980763,28.80555501982213,Saved,Right Foot,Open Play
Stoke City,Geoff Cameron,104.7,36.7,0.044828054,15.651836952894696,Off T,Head,Open Play
Chelsea,Eden Hazard,112.6,23.4,0.02143407,18.174707700538136,Off T,Left Foot,Open Play
Stoke City,Xherdan Shaqiri,101.9,33.4,0.18579698,19.265772758962974,Saved,Left Foot,Open Play
Stoke City,Geoff Cameron,111.4,46.8,0.04556031,10.96357605893259,Wayward,Head,Open Play
Chelsea,Willian Borges da Silva,104.3,56.6,0.031140296,22.848413511664223,Saved,Right Foot,Open Play
Chelsea,Gary Cahill,109.9,49.9,0.18530752,14.142842712835346,Saved,Left Foot,Open Play
Stoke City,Gilbert Gianelli Imbula Wanga,93.6,27.1,0.027780285,29.383158441529055,Off T,Left Foot,Open Play
Stoke City,Geoff Cameron,102.3,50.5,0.047882438,20.580087463370997,Blocked,Left Foot,Open Play
Chelsea,Ruben Loftus-Cheek,98.7,49.7,0.035508543,23.404700382615452,Blocked,Right Foot,Open Play
Stoke City,Marko Arnautović,107.4,26.9,0.043938067,18.176083186429356,Blocked,Right Foot,Open Play
Chelsea,Willian Borges da Silva,90.5,28.3,0.037310768,31.735469115801646,Off T,Right Foot,Free Kick
Chelsea,Ruben Loftus-Cheek,116.2,30.2,0.15152156,10.510946674776731,Saved,Right Foot,Open Play
Stoke City,Mame Biram Diouf,108.7,39.6,0.20756999,11.307077429645556,Goal,Head,Open Play
Chelsea,Abdul Rahman Baba,92.4,26.2,0.01985362,30.857738089497094,Saved,Left Foot,Open Play
Chelsea,Oscar dos Santos Emboaba Júnior,117.2,31.2,0.06637492,9.234717104492157,Off T,Head,Open Play
Stoke City,José Luis Sanmartín Mato,100.4,43.0,0.09217938,19.828262657126565,Blocked,Right Foot,Open Play
Stoke City,Bojan Krkíc Pérez,108.1,47.0,0.101031855,13.806158046321219,Saved,Right Foot,Open Play
Chelsea,Gary Cahill,108.2,39.7,0.054494128,11.803812943282349,Off T,Head,Open Play
Chelsea,Diego da Silva Costa,103.2,50.3,0.10165082,19.70609042910338,Off T,Right Foot,Open Play
West Bromwich Albion,James McClean,115.2,33.2,0.10881407,8.32346081867392,Off T,Head,Open Play
Chelsea,Willian Borges da Silva,101.5,53.3,0.050432004,22.784643951574047,Off T,Right Foot,Open Play
West Bromwich Albion,James McClean,94.6,29.4,0.016003065,27.523081222857304,Saved Off Target,Left Foot,Open Play
West Bromwich Albion,Darren Fletcher,112.4,49.4,0.10735058,12.088010589009256,Blocked,Right Foot,Open Play
West Bromwich Albion,Craig Gardner,100.3,20.8,0.010278003,27.50872588834314,Off T,Left Foot,Open Play
West Bromwich Albion,Craig Dawson,114.0,49.9,0.07363874,11.576268828944842,Saved,Head,Open Play
Chelsea,Willian Borges da Silva,100.8,55.4,0.027804805,24.613004692641653,Blocked,Right Foot,Open Play
Chelsea,César Azpilicueta Tanco,118.8,36.5,0.8422867,3.700000000000001,Goal,Right Foot,Open Play
Chelsea,Oscar dos Santos Emboaba Júnior,102.5,26.5,0.038550626,22.102036105300343,Off T,Right Foot,Open Play
West Bromwich Albion,James McClean,115.3,31.1,0.06517426,10.064790112068906,Saved,Head,Open Play
Chelsea,Diego da Silva Costa,110.8,49.6,0.12663023,13.296616110875732,Off T,Right Foot,Open Play
West Bromwich Albion,Craig Gardner,91.8,47.4,0.023793826,29.154759474226505,Goal,Right Foot,Open Play
Chelsea,Oscar dos Santos Emboaba Júnior,110.5,54.6,0.03545619,17.418668146560464,Blocked,Right Foot,Open Play
West Bromwich Albion,José Salomón Rondón Giménez,96.0,39.1,0.07419547,24.01686907155052,Off T,Left Foot,Open Play
West Bromwich Albion,James McClean,113.2,42.9,0.22078682,7.3925638313104844,Saved,Head,Open Play
Chelsea,Robert Kenedy Nunes do Nascimento,100.7,24.0,0.02672206,25.069702830308938,Blocked,Left Foot,Open Play
Chelsea,Willian Borges da Silva,95.5,32.5,0.06456426,25.622255950637914,Off T,Right Foot,Free Kick
Chelsea,Robert Kenedy Nunes do Nascimento,87.5,41.3,0.01854584,32.52598960831169,Saved Off Target,Left Foot,Open Play
Chelsea,Diego da Silva Costa,118.3,30.7,0.020501869,9.454099639838795,Blocked,Left Foot,Open Play
West Bromwich Albion,Saido Berahino,102.2,29.1,0.036714923,20.872230355187245,Blocked,Right Foot,Open Play
West Bromwich Albion,Saido Berahino,107.3,22.0,0.010754255,22.029298672449837,Blocked,Left Foot,Open Play
West Bromwich Albion,James McClean,116.1,29.8,0.050847236,10.92016483392078,Wayward,Left Foot,Open Play
Chelsea,Diego da Silva Costa,107.6,53.2,0.02825718,18.110770276274838,Saved,Right Foot,Open Play
Chelsea,Kurt Happy Zouma,87.5,39.0,0.019598508,32.515380975778214,Off T,Right Foot,Open Play
West Bromwich Albion,Saido Berahino,96.9,54.5,0.019279769,27.27379694871984,Saved,Right Foot,Open Play
Chelsea,Robert Kenedy Nunes do Nascimento,89.2,33.5,0.02470043,31.478405296329733,Off T,Left Foot,Open Play
West Bromwich Albion,James McClean,99.3,40.2,0.08459965,20.700966161027367,Goal,Right Foot,Open Play
Watford,Mario Suárez Mata,98.5,52.7,0.04059508,24.970782927253204,Off T,Left Foot,Open Play
Watford,Troy Deeney,107.8,34.1,0.03235587,13.551752654177246,Saved Off Target,Head,Open Play
Watford,Odion Jude Ighalo,105.9,54.1,0.035883583,19.940411229460636,Blocked,Right Foot,Open Play
Watford,Odion Jude Ighalo,108.6,48.0,0.094312474,13.926952286842951,Blocked,Left Foot,Open Play
Watford,Troy Deeney,113.4,44.2,0.11157905,7.823042886243175,Wayward,Head,Open Play
Watford,Odion Jude Ighalo,115.7,26.1,0.017759543,14.549914089093445,Saved,Right Foot,Open Play
Watford,Ben Watson,90.5,44.5,0.014675923,29.841246622753548,Post,Right Foot,Open Play
Aston Villa,Jordan Ayew,97.2,54.9,0.03071371,27.23692346796899,Off T,Right Foot,Open Play
Aston Villa,Ciaran Clark,112.3,36.9,0.066653654,8.300602387778856,Goal,Head,Open Play
Watford,Almen Abdi,97.8,44.4,0.037850235,22.631835983852486,Off T,Right Foot,Open Play
Watford,Troy Deeney,106.9,40.5,0.047201093,13.109538512091104,Off T,Head,Open Play
Aston Villa,Jordan Ayew,105.9,35.8,0.05979689,14.712239802287069,Post,Head,Open Play
Watford,Almen Abdi,93.4,33.1,0.058357608,27.480356620684525,Goal,Right Foot,Free Kick
Aston Villa,Jordan Ayew,95.6,41.5,0.07929963,24.446063077722766,Goal,Right Foot,Open Play
Aston Villa,Rudy Gestede,109.4,51.9,0.051945142,15.936436239009018,Off T,Right Foot,Open Play
Watford,José Manuel Jurado Marín,100.7,20.8,0.0074112667,27.223702907576698,Blocked,Right Foot,Open Play
Watford,Troy Deeney,113.2,41.0,0.099845156,6.87313611097583,Blocked,Head,Open Play
Aston Villa,Rudy Gestede,114.0,34.7,0.11488529,8.005623023850172,Off T,Head,Open Play
Aston Villa,Kevin Toner,109.3,34.7,0.057147205,11.940686747419516,Off T,Head,Open Play
Aston Villa,Rudy Gestede,105.1,43.3,0.15662207,15.261061562027727,Blocked,Right Foot,Open Play
Watford,Steven Berghuis,90.4,45.7,0.02363617,30.14382192091772,Saved,Left Foot,Open Play
Watford,Almen Abdi,98.7,34.0,0.08797087,22.128940327092028,Blocked,Right Foot,Free Kick
Watford,Almen Abdi,100.5,37.0,0.040409107,19.72941965694886,Blocked,Right Foot,Open Play
Watford,Steven Berghuis,98.0,53.9,0.025819257,26.023258827441268,Off T,Left Foot,Open Play
Watford,Troy Deeney,113.4,39.7,0.2626322,6.606814663663566,Goal,Head,Open Play
Watford,Troy Deeney,103.1,40.3,0.093346596,16.902662512160624,Goal,Right Foot,Open Play
Arsenal,Alex Oxlade-Chamberlain,108.3,40.6,0.11808057,11.715374513859985,Off T,Left Foot,Open Play
Arsenal,Mathieu Flamini,94.9,42.3,0.034217745,25.20515820224106,Blocked,Right Foot,Open Play
Newcastle United,Georginio Wijnaldum,104.5,43.7,0.07323259,15.935494971917253,Saved,Head,Open Play
Newcastle United,Jack Colback,109.2,29.9,0.10784427,14.786818454285559,Saved,Left Foot,Open Play
Newcastle United,Ayoze Pérez Gutiérrez,106.1,21.1,0.014111755,23.461031520374377,Off T,Right Foot,Open Play
Arsenal,Alex Oxlade-Chamberlain,83.5,32.3,0.0060537253,37.30335105590381,Off T,Right Foot,Open Play
Arsenal,Olivier Giroud,107.6,28.1,0.040021766,17.186331778480252,Blocked,Left Foot,Open Play
Arsenal,Olivier Giroud,112.3,38.5,0.07485625,7.844743462982078,Off T,Head,Open Play
Newcastle United,Aleksandar Mitrović,98.3,35.9,0.03137012,22.083930809527548,Blocked,Right Foot,Open Play
Newcastle United,Aleksandar Mitrović,111.4,34.9,0.10870157,9.998499887483119,Saved,Right Foot,Open Play
Newcastle United,Georginio Wijnaldum,114.0,50.0,0.13653234,11.661903789690601,Saved,Right Foot,Open Play
Newcastle United,Daryl Janmaat,92.2,43.4,0.01762923,28.00714194629648,Blocked,Left Foot,Open Play
Newcastle United,Georginio Wijnaldum,106.7,48.5,0.23067589,15.78416928444446,Saved,Right Foot,Open Play
Arsenal,Olivier Giroud,114.2,34.3,0.21500938,8.13203541556479,Wayward,Head,Open Play
Newcastle United,Aleksandar Mitrović,114.6,36.0,0.34735304,6.720119046564582,Off T,Other,Open Play
Arsenal,Aaron Ramsey,110.7,28.6,0.10793358,14.71223980228707,Saved,Right Foot,Open Play
Arsenal,Olivier Giroud,112.2,26.5,0.06811932,15.591343752223537,Off T,Left Foot,Open Play
Newcastle United,Fabricio Coloccini,95.9,29.9,0.028550785,26.130824709526483,Blocked,Right Foot,Open Play
Newcastle United,Chancel Mbemba Mangulu,110.5,39.7,0.12513591,9.504735661763561,Off T,Head,Open Play
Arsenal,Laurent Koscielny,109.1,41.8,0.03413762,11.047624178980751,Off T,Head,Open Play
Arsenal,Laurent Koscielny,117.0,36.6,0.53183204,4.5343136195018525,Goal,Right Foot,Open Play
Newcastle United,Jack Colback,96.3,36.2,0.027395612,24.00270818053663,Blocked,Left Foot,Open Play
Arsenal,Ignacio Monreal Eraso,99.5,41.7,0.044672597,20.57036703610317,Blocked,Right Foot,Open Play
Arsenal,Theo Walcott,108.5,44.9,0.16870451,12.500399993600205,Off T,Left Foot,Open Play
Newcastle United,Aleksandar Mitrović,111.4,35.5,0.10780702,9.70618359603814,Off T,Head,Open Play
Newcastle United,Georginio Wijnaldum,112.9,36.9,0.096178144,7.747257579298621,Off T,Head,Open Play
Arsenal,Aaron Ramsey,111.2,51.8,0.13016075,14.720054347725755,Saved,Right Foot,Open Play
Arsenal,Aaron Ramsey,111.4,31.9,0.23302968,11.813974775662928,Off T,Right Foot,Open Play
Arsenal,Mesut Özil,109.4,50.3,0.052807998,14.780054127099799,Off T,Left Foot,Open Play
Newcastle United,Siem Stefan de Jong,108.2,44.4,0.083434045,12.593649193144929,Saved,Right Foot,Open Play
Aston Villa,Ciaran Clark,85.4,21.0,0.0052642548,39.473535438316134,Off T,Left Foot,Open Play
Newcastle United,Papiss Demba Cissé,110.0,53.1,0.09574495,16.48059464946578,Wayward,Right Foot,Open Play
Newcastle United,Papiss Demba Cissé,109.8,29.7,0.09191287,14.495861478366853,Saved,Right Foot,Open Play
Newcastle United,Jack Colback,107.6,41.4,0.07555334,12.478781991845203,Off T,Left Foot,Open Play
Newcastle United,Aleksandar Mitrović,109.8,40.2,0.2841043,10.201960595885483,Off T,Right Foot,Open Play
Newcastle United,Georginio Wijnaldum,103.6,52.1,0.056754712,20.380628057054576,Saved,Right Foot,Open Play
Newcastle United,Aleksandar Mitrović,113.3,42.9,0.16650502,7.300684899377594,Off T,Head,Open Play
Newcastle United,Aleksandar Mitrović,113.5,37.4,0.09255293,7.000714249274855,Off T,Head,Open Play
Aston Villa,Alan Hutton,117.5,53.9,0.010216569,14.123030836190933,Off T,Right Foot,Open Play
Newcastle United,Georginio Wijnaldum,101.8,43.4,0.058538277,18.514858897652992,Blocked,Right Foot,Open Play
Newcastle United,Andros Townsend,95.8,54.8,0.043367866,28.366882098672743,Saved,Left Foot,Free Kick
Swansea City,Sung-Yeung Ki,89.4,39.4,0.015085396,30.605881787656433,Blocked,Right Foot,Open Play
Sunderland,Fabio Borini,109.4,25.1,0.061152127,18.285786830213237,Saved,Left Foot,Open Play
Sunderland,Jermain Defoe,114.8,38.2,0.5702413,5.502726596879044,Goal,Right Foot,Open Play
Swansea City,André Ayew Pelé,101.1,46.0,0.15865645,19.829523443592894,Off T,Left Foot,Open Play
Sunderland,Adam Johnson,109.5,41.1,0.30508184,10.557461816175326,Off T,Right Foot,Open Play
Swansea City,André Ayew Pelé,112.0,34.8,0.057744507,9.541488353501252,Off T,Head,Open Play
Swansea City,Gylfi Þór Sigurðsson,108.1,40.1,0.7835,11.900420160649796,Goal,Right Foot,Penalty
Swansea City,André Ayew Pelé,112.9,43.3,0.07977741,7.829431652425347,Wayward,Head,Open Play
Swansea City,Modou Barrow,95.1,49.3,0.029557714,26.58006772000403,Saved,Left Foot,Open Play
Swansea City,André Ayew Pelé,110.9,25.9,0.04778152,16.781537474260215,Goal,Left Foot,Open Play
Sunderland,Patrick van Aanholt,102.4,25.8,0.060125522,22.614154859291112,Blocked,Right Foot,Open Play
Swansea City,Gylfi Þór Sigurðsson,100.1,24.9,0.024440786,24.980392310770466,Blocked,Right Foot,Open Play
Sunderland,Jeremain Lens,117.9,49.0,0.08203302,9.241753080449618,Saved,Right Foot,Open Play
Sunderland,Jermain Defoe,103.9,53.7,0.1962314,21.14000946073582,Goal,Right Foot,Open Play
Swansea City,Gylfi Þór Sigurðsson,93.4,37.8,0.023868674,26.690822392725178,Blocked,Left Foot,Open Play
Swansea City,Neil Taylor,104.5,26.7,0.04156433,20.424005483743876,Off T,Left Foot,Open Play
Sunderland,Jermain Defoe,116.0,38.3,0.90750873,4.346262762420147,Goal,Right Foot,Open Play
Swansea City,Bafétimbi Gomis,94.7,51.5,0.03200255,27.79100573926751,Saved,Right Foot,Open Play
Aston Villa,Micah Richards,112.1,40.4,0.0852986,7.910120100226044,Wayward,Head,Open Play
Chelsea,Pedro Eliezer Rodríguez Ledesma,96.6,43.7,0.03780446,23.690715480964275,Off T,Right Foot,Open Play
Aston Villa,Rudy Gestede,93.3,21.8,0.00886553,32.3130004796831,Saved,Right Foot,Open Play
Aston Villa,Alan Hutton,91.8,52.0,0.01910268,30.647022693893124,Wayward,Right Foot,Open Play
Aston Villa,Jordan Ayew,99.8,26.2,0.037333004,24.46385088247556,Blocked,Right Foot,Open Play
Aston Villa,Joleon Lescott,106.2,32.0,0.022696165,15.951175505272328,Blocked,Head,Open Play
Aston Villa,Carlos Alberto Sánchez Moreno,92.7,30.1,0.014562625,29.039628096792146,Off T,Right Foot,Open Play
Chelsea,Ruben Loftus-Cheek,107.7,44.0,0.1239795,12.934063553268938,Goal,Right Foot,Open Play
Aston Villa,Carles Gil de Pareja Vicent,112.1,29.4,0.27286983,13.220060514233667,Saved,Left Foot,Open Play
Aston Villa,Jordan Ayew,98.3,28.5,0.06871695,24.558908770545976,Saved,Right Foot,Free Kick
Chelsea,Abdul Rahman Baba,113.4,27.3,0.10231979,14.312581877495056,Saved,Left Foot,Open Play
Aston Villa,Jordan Ayew,96.4,34.1,0.04906705,24.32632319114419,Blocked,Right Foot,Open Play
Aston Villa,Jordan Ayew,105.8,37.6,0.08637875,14.401388821915756,Off T,Right Foot,Open Play
Chelsea,Ruben Loftus-Cheek,101.6,33.3,0.07582413,19.581879378650054,Off T,Right Foot,Open Play
Chelsea,Alexandre Rodrigues da Silva,108.0,40.1,0.7835,12.000416659433121,Goal,Right Foot,Penalty
Chelsea,Pedro Eliezer Rodríguez Ledesma,111.3,33.9,0.1916607,10.625441167311598,Goal,Left Foot,Open Play
Chelsea,Oscar dos Santos Emboaba Júnior,103.8,25.1,0.05906998,22.010224896624752,Saved,Right Foot,Open Play
Aston Villa,Jordan Ayew,89.2,40.9,0.020560699,30.813146544940842,Saved,Right Foot,Open Play
Chelsea,Alexandre Rodrigues da Silva,101.4,28.3,0.07401829,21.97384809267598,Saved,Right Foot,Open Play
Chelsea,Pedro Eliezer Rodríguez Ledesma,117.4,47.8,0.5402729,8.22192191643778,Goal,Right Foot,Open Play
Aston Villa,Ashley Westwood,96.5,40.9,0.041788258,23.517227727774376,Blocked,Right Foot,Open Play
Aston Villa,Jordan Ayew,108.0,46.7,0.10008983,13.743725841270265,Blocked,Left Foot,Open Play
Aston Villa,Ashley Westwood,91.6,38.1,0.034477107,28.46348538039571,Off T,Right Foot,Open Play
Chelsea,Branislav Ivanović,89.1,25.5,0.008527353,34.13297525853849,Saved,Right Foot,Free Kick
Chelsea,Abdul Rahman Baba,106.7,45.7,0.14737196,14.469968901141424,Off T,Left Foot,Open Play
Aston Villa,Jack Grealish,112.4,29.6,0.10705608,12.88099375048369,Off T,Right Foot,Open Play
Tottenham Hotspur,Christian Dannemann Eriksen,94.3,53.2,0.023695307,28.891694308226374,Blocked,Right Foot,Open Play
Tottenham Hotspur,Christian Dannemann Eriksen,90.9,42.7,0.048151042,29.224989307098124,Blocked,Right Foot,Free Kick
Tottenham Hotspur,Harry Kane,111.9,52.8,0.06784538,15.147607071745682,Saved,Right Foot,Open Play
Tottenham Hotspur,Erik Lamela,104.4,31.5,0.06224912,17.765415840897163,Blocked,Head,Open Play
Tottenham Hotspur,Toby Alderweireld,113.8,47.2,0.04390057,9.501578816175765,Blocked,Head,Open Play
Tottenham Hotspur,Nacer Chadli,111.2,41.1,0.07650593,8.868483523128402,Blocked,Head,Open Play
Tottenham Hotspur,Erik Lamela,110.1,58.5,0.013367671,20.98237355496275,Blocked,Left Foot,Open Play
Tottenham Hotspur,Mousa Sidi Yaya Dembélé,107.1,46.8,0.07097535,14.58252378705415,Off T,Right Foot,Open Play
Tottenham Hotspur,Ben Davies,102.5,30.3,0.10011574,20.008498194517248,Blocked,Left Foot,Open Play
Tottenham Hotspur,Ben Davies,112.2,26.0,0.052077226,16.0262285020525,Saved,Left Foot,Open Play
Tottenham Hotspur,Nacer Chadli,113.7,47.1,0.11686501,9.492101980067428,Off T,Head,Open Play
Watford,Almen Abdi,97.2,64.1,0.015180976,33.17604557508323,Off T,Right Foot,Open Play
Tottenham Hotspur,Erik Lamela,105.2,60.2,0.0076306253,25.041565446273523,Saved,Left Foot,Open Play
Tottenham Hotspur,Harry Kane,112.4,43.8,0.13753642,8.497058314499194,Off T,Right Foot,Open Play
Tottenham Hotspur,Erik Lamela,115.9,52.7,0.025354078,13.345411196362592,Blocked,Left Foot,Open Play
Tottenham Hotspur,Eric Dier,90.1,49.7,0.020455351,31.434057962662095,Off T,Left Foot,Open Play
Tottenham Hotspur,Toby Alderweireld,106.7,38.3,0.072435185,13.408206442324788,Blocked,Left Foot,Open Play
Tottenham Hotspur,Mousa Sidi Yaya Dembélé,95.2,30.3,0.0297229,26.629494925739763,Blocked,Left Foot,Open Play
Tottenham Hotspur,Erik Lamela,107.9,22.0,0.0131970085,21.688937272259327,Saved,Left Foot,Open Play
Tottenham Hotspur,Kieran Trippier,116.3,45.2,0.63569576,6.382005954243544,Goal,Right Foot,Open Play
Tottenham Hotspur,Erik Lamela,108.4,53.0,0.094085954,17.422973339817744,Off T,Right Foot,Open Play
Tottenham Hotspur,Eric Dier,91.1,51.4,0.031470716,31.067185260335386,Blocked,Right Foot,Open Play
Tottenham Hotspur,Eric Dier,109.7,53.3,0.023176745,16.822009392459627,Blocked,Head,Open Play
Tottenham Hotspur,Kevin Wimmer,107.6,45.0,0.09628442,13.37011593068662,Wayward,Right Foot,Open Play
Tottenham Hotspur,Heung-Min Son,110.3,55.2,0.05933667,18.03136156811238,Saved,Right Foot,Open Play
Watford,Odion Jude Ighalo,101.4,30.5,0.026761059,20.885641000457703,Blocked,Left Foot,Open Play
Tottenham Hotspur,Christian Dannemann Eriksen,95.7,44.0,0.049578797,24.627017683836584,Blocked,Right Foot,Open Play
Tottenham Hotspur,Ben Davies,111.1,34.0,0.24178866,10.73359212938521,Saved,Left Foot,Open Play
Watford,Odion Jude Ighalo,106.3,43.6,0.052703496,14.165097952361645,Off T,Right Foot,Open Play
Manchester United,Anthony Martial,90.7,30.1,0.030650595,30.927334188384226,Saved,Right Foot,Open Play
West Bromwich Albion,Craig Dawson,114.1,40.4,0.18752408,5.913543776789013,Off T,Head,Open Play
West Bromwich Albion,Saido Berahino,103.6,41.5,0.081856795,16.46845469374708,Blocked,Right Foot,Open Play
West Bromwich Albion,Craig Dawson,93.1,53.8,0.035765097,30.23325983085516,Off T,Right Foot,Open Play
West Bromwich Albion,Saido Berahino,113.2,45.0,0.10672298,8.440379138403674,Blocked,Right Foot,Open Play
West Bromwich Albion,Stéphane Sessègnon,92.3,46.2,0.028734146,28.385383562671834,Saved,Right Foot,Open Play
Manchester United,Anthony Martial,106.3,33.8,0.13050734,15.037619492459573,Blocked,Right Foot,Open Play
West Bromwich Albion,Craig Gardner,103.2,58.6,0.012425728,25.063918289046505,Blocked,Left Foot,Open Play
Manchester United,Marcus Rashford,102.6,38.7,0.0688442,17.44849563716025,Blocked,Left Foot,Open Play
Manchester United,Jesse Lingard,98.7,19.1,0.010902795,29.841246622753545,Off T,Right Foot,Open Play
West Bromwich Albion,Stéphane Sessègnon,95.1,24.6,0.020669255,29.277465737320917,Blocked,Right Foot,Open Play
Manchester United,Ander Herrera Agüera,99.3,37.3,0.08229778,20.875344308537766,Blocked,Right Foot,Free Kick
Manchester United,Jesse Lingard,108.3,23.2,0.03670945,20.472664701987384,Blocked,Right Foot,Open Play
West Bromwich Albion,Saido Berahino,107.1,35.4,0.07210854,13.695619737711768,Off T,Right Foot,Open Play
West Bromwich Albion,José Salomón Rondón Giménez,108.7,42.5,0.1770564,11.573245007343443,Goal,Left Foot,Open Play
Manchester United,Timothy Evans Fosu-Mensah,92.2,45.3,0.01925383,28.30070670495703,Wayward,Right Foot,Open Play
West Bromwich Albion,Stéphane Sessègnon,95.3,43.4,0.03720144,24.932909978580522,Blocked,Right Foot,Open Play
Aston Villa,Jordan Ayew,96.1,45.0,0.07341714,24.41741182025647,Saved,Right Foot,Open Play
Aston Villa,Leandro Bacuna,93.7,30.9,0.02352739,27.82984010015149,Blocked,Left Foot,Open Play
Aston Villa,Jordan Ayew,103.7,25.3,0.01943056,21.94948746554233,Blocked,Right Foot,Open Play
West Bromwich Albion,Craig Gardner,110.4,30.0,0.06336194,13.862178760930762,Wayward,Head,Open Play
Aston Villa,Leandro Bacuna,98.8,58.1,0.014480302,27.875616585108933,Wayward,Left Foot,Open Play
Aston Villa,Libor Kozák,107.1,42.2,0.053335395,13.086252328302406,Blocked,Left Foot,Open Play
West Bromwich Albion,Craig Dawson,115.6,36.2,0.19248432,5.8137767414994554,Off T,Head,Open Play
West Bromwich Albion,Stéphane Sessègnon,91.3,50.4,0.022654466,30.526218239408564,Off T,Right Foot,Open Play
West Bromwich Albion,José Salomón Rondón Giménez,110.0,48.1,0.15298752,12.868954891520913,Off T,Right Foot,Open Play
Aston Villa,Ashley Westwood,86.0,41.2,0.020124162,34.02116987994387,Saved,Right Foot,Open Play
Aston Villa,Rudy Gestede,110.3,39.2,0.07222003,9.73293378175358,Off T,Head,Open Play
Aston Villa,Jordan Ayew,103.0,33.2,0.051818598,18.309560344257314,Blocked,Right Foot,Open Play
Aston Villa,Rudy Gestede,109.2,36.2,0.04709937,11.449017425089366,Off T,Head,Open Play
Aston Villa,Jordan Ayew,107.0,25.8,0.06892626,19.252012881774206,Blocked,Right Foot,Open Play
Aston Villa,Ashley Westwood,95.7,28.5,0.03552982,26.88382413273826,Saved,Right Foot,Open Play
Aston Villa,Micah Richards,109.0,41.8,0.043276917,11.146299834474219,Off T,Head,Open Play
Aston Villa,Leandro Bacuna,96.0,29.3,0.036055636,26.277176408434755,Wayward,Right Foot,Open Play
Aston Villa,Jordan Veretout,97.7,56.2,0.02177629,27.56320010448714,Blocked,Right Foot,Open Play
Aston Villa,Idrissa Gana Gueye,89.2,36.8,0.024015209,30.965787572739046,Off T,Right Foot,Open Play
Aston Villa,Leandro Bacuna,95.6,53.0,0.027823985,27.647061326658214,Off T,Right Foot,Open Play
West Ham United,Andy Carroll,113.1,40.8,0.3316474,6.946221994724907,Goal,Left Foot,Open Play
West Ham United,Dimitri Payet,103.8,35.5,0.12322736,16.81338752304247,Blocked,Right Foot,Open Play
Watford,José Manuel Jurado Marín,94.1,35.6,0.05152151,26.27108676853701,Saved,Right Foot,Open Play
West Ham United,Dimitri Payet,84.7,42.1,0.021065963,35.36240942017384,Saved,Right Foot,Free Kick
Watford,Craig Cathcart,98.1,34.3,0.034049794,22.62962659877534,Blocked,Right Foot,Open Play
West Ham United,Mark Noble,96.4,41.2,0.053539455,23.630488780387083,Blocked,Right Foot,Open Play
West Ham United,Andy Carroll,113.0,45.6,0.0794329,8.964373932405989,Off T,Head,Open Play
West Ham United,Dimitri Payet,95.2,40.9,0.043438505,24.816325271885034,Off T,Right Foot,Open Play
Watford,Nordin Amrabat,96.3,25.2,0.023890559,27.941546127585713,Saved,Right Foot,Open Play
West Ham United,Dimitri Payet,100.0,28.7,0.06195812,22.97150408658519,Off T,Right Foot,Open Play
West Ham United,Diafra Sakho,103.6,52.8,0.040584765,20.803845798313354,Saved,Right Foot,Open Play
West Ham United,Mark Noble,108.1,40.3,0.7835,11.90378091196239,Goal,Right Foot,Penalty
West Ham United,Manuel Lanzini,109.2,42.9,0.3669813,11.182575731914358,Off T,Right Foot,Open Play
West Ham United,Diafra Sakho,114.0,50.8,0.24116261,12.354756169184398,Wayward,Right Foot,Open Play
Watford,Almen Abdi,109.5,39.0,0.34636688,10.547511554864494,Off T,Right Foot,Open Play
West Ham United,Mark Noble,107.8,40.0,0.7835,12.200000000000003,Goal,Right Foot,Penalty
West Ham United,Cheikhou Kouyaté,103.0,35.3,0.09094699,17.63774361986249,Blocked,Right Foot,Open Play
Watford,Sebastian Prödl,108.2,39.3,0.07294059,11.820744477400734,Goal,Left Foot,Open Play
West Ham United,Winston Reid,102.6,39.0,0.07127398,17.42871194322748,Blocked,Left Foot,Open Play
West Ham United,Andy Carroll,104.5,39.5,0.020699916,15.508062419270823,Saved,Head,Open Play
Watford,Steven Berghuis,94.8,58.9,0.0092663625,31.500000000000004,Off T,Left Foot,Open Play
West Ham United,Victor Moses,103.9,47.9,0.24709813,17.933767033169573,Saved,Right Foot,Open Play
West Ham United,Manuel Lanzini,102.7,48.9,0.23387033,19.455076458343715,Off T,Right Foot,Open Play
West Ham United,Manuel Lanzini,97.8,38.7,0.043646313,22.238030488332374,Blocked,Right Foot,Open Play
Watford,Troy Deeney,108.4,40.2,0.7835,11.601724009818534,Saved,Right Foot,Penalty
Liverpool,Philippe Coutinho Correia,106.2,27.7,0.061071385,18.48594060360467,Blocked,Right Foot,Open Play
Tottenham Hotspur,Christian Dannemann Eriksen,102.8,45.8,0.09165921,18.151583952922678,Saved,Left Foot,Open Play
Liverpool,James Philip Milner,107.4,40.2,0.13996398,12.601587201618685,Blocked,Left Foot,Open Play
Liverpool,Philippe Coutinho Correia,99.2,37.8,0.057254776,20.916022566444127,Saved,Right Foot,Open Play
Tottenham Hotspur,Heung-Min Son,81.6,36.9,0.007861495,38.52492699538833,Blocked,Left Foot,Open Play
Tottenham Hotspur,Heung-Min Son,96.4,33.8,0.047304213,24.400819658363933,Blocked,Left Foot,Open Play
Tottenham Hotspur,Harry Kane,109.2,52.7,0.12947446,16.671232707871365,Off T,Right Foot,Open Play
Liverpool,Daniel Andre Sturridge,105.0,30.5,0.13927536,17.755280904564703,Saved,Left Foot,Open Play
Liverpool,Alberto Moreno Pérez,90.2,30.1,0.011919216,31.401433088316207,Blocked,Left Foot,Open Play
Liverpool,Adam David Lallana,101.7,37.0,0.052070353,18.544271352630705,Saved,Right Foot,Open Play
Tottenham Hotspur,Harry Kane,105.0,50.9,0.1637182,18.542114226808117,Blocked,Right Foot,Open Play
Liverpool,Adam David Lallana,114.2,44.6,0.16374137,7.402702209328698,Saved,Right Foot,Open Play
Tottenham Hotspur,Bamidele Alli,84.3,38.2,0.01768654,35.74534934785223,Saved,Right Foot,Open Play
Tottenham Hotspur,Bamidele Alli,113.3,38.5,0.2606968,6.865857557508751,Wayward,Head,Open Play
Tottenham Hotspur,Harry Kane,94.3,33.4,0.034866434,26.53394052906579,Blocked,Right Foot,Open Play
Liverpool,Philippe Coutinho Correia,103.4,37.0,0.1671873,16.86890630716763,Goal,Right Foot,Open Play
Tottenham Hotspur,Toby Alderweireld,111.7,43.0,0.07350449,8.825531145489203,Wayward,Head,Open Play
Tottenham Hotspur,Bamidele Alli,97.9,28.7,0.034932226,24.821361767638773,Blocked,Right Foot,Open Play
Liverpool,Daniel Andre Sturridge,113.0,42.7,0.1960939,7.502666192761079,Off T,Head,Open Play
Tottenham Hotspur,Heung-Min Son,113.9,43.4,0.3829734,6.983552104767309,Off T,Right Foot,Open Play
Tottenham Hotspur,Harry Kane,109.3,29.5,0.18191066,14.991330828182003,Goal,Right Foot,Open Play
Tottenham Hotspur,Christian Dannemann Eriksen,96.3,43.9,0.047212664,24.01874268149772,Saved,Right Foot,Open Play
Tottenham Hotspur,Toby Alderweireld,100.4,25.9,0.023109062,24.144771690782246,Off T,Left Foot,Open Play
Liverpool,Jordan Brian Henderson,96.7,47.6,0.024554579,24.508161905781506,Blocked,Right Foot,Open Play
Liverpool,Jordan Brian Henderson,106.2,51.8,0.042088374,18.157092278225605,Blocked,Right Foot,Open Play
Liverpool,Divock Okoth Origi,110.4,52.8,0.081990466,15.999999999999995,Saved,Right Foot,Open Play
Liverpool,Philippe Coutinho Correia,103.5,34.8,0.06616985,17.3,Off T,Right Foot,Open Play
Liverpool,Philippe Coutinho Correia,99.7,28.6,0.029979607,23.281967270830012,Blocked,Right Foot,Open Play
Liverpool,Jordan Brian Henderson,92.5,32.7,0.03270807,28.452416417590968,Saved,Right Foot,Open Play
Tottenham Hotspur,Eric Dier,92.6,46.9,0.041728318,28.255441953719295,Blocked,Right Foot,Open Play
Tottenham Hotspur,Christian Dannemann Eriksen,87.6,38.0,0.026732702,32.461669704437575,Off T,Right Foot,Free Kick
Tottenham Hotspur,Mousa Sidi Yaya Dembélé,96.7,28.0,0.027266596,26.208586379276543,Saved,Left Foot,Open Play
Tottenham Hotspur,Toby Alderweireld,113.7,47.0,0.097151525,9.417536832951596,Off T,Head,Open Play
Manchester United,Marouane Fellaini-Bakkioui,114.8,32.3,0.049276646,9.291393867445297,Blocked,Head,Open Play
Manchester United,Wayne Mark Rooney,108.0,39.9,0.7835,12.000416659433121,Goal,Right Foot,Penalty
Manchester United,Marouane Fellaini-Bakkioui,105.1,50.4,0.058287065,18.17058061813106,Blocked,Left Foot,Open Play
Manchester United,Wayne Mark Rooney,105.5,25.9,0.109250166,20.225231766286388,Off T,Left Foot,Open Play
Newcastle United,Georginio Wijnaldum,105.2,44.5,0.24690449,15.469001260585634,Saved,Right Foot,Open Play
Manchester United,Matteo Darmian,90.3,24.1,0.009048464,33.68827689271151,Off T,Right Foot,Open Play
Manchester United,Jesse Lingard,115.8,29.2,0.119397655,11.58792474949678,Goal,Right Foot,Open Play
Newcastle United,Fabricio Coloccini,89.8,38.0,0.020350127,30.26615271222955,Off T,Right Foot,Open Play
Newcastle United,Georginio Wijnaldum,105.1,36.0,0.1696432,15.427572718998935,Goal,Right Foot,Open Play
Manchester United,Anthony Martial,100.5,53.5,0.036291033,23.717082451262844,Blocked,Left Foot,Open Play
Manchester United,Chris Smalling,113.4,27.2,0.016627738,14.40138882191575,Off T,Head,Open Play
Newcastle United,Moussa Sissoko,113.1,29.7,0.3093117,12.397580409095966,Saved,Left Foot,Open Play
Newcastle United,Daryl Janmaat,82.1,39.3,0.0064167287,37.90646382874563,Off T,Right Foot,Open Play
Manchester United,Jesse Lingard,107.7,33.2,0.3885958,14.05453663412636,Off T,Right Foot,Open Play
Newcastle United,Georginio Wijnaldum,112.2,51.8,0.05352978,14.144963768069534,Blocked,Right Foot,Open Play
Newcastle United,Jack Colback,104.3,22.8,0.031295687,23.28797973204202,Off T,Left Foot,Open Play
Newcastle United,Aleksandar Mitrović,107.8,39.8,0.7835,12.201639234135717,Goal,Right Foot,Penalty
Newcastle United,Georginio Wijnaldum,106.4,45.9,0.13657023,14.82464164828276,Blocked,Right Foot,Open Play
Newcastle United,Aleksandar Mitrović,108.2,44.6,0.1483992,12.664912159190049,Blocked,Left Foot,Open Play
Newcastle United,Ayoze Pérez Gutiérrez,100.9,39.9,0.057190917,19.10026177831078,Blocked,Right Foot,Open Play
Newcastle United,Ayoze Pérez Gutiérrez,97.9,36.1,0.04074426,22.441479452121683,Saved,Right Foot,Open Play
Newcastle United,Aleksandar Mitrović,102.1,49.6,0.05727672,20.311819219360935,Off T,Left Foot,Open Play
Manchester United,Memphis Depay,97.9,35.8,0.0597662,22.495555116511344,Blocked,Right Foot,Open Play
Manchester United,Wayne Mark Rooney,99.4,43.9,0.07175032,20.9659247351506,Goal,Right Foot,Open Play
Manchester United,Marouane Fellaini-Bakkioui,111.1,45.1,0.1555629,10.257680049601865,Saved,Head,Open Play
Newcastle United,Paul Dummett,101.9,35.1,0.05196433,18.751533270642156,Goal,Left Foot,Open Play
Crystal Palace,Chung-Yong Lee,97.2,42.8,0.030273125,22.971286424577965,Off T,Right Foot,Open Play
AFC Bournemouth,Matt Ritchie,96.8,45.2,0.038489994,23.77561776274173,Blocked,Left Foot,Open Play
AFC Bournemouth,Benik Afobe,114.2,45.9,0.18870686,8.273451516749219,Wayward,Right Foot,Open Play
Crystal Palace,Scott Dann,115.9,41.1,0.6871853,4.24499705535822,Goal,Right Foot,Open Play
AFC Bournemouth,Marc Pugh,103.4,37.0,0.06262898,16.86890630716763,Goal,Right Foot,Open Play
AFC Bournemouth,Matt Ritchie,88.4,40.0,0.01581218,31.599999999999994,Blocked,Right Foot,Open Play
Crystal Palace,Wilfried Zaha,106.8,42.4,0.06436181,13.41640786499874,Off T,Left Foot,Open Play
Crystal Palace,James McArthur,95.3,43.9,0.041301034,25.00599928017275,Off T,Right Foot,Open Play
Crystal Palace,Pape N''Diaye Souaré,108.4,30.4,0.0949151,15.057224179774966,Off T,Left Foot,Open Play
Crystal Palace,Jason Puncheon,102.8,33.5,0.07265934,18.38722382525432,Blocked,Left Foot,Open Play
AFC Bournemouth,Harry Arter,100.8,25.7,0.052902445,23.94013366712893,Off T,Right Foot,Free Kick
Crystal Palace,Jason Puncheon,100.7,46.7,0.042615566,20.429880077964235,Blocked,Left Foot,Open Play
AFC Bournemouth,Matt Ritchie,104.1,38.5,0.110408984,15.970597985047403,Saved,Left Foot,Open Play
AFC Bournemouth,Benik Afobe,112.8,39.6,0.24660295,7.211102550927981,Goal,Head,Open Play
Crystal Palace,Chung-Yong Lee,102.9,40.3,0.06798618,17.102631376487064,Blocked,Right Foot,Open Play
Crystal Palace,Mile Jedinak,101.4,40.2,0.04684166,18.60107523773827,Off T,Right Foot,Open Play
AFC Bournemouth,Harry Arter,95.0,35.5,0.036109384,25.401771591761076,Saved,Left Foot,Open Play
Crystal Palace,Emmanuel Adebayor,111.7,46.0,0.05644485,10.241581909060727,Wayward,Head,Open Play
Crystal Palace,Jason Puncheon,94.5,47.5,0.019818308,26.580067720004024,Saved,Left Foot,Open Play
Crystal Palace,Marouane Chamakh,110.7,35.6,0.20863311,10.288342918079662,Saved,Right Foot,Open Play
Crystal Palace,Jason Puncheon,97.1,59.1,0.008998801,29.819792085123606,Saved,Left Foot,Open Play
Crystal Palace,Emmanuel Adebayor,113.3,47.6,0.10069718,10.131633629380804,Off T,Right Foot,Open Play
Chelsea,Gary Cahill,112.2,42.6,0.06914524,8.221921916437784,Off T,Head,Open Play
Tottenham Hotspur,Danny Rose,91.7,29.1,0.02878644,30.326556019436165,Off T,Left Foot,Open Play
Tottenham Hotspur,Christian Dannemann Eriksen,93.5,29.2,0.03566714,28.616254122438875,Blocked,Right Foot,Open Play
Chelsea,Francesc Fàbregas i Soler,113.9,49.3,0.042362936,11.12205017071942,Blocked,Right Foot,Open Play
Tottenham Hotspur,Heung-Min Son,115.2,24.7,0.01508619,16.035273617871322,Blocked,Left Foot,Open Play
Tottenham Hotspur,Christian Dannemann Eriksen,110.1,24.1,0.026383933,18.73018953454556,Off T,Right Foot,Open Play
Chelsea,Francesc Fàbregas i Soler,103.0,49.8,0.0861399,19.622436138257655,Off T,Right Foot,Open Play
Tottenham Hotspur,Heung-Min Son,99.3,37.0,0.092125736,20.916261616264034,Off T,Left Foot,Open Play
Tottenham Hotspur,Harry Kane,83.4,43.4,0.009294703,36.75758425141673,Off T,Right Foot,Free Kick
Chelsea,Diego da Silva Costa,98.7,29.3,0.045605212,23.836526592605725,Saved,Left Foot,Open Play
Tottenham Hotspur,Harry Kane,112.2,36.0,0.91247964,8.765842800324448,Goal,Left Foot,Open Play
Chelsea,Francesc Fàbregas i Soler,108.9,55.4,0.052599855,18.983413813115906,Off T,Right Foot,Open Play
Tottenham Hotspur,Erik Lamela,106.8,44.2,0.09001297,13.852075656738238,Blocked,Left Foot,Open Play
Tottenham Hotspur,Heung-Min Son,112.9,36.0,0.18228947,8.149233092751729,Blocked,Left Foot,Open Play
Chelsea,Willian Borges da Silva,102.9,50.8,0.05316229,20.2249845488198,Off T,Right Foot,Open Play
Tottenham Hotspur,Heung-Min Son,107.2,48.7,0.47059795,15.476756766196203,Goal,Right Foot,Open Play
Tottenham Hotspur,Harry Kane,108.4,35.9,0.035726555,12.303251602726812,Saved,Head,Open Play
Tottenham Hotspur,Harry Kane,109.4,22.7,0.018926624,20.289159667172022,Saved,Right Foot,Open Play
Chelsea,Eden Hazard,101.7,21.8,0.018449865,25.809494377069843,Saved,Right Foot,Open Play
Tottenham Hotspur,Heung-Min Son,101.0,34.4,0.047364485,19.808079159777204,Off T,Left Foot,Open Play
Chelsea,Gary Cahill,110.7,41.2,0.08820918,9.377099764852668,Goal,Left Foot,Open Play
Chelsea,Willian Borges da Silva,107.4,51.3,0.09917369,16.924833824885837,Saved,Left Foot,Open Play
Tottenham Hotspur,Harry Kane,96.6,52.3,0.04607704,26.43577122007225,Blocked,Right Foot,Open Play
Chelsea,Branislav Ivanović,105.7,40.2,0.047366593,14.301398533010676,Off T,Head,Open Play
Tottenham Hotspur,Ryan Mason,102.5,42.9,0.25060338,17.738658348364456,Saved,Right Foot,Open Play
Tottenham Hotspur,Christian Dannemann Eriksen,110.5,28.0,0.05953303,15.305227865013967,Blocked,Left Foot,Open Play
Chelsea,Eden Hazard,104.8,31.8,0.11886198,17.270784579746227,Goal,Right Foot,Open Play
Chelsea,Willian Borges da Silva,106.0,57.9,0.016742082,22.724656213021134,Blocked,Right Foot,Open Play
Chelsea,Eden Hazard,95.6,30.7,0.036918975,26.11225765804252,Blocked,Right Foot,Open Play
Manchester United,Juan Manuel Mata García,99.7,32.4,0.060820233,21.676023620581333,Blocked,Left Foot,Open Play
Manchester United,Marouane Fellaini-Bakkioui,109.7,42.7,0.049667645,10.64800450788785,Blocked,Head,Open Play
Manchester United,Wayne Mark Rooney,92.6,39.3,0.029971793,27.408940147331496,Saved,Right Foot,Open Play
Stoke City,Ibrahim Afellay,97.8,44.8,0.04733004,22.71299187689724,Blocked,Right Foot,Open Play
Manchester United,Juan Manuel Mata García,109.3,27.9,0.106588274,16.152399202595262,Off T,Left Foot,Open Play
Manchester United,Jesse Lingard,113.3,46.3,0.3898744,9.196738552334734,Goal,Head,Open Play
Manchester United,Anthony Martial,111.6,28.5,0.1362944,14.241137595009752,Off T,Right Foot,Open Play
Stoke City,Glen Johnson,106.4,40.9,0.14477822,13.629746879527875,Blocked,Right Foot,Open Play
Manchester United,Anthony Martial,93.9,30.2,0.029411294,27.879203718901294,Saved,Right Foot,Open Play
Manchester United,Anthony Martial,103.8,27.9,0.06795269,20.220039564748635,Goal,Right Foot,Open Play
Stoke City,Marko Arnautović,93.2,28.4,0.026718842,29.202739597510366,Off T,Right Foot,Open Play
Stoke City,Ibrahim Afellay,98.6,41.3,0.041349653,21.43944961980135,Off T,Left Foot,Open Play
Stoke City,Ibrahim Afellay,91.1,35.0,0.023639344,29.329336848964047,Blocked,Left Foot,Open Play
Stoke City,Jonathan Walters,109.9,40.4,0.1974958,10.107917688624097,Off T,Left Foot,Open Play
Manchester United,Anthony Martial,107.6,27.5,0.051452864,17.607100840286005,Blocked,Right Foot,Open Play
Manchester United,Juan Manuel Mata García,106.2,36.2,0.16181633,14.313629868066307,Blocked,Left Foot,Open Play
Manchester United,Juan Manuel Mata García,113.3,41.9,0.34389693,6.964194138592061,Off T,Head,Open Play
Manchester United,Juan Manuel Mata García,105.0,42.9,0.09859024,15.277761616153068,Blocked,Left Foot,Open Play
Stoke City,Erik Pieters,99.3,22.0,0.018048937,27.43155117743071,Blocked,Left Foot,Open Play
Stoke City,Marko Arnautović,98.8,39.4,0.07194416,21.20848886648929,Off T,Right Foot,Open Play
Manchester United,Wayne Mark Rooney,114.7,43.0,0.844787,6.0901559914340435,Goal,Right Foot,Open Play
Manchester United,Anthony Martial,106.2,25.5,0.07443627,20.01724256734678,Off T,Left Foot,Open Play
Stoke City,Phil Bardsley,87.9,48.6,0.020397937,33.23206283094686,Off T,Right Foot,Open Play
Stoke City,Glen Johnson,92.7,50.3,0.02491505,29.178416680827624,Blocked,Left Foot,Open Play
Manchester United,Wayne Mark Rooney,95.8,22.9,0.014938502,29.631908477180477,Off T,Right Foot,Open Play
Sunderland,Fabio Borini,96.2,23.4,0.015170088,29.017236257093817,Blocked,Right Foot,Open Play
Manchester City,Sergio Leonel Agüero del Castillo,93.2,50.7,0.014980661,28.857061527466723,Off T,Right Foot,Open Play
Manchester City,Jesús Navas González,103.9,61.3,0.008881683,26.700187265260887,Blocked,Right Foot,Open Play
Manchester City,Sergio Leonel Agüero del Castillo,110.8,35.2,0.3931965,10.376897416858279,Goal,Right Foot,Open Play
Manchester City,Sergio Leonel Agüero del Castillo,100.4,30.3,0.034240603,21.868927728629032,Blocked,Right Foot,Open Play
Manchester City,Fernando Luiz Rosa,111.2,40.6,0.0696508,8.820430828479976,Off T,Head,Open Play
Sunderland,Lamine Koné,110.1,40.1,0.099754065,9.900505037623088,Off T,Head,Open Play
Sunderland,Jan Kirchhoff,103.6,34.8,0.071382575,17.20465053408526,Wayward,Right Foot,Open Play
Manchester City,Gnégnéri Yaya Touré,107.5,23.2,0.021324355,20.940152817016404,Off T,Left Foot,Open Play
Sunderland,Jermain Defoe,109.0,46.9,0.39822468,12.984991336154213,Saved,Left Foot,Open Play
Sunderland,Billy Jones,119.1,46.5,0.17652962,6.5620118866091675,Post,Right Foot,Open Play
Manchester City,Sergio Leonel Agüero del Castillo,101.4,27.5,0.04043981,22.41004239174928,Saved,Right Foot,Open Play
Sunderland,Lee Cattermole,100.1,32.1,0.03892851,21.410744966021156,Off T,Left Foot,Open Play
Sunderland,Billy Jones,98.5,54.0,0.03634674,25.656383221335,Saved,Right Foot,Open Play
Sunderland,John O''Shea,109.1,48.1,0.09473919,13.580132547217652,Off T,Left Foot,Open Play
Sunderland,Wahbi Khazri,94.4,25.9,0.039189298,29.226186887789513,Blocked,Right Foot,Free Kick
Sunderland,Dame N''Doye,109.0,43.9,0.10026697,11.670903992407785,Blocked,Right Foot,Open Play
Sunderland,Yann Gérard M''Vila,95.8,55.3,0.026853444,28.63092733391638,Off T,Right Foot,Open Play
Sunderland,Jan Kirchhoff,115.1,46.5,0.08830925,8.140024569987492,Blocked,Head,Open Play
Sunderland,Wahbi Khazri,94.5,22.7,0.0080411825,30.814606925936925,Blocked,Right Foot,Open Play
Sunderland,Jermain Defoe,108.9,38.5,0.06242784,11.200892821556677,Off T,Right Foot,Open Play
Newcastle United,Aleksandar Mitrović,111.0,42.4,0.23483832,9.314504817756013,Off T,Right Foot,Open Play
Sunderland,Jack Rodwell,112.1,37.3,0.08327385,8.348652585896726,Saved,Head,Open Play
Sunderland,Lamine Koné,107.4,40.5,0.030241445,12.609916732476858,Off T,Head,Open Play
Newcastle United,Moussa Sissoko,117.4,34.2,0.2077493,6.356099432828276,Wayward,Left Foot,Open Play
Newcastle United,Jonjo Shelvey,94.6,42.1,0.02615481,25.48666317900404,Off T,Left Foot,Open Play
Sunderland,Jermain Defoe,110.5,45.2,0.088924214,10.830050784737809,Off T,Right Foot,Open Play
Newcastle United,Andros Townsend,96.6,45.6,0.056886513,24.060756430336937,Saved,Left Foot,Open Play
Sunderland,Wahbi Khazri,107.1,57.0,0.0404197,21.34033739189707,Off T,Right Foot,Open Play
Newcastle United,Jonjo Shelvey,99.4,42.0,0.09733806,20.696859665176255,Off T,Right Foot,Free Kick
Sunderland,Wahbi Khazri,86.5,34.0,0.023834497,34.03307215048327,Off T,Right Foot,Free Kick
Newcastle United,Chancel Mbemba Mangulu,92.7,53.8,0.023575447,30.589704150252906,Off T,Right Foot,Open Play
Sunderland,Jack Rodwell,93.0,34.8,0.02770899,27.49618155308115,Off T,Right Foot,Open Play
Sunderland,Fabio Borini,98.5,54.4,0.024505181,25.876823607235874,Saved,Right Foot,Open Play
Sunderland,Jermain Defoe,112.0,31.2,0.07493959,11.892854997854805,Goal,Left Foot,Open Play
Newcastle United,Aleksandar Mitrović,114.4,39.4,0.12238222,5.632051136131484,Wayward,Head,Open Play
Newcastle United,Ayoze Pérez Gutiérrez,115.6,32.4,0.18736552,8.781799360040063,Blocked,Right Foot,Open Play
Newcastle United,Aleksandar Mitrović,111.2,33.7,0.09701248,10.822661410207745,Saved,Head,Open Play
Newcastle United,Moussa Sissoko,108.5,29.1,0.064560555,15.844872987815332,Saved,Right Foot,Open Play
Sunderland,Jermain Defoe,94.2,46.9,0.028132673,26.70674072214728,Saved,Right Foot,Open Play
Sunderland,Wahbi Khazri,100.3,17.0,0.007908403,30.283493853913225,Blocked,Right Foot,Open Play
Sunderland,Patrick van Aanholt,111.1,26.5,0.076117136,16.16972479666862,Saved,Left Foot,Open Play
Sunderland,Fabio Borini,93.1,45.9,0.028145762,27.539426283058265,Off T,Left Foot,Open Play
Newcastle United,Ayoze Pérez Gutiérrez,105.1,30.3,0.05829379,17.779201331893404,Saved,Right Foot,Open Play
Newcastle United,Ayoze Pérez Gutiérrez,94.2,46.5,0.03448347,26.606202284429845,Off T,Right Foot,Open Play
Newcastle United,Andros Townsend,93.2,44.1,0.025313828,27.11180554666177,Blocked,Left Foot,Open Play
Newcastle United,Jonjo Shelvey,95.7,47.6,0.034250807,25.460754112948027,Saved,Right Foot,Open Play
Newcastle United,Ayoze Pérez Gutiérrez,111.1,30.1,0.06517367,13.312400234367958,Blocked,Left Foot,Open Play
Newcastle United,Aleksandar Mitrović,116.6,35.4,0.12761821,5.720139858430041,Goal,Head,Open Play
Newcastle United,Jonjo Shelvey,92.6,35.7,0.024955885,27.735356496717333,Saved,Right Foot,Open Play
Southampton,Steven Davis,102.3,35.1,0.071675315,18.365728953678918,Blocked,Right Foot,Open Play
Southampton,Shane Long,113.6,40.2,0.17767367,6.403124237432854,Off T,Head,Open Play
Southampton,Victor Wanyama,88.9,47.0,0.022086846,31.87804887379401,Off T,Right Foot,Open Play
Norwich City,Jonathan Howson,108.4,45.4,0.16523652,12.795311641378644,Off T,Right Foot,Open Play
Southampton,James Ward-Prowse,103.2,34.8,0.05907975,17.586358349584483,Saved,Left Foot,Open Play
Southampton,Ryan Bertrand,109.3,27.7,0.09277706,16.302760502442528,Wayward,Left Foot,Open Play
Norwich City,Dieumerci Mbokani Bezua,115.4,42.8,0.40049216,5.3851648071344975,Off T,Right Foot,Open Play
Southampton,Shane Long,108.5,46.1,0.23289625,13.017680284904834,Saved,Right Foot,Open Play
Southampton,Shane Long,114.1,34.5,0.093409024,8.065977932030316,Saved,Head,Open Play
Southampton,Virgil van Dijk,113.1,36.9,0.10112871,7.564390259630983,Off T,Head,Open Play
Norwich City,Wes Hoolahan,101.5,52.4,0.06523988,22.271281956816047,Off T,Left Foot,Open Play
Southampton,Jordy Clasie,90.6,42.1,0.025713993,29.474904579998224,Saved,Right Foot,Open Play
Norwich City,Dieumerci Mbokani Bezua,111.2,44.3,0.22357321,9.794386147176347,Off T,Right Foot,Open Play
Norwich City,Alexander Banor Tettey,98.3,49.2,0.053405173,23.569683918118212,Off T,Left Foot,Open Play
Norwich City,Russell Martin,104.8,44.8,0.05237629,15.93988707613702,Off T,Head,Open Play
Southampton,Dušan Tadić,115.8,29.4,0.11083083,11.401754250991383,Off T,Left Foot,Open Play
Norwich City,Robert Brady,89.5,35.0,0.041556902,30.907118921051183,Blocked,Left Foot,Free Kick
Norwich City,Wes Hoolahan,103.9,41.1,0.07229644,16.13753388842297,Blocked,Left Foot,Open Play
Norwich City,Alexander Banor Tettey,100.1,52.7,0.032674767,23.60720229082642,Blocked,Right Foot,Open Play
Norwich City,Alexander Banor Tettey,104.6,49.2,0.062409725,17.93878479719293,Goal,Left Foot,Open Play
Watford,Odion Jude Ighalo,101.8,54.1,0.04314679,23.022814771439226,Blocked,Right Foot,Open Play
Watford,Troy Deeney,92.0,39.9,0.025931323,28.000178570859152,Blocked,Right Foot,Open Play
Chelsea,Diego da Silva Costa,111.5,54.4,0.0381375,16.72154299100415,Blocked,Right Foot,Open Play
Watford,Odion Jude Ighalo,110.0,31.6,0.025133481,13.059862173851606,Blocked,Head,Open Play
Watford,José Holebas,113.4,36.0,0.12995231,7.71751255262989,Blocked,Left Foot,Open Play
Watford,José Holebas,87.5,37.8,0.020054657,32.574376433018635,Blocked,Left Foot,Open Play
Watford,Odion Jude Ighalo,112.0,25.6,0.026152626,16.4730082255792,Blocked,Left Foot,Open Play
Watford,Odion Jude Ighalo,114.2,42.4,0.3498223,6.276941930590083,Blocked,Head,Open Play
Watford,Odion Jude Ighalo,112.7,56.0,0.01369427,17.586642658563346,Blocked,Right Foot,Open Play
Watford,Sebastian Prödl,111.4,39.9,0.07165191,8.600581375697804,Saved,Head,Open Play
Watford,Odion Jude Ighalo,96.2,34.5,0.047876537,24.427238894316318,Saved,Right Foot,Open Play
Watford,Etienne Capoue,106.7,55.6,0.045821752,20.5,Saved,Right Foot,Open Play
Chelsea,Diego da Silva Costa,105.7,31.2,0.10302533,16.79077127472112,Blocked,Left Foot,Open Play
Chelsea,Oscar dos Santos Emboaba Júnior,104.3,45.6,0.06135227,16.66883319251831,Blocked,Left Foot,Open Play
Chelsea,César Azpilicueta Tanco,103.3,26.1,0.049055338,21.727862297059968,Off T,Right Foot,Open Play
Chelsea,Diego da Silva Costa,105.0,45.4,0.022918748,15.942396306703706,Blocked,Head,Open Play
Chelsea,Oscar dos Santos Emboaba Júnior,108.8,28.7,0.060298115,15.910059710761619,Blocked,Right Foot,Open Play
Chelsea,John Michael Nchekwube Obinna,92.2,48.1,0.024964321,28.956001105124994,Saved,Right Foot,Open Play
Watford,Troy Deeney,97.1,43.6,0.03715658,23.181242417092324,Off T,Right Foot,Open Play
Watford,José Holebas,112.3,27.1,0.06463652,15.023315213360865,Off T,Left Foot,Open Play
Chelsea,Oscar dos Santos Emboaba Júnior,115.0,35.5,0.13253178,6.726812023536855,Off T,Left Foot,Open Play
Chelsea,Nemanja Matić,90.5,40.3,0.016115844,29.501525384291572,Saved,Left Foot,Open Play
Chelsea,Oscar dos Santos Emboaba Júnior,95.7,26.4,0.048011012,27.846902879853623,Saved,Right Foot,Open Play
Chelsea,Branislav Ivanović,111.6,47.9,0.10468454,11.531261856362471,Saved,Right Foot,Open Play
Chelsea,Diego da Silva Costa,117.2,45.4,0.15292062,6.082762530298218,Off T,Right Foot,Open Play
Chelsea,Diego da Silva Costa,114.2,38.1,0.12535617,6.103277807866848,Saved,Head,Open Play
Sunderland,Wahbi Khazri,94.3,28.7,0.050912518,28.074543629416315,Blocked,Right Foot,Free Kick
Chelsea,Willian Borges da Silva,103.4,29.1,0.09552713,19.858751219550534,Saved,Left Foot,Open Play
Chelsea,Diego da Silva Costa,115.9,27.4,0.03839151,13.25028301584536,Goal,Right Foot,Open Play
Sunderland,Yann Gérard M''Vila,97.4,28.0,0.036204148,25.588278566562458,Off T,Right Foot,Open Play
Sunderland,DeAndre Yedlin,115.4,42.1,0.32549846,5.056678751908208,Saved,Head,Open Play
Sunderland,Jan Kirchhoff,96.9,44.5,0.03191988,23.53423038894622,Blocked,Right Foot,Open Play
Chelsea,César Azpilicueta Tanco,119.2,31.4,0.0109990435,8.637129152675675,Saved,Right Foot,Open Play
Sunderland,Wahbi Khazri,97.7,25.7,0.017063359,26.491130591199763,Goal,Right Foot,Open Play
Chelsea,Nemanja Matić,109.0,30.1,0.3811723,14.798986451781081,Goal,Left Foot,Open Play
Sunderland,Jan Kirchhoff,99.0,34.7,0.03546486,21.65848563496534,Blocked,Right Foot,Open Play
Chelsea,Diego da Silva Costa,102.7,38.7,0.22323398,17.348775172904855,Saved,Right Foot,Open Play
Sunderland,Jermain Defoe,109.5,26.9,0.039608028,16.78868666691948,Blocked,Left Foot,Open Play
Sunderland,Jan Kirchhoff,113.7,42.6,0.11245559,6.815423684555492,Blocked,Head,Open Play
Sunderland,Jermain Defoe,100.2,42.3,0.047458444,19.933138237618277,Blocked,Right Foot,Open Play
Chelsea,Diego da Silva Costa,110.6,47.4,0.24890009,11.963277142990549,Saved,Right Foot,Open Play
Sunderland,Lee Cattermole,99.1,40.8,0.038729813,20.91530540059122,Off T,Right Foot,Open Play
Sunderland,Fabio Borini,102.6,44.6,0.061302997,17.997777640586637,Goal,Right Foot,Open Play
Sunderland,Jermain Defoe,107.3,38.7,0.14492244,12.766362050325851,Goal,Right Foot,Open Play
Chelsea,Willian Borges da Silva,98.0,50.7,0.06919585,24.464055264816583,Saved,Right Foot,Free Kick
Sunderland,Wahbi Khazri,85.2,41.1,0.015567877,34.81738071710736,Blocked,Right Foot,Open Play
Chelsea,Francesc Fàbregas i Soler,98.0,33.1,0.08155282,23.05666931714119,Blocked,Right Foot,Free Kick
Sunderland,Fabio Borini,79.9,31.6,0.009185514,40.97035513636658,Off T,Right Foot,Open Play
Chelsea,Bertrand Isidore Traoré,105.1,19.2,0.009481587,25.586129054626458,Saved,Left Foot,Open Play
West Ham United,Enner Remberto Valencia Lastra,107.1,36.9,0.08605482,13.267252918370108,Goal,Right Foot,Open Play
Manchester City,Jesús Navas González,103.9,36.9,0.14586715,16.395731151735802,Blocked,Left Foot,Open Play
Manchester City,Sergio Leonel Agüero del Castillo,107.6,21.3,0.017461095,22.437691503361037,Post,Left Foot,Open Play
Manchester City,Sergio Leonel Agüero del Castillo,107.8,39.9,0.7835,12.200409829181972,Goal,Right Foot,Penalty
West Ham United,Dimitri Payet,94.8,51.0,0.048395347,27.49618155308115,Saved,Right Foot,Free Kick
West Ham United,Dimitri Payet,110.6,33.6,0.07290446,11.371895180663603,Off T,Left Foot,Open Play
Manchester City,Gnégnéri Yaya Touré,90.4,32.6,0.04166678,30.510981629570683,Blocked,Right Foot,Free Kick
West Ham United,Michail Antonio,113.8,34.2,0.079159304,8.48999411071645,Off T,Head,Open Play
Manchester City,Fabian Delph,102.6,26.4,0.042208534,22.084383622822717,Blocked,Left Foot,Open Play
West Ham United,Enner Remberto Valencia Lastra,112.8,45.0,0.36093926,8.765842800324451,Goal,Right Foot,Open Play
Manchester City,Gaël Clichy,96.1,24.3,0.025010196,28.595454184188092,Blocked,Right Foot,Open Play
Manchester City,Fabian Delph,95.0,62.1,0.007098075,33.36779884859054,Blocked,Left Foot,Open Play
Manchester City,Kevin De Bruyne,111.7,54.3,0.038725145,16.534206966165623,Blocked,Right Foot,Open Play
West Ham United,Alexandre Dimitri Song-Billong,89.7,27.2,0.018737582,32.892704358261575,Off T,Right Foot,Open Play
Manchester City,Sergio Leonel Agüero del Castillo,112.1,47.4,0.041039992,10.824509226750193,Off T,Head,Open Play
West Ham United,Aaron Cresswell,94.5,19.3,0.0076717236,32.84417756619885,Blocked,Left Foot,Open Play
Manchester City,Kelechi Promise Iheanacho,104.4,25.8,0.041784544,21.09502310972898,Blocked,Left Foot,Open Play
Manchester City,Sergio Leonel Agüero del Castillo,110.3,41.0,0.32676256,9.751410154434078,Goal,Right Foot,Open Play
Manchester City,Sergio Leonel Agüero del Castillo,93.3,41.5,0.033837594,26.742101637679866,Blocked,Right Foot,Open Play
Manchester City,Kelechi Promise Iheanacho,99.9,43.8,0.05325469,20.45605044968358,Blocked,Left Foot,Open Play
Manchester City,Sergio Leonel Agüero del Castillo,103.1,50.1,0.026504701,19.688067452139638,Blocked,Right Foot,Open Play
Manchester City,Gnégnéri Yaya Touré,96.0,41.0,0.046501007,24.020824298928627,Blocked,Left Foot,Open Play
West Ham United,Nikica Jelavić,103.7,48.1,0.0453736,18.201648277010516,Blocked,Right Foot,Open Play
West Ham United,Nikica Jelavić,112.9,44.8,0.12144816,8.570297544426325,Wayward,Head,Open Play
Manchester City,Sergio Leonel Agüero del Castillo,105.7,44.0,0.14863701,14.8489056835849,Saved,Right Foot,Open Play
West Ham United,Cheikhou Kouyaté,111.6,40.4,0.073706396,8.409518416651462,Post,Head,Open Play
Arsenal,Joel Nathaniel Campbell Samuels,105.6,38.5,0.076220475,14.47791421441639,Wayward,Left Foot,Open Play
Chelsea,Oscar dos Santos Emboaba Júnior,108.1,20.6,0.009226768,22.758954281776656,Saved Off Target,Right Foot,Open Play
Arsenal,Mathieu Flamini,106.3,41.2,0.22434199,13.752454326410254,Wayward,Left Foot,Open Play
Chelsea,Willian Borges da Silva,107.4,54.2,0.050313246,18.984203960134856,Wayward,Right Foot,Open Play
Chelsea,Willian Borges da Silva,110.5,46.1,0.36865327,11.289818421923357,Saved,Right Foot,Open Play
Arsenal,Olivier Giroud,84.8,37.9,0.015232528,35.262586405424095,Off T,Left Foot,Open Play
Chelsea,Diego da Silva Costa,115.1,44.2,0.3190296,6.453681120105027,Goal,Right Foot,Open Play
Chelsea,Diego da Silva Costa,114.8,28.8,0.053487133,12.348279232346506,Off T,Other,Open Play
Chelsea,Francesc Fàbregas i Soler,106.2,52.7,0.06257833,18.754466134763742,Blocked,Right Foot,Open Play
Arsenal,Aaron Ramsey,96.6,39.9,0.05180748,23.40021367423811,Off T,Left Foot,Open Play
Chelsea,Diego da Silva Costa,115.0,55.3,0.015737303,16.096272860510282,Saved,Right Foot,Open Play
Chelsea,Branislav Ivanović,110.9,43.2,0.05821065,9.646242791885342,Blocked,Head,Open Play
Arsenal,Mathieu Flamini,112.1,38.2,0.31701577,8.102468759581864,Off T,Right Foot,Open Play
Chelsea,Oscar dos Santos Emboaba Júnior,96.4,35.2,0.037010502,24.083189157584584,Blocked,Right Foot,Open Play
Chelsea,Nemanja Matić,112.7,33.0,0.08388899,10.11385188738692,Blocked,Head,Open Play
Arsenal,Aaron Ramsey,110.7,46.6,0.108234584,11.403946685248926,Wayward,Left Foot,Open Play
Arsenal,Gabriel Armando de Abreu,109.2,39.8,0.10731833,10.801851693112619,Blocked,Right Foot,Open Play
Chelsea,Francesc Fàbregas i Soler,98.7,26.1,0.031133158,25.434228905158495,Saved,Right Foot,Open Play
Arsenal,Alex Oxlade-Chamberlain,109.5,49.5,0.11275692,14.159802258506296,Wayward,Right Foot,Open Play
Arsenal,Mathieu Flamini,110.7,44.6,0.078440376,10.375451797391763,Saved,Right Foot,Open Play
Arsenal,Ignacio Monreal Eraso,107.6,29.3,0.057240505,16.378339354159202,Off T,Left Foot,Open Play
Chelsea,Willian Borges da Silva,106.6,53.6,0.09384467,19.092406867652915,Off T,Right Foot,Open Play
Crystal Palace,Wilfried Zaha,94.1,37.6,0.029732846,26.010959228755873,Off T,Right Foot,Open Play
Chelsea,Eden Hazard,95.0,24.5,0.021401914,29.415132160165456,Blocked,Right Foot,Open Play
Crystal Palace,Damien Delaney,107.7,37.6,0.0415045,12.53195914452325,Wayward,Head,Open Play
Chelsea,Pedro Eliezer Rodríguez Ledesma,101.2,34.4,0.049008705,19.616319736382763,Blocked,Right Foot,Open Play
Crystal Palace,Damien Delaney,112.1,38.2,0.20799649,8.102468759581864,Saved,Head,Open Play
Crystal Palace,Fraizer Campbell,115.9,48.9,0.15595387,9.798979538707075,Off T,Right Foot,Open Play
Chelsea,Oscar dos Santos Emboaba Júnior,112.0,43.2,0.79629594,8.616263691415208,Goal,Right Foot,Open Play
Chelsea,César Azpilicueta Tanco,111.6,27.9,0.12683803,14.729901561110317,Saved,Left Foot,Open Play
Crystal Palace,Jason Puncheon,94.8,49.6,0.019935863,26.966646065093084,Wayward,Left Foot,Open Play
Chelsea,Kurt Happy Zouma,117.7,33.2,0.10731557,7.178439941937241,Off T,Head,Open Play
Crystal Palace,Wilfried Zaha,111.8,32.4,0.32925263,11.18033988749895,Saved,Left Foot,Open Play
Chelsea,Willian Borges da Silva,97.9,50.9,0.052154515,24.641834347304577,Goal,Right Foot,Open Play
Crystal Palace,Jason Puncheon,100.0,31.1,0.06408868,21.890865674979597,Blocked,Left Foot,Open Play
Chelsea,Diego da Silva Costa,117.3,36.1,0.59007293,4.743416490252569,Goal,Left Foot,Open Play
Chelsea,Pedro Eliezer Rodríguez Ledesma,102.0,28.1,0.028515691,21.577998053572994,Blocked,Left Foot,Open Play
Chelsea,Oscar dos Santos Emboaba Júnior,103.3,35.5,0.05223161,17.295664196555162,Blocked,Left Foot,Open Play
Chelsea,Diego da Silva Costa,111.8,28.3,0.05252979,14.287407042567242,Off T,Left Foot,Open Play
Crystal Palace,Jason Puncheon,100.0,43.4,0.07110421,20.286941612771503,Saved,Left Foot,Open Play
Chelsea,Ruben Loftus-Cheek,104.2,53.0,0.055100728,20.4606940253746,Saved,Right Foot,Open Play
Chelsea,Oscar dos Santos Emboaba Júnior,109.4,53.2,0.07862088,16.929264603047585,Off T,Right Foot,Open Play
Swansea City,Gylfi Þór Sigurðsson,102.2,27.6,0.055790994,21.69331694324314,Saved,Right Foot,Open Play
Swansea City,Àngel Rangel Zaragoza,112.4,49.5,0.21283117,12.165936051122408,Wayward,Right Foot,Open Play
Swansea City,Gylfi Þór Sigurðsson,104.2,42.3,0.09281303,15.966527487215243,Goal,Left Foot,Open Play
Swansea City,André Ayew Pelé,97.5,62.0,0.021076236,31.468237955119125,Saved,Left Foot,Open Play
Swansea City,Leroy Fer,113.3,43.4,0.10811831,7.513321502504736,Saved,Head,Open Play
Chelsea,Oscar dos Santos Emboaba Júnior,108.8,40.0,0.08798185,11.200000000000003,Blocked,Right Foot,Open Play
Chelsea,Alexandre Rodrigues da Silva,108.7,44.2,0.3087356,12.055289295574783,Off T,Left Foot,Open Play
Chelsea,Ruben Loftus-Cheek,103.2,31.8,0.04514919,18.694384183492108,Blocked,Left Foot,Open Play
Swansea City,Jefferson Antonio Montero Vite,99.9,22.1,0.020566568,26.915051551130265,Blocked,Right Foot,Open Play
Swansea City,Alberto Paloschi,108.7,38.1,0.44620198,11.45862120850497,Saved,Right Foot,Open Play
Chelsea,Alexandre Rodrigues da Silva,114.0,37.7,0.7413832,6.425729530566937,Off T,Left Foot,Open Play
Swansea City,Jack Frank Porteous Cork,93.5,43.1,0.024187028,26.680704638371154,Saved,Right Foot,Open Play
Swansea City,Gylfi Þór Sigurðsson,106.8,51.9,0.06616141,17.77216925420192,Blocked,Right Foot,Open Play
Swansea City,André Ayew Pelé,98.3,57.2,0.016712436,27.68988985171303,Off T,Left Foot,Open Play
Chelsea,Ruben Loftus-Cheek,101.5,49.2,0.08522699,20.66131651178114,Blocked,Right Foot,Open Play
Swansea City,Jefferson Antonio Montero Vite,116.5,36.5,0.6625675,4.949747468305833,Off T,Head,Open Play
Chelsea,Francesc Fàbregas i Soler,110.7,41.0,0.07150805,9.353608929178082,Wayward,Head,Open Play
Chelsea,Radamel Falcao García Zárate,109.4,32.6,0.18347721,12.927490088953844,Saved,Left Foot,Open Play
Swansea City,Kyle Naughton,102.3,44.2,0.09869986,18.191481522954643,Blocked,Right Foot,Open Play
Arsenal,Alexis Alejandro Sánchez Sánchez,111.9,43.3,0.15311605,8.746427842267945,Saved,Head,Open Play
Arsenal,Alexis Alejandro Sánchez Sánchez,113.4,41.9,0.56967413,6.868041933477104,Goal,Left Foot,Open Play
Arsenal,Ignacio Monreal Eraso,111.1,37.2,0.12286518,9.330058949438643,Off T,Head,Open Play
Arsenal,Daniel Nii Tackie Mensah Welbeck,104.1,37.5,0.12224021,16.095340940781597,Blocked,Right Foot,Open Play
Arsenal,Alex Iwobi,108.6,19.5,0.008466813,23.456555586871662,Saved,Right Foot,Open Play
Arsenal,Daniel Nii Tackie Mensah Welbeck,107.2,46.3,0.06218635,14.266394078392755,Blocked,Right Foot,Open Play
Watford,Troy Deeney,107.9,40.2,0.040719368,12.10165277968261,Saved,Head,Open Play
Arsenal,Francis Joseph Coquelin,98.0,45.7,0.053671256,22.726416347501864,Blocked,Right Foot,Open Play
Arsenal,Mohamed Naser Elsayed Elneny,93.6,41.3,0.04110797,26.431988196123275,Blocked,Right Foot,Open Play
Arsenal,Alexis Alejandro Sánchez Sánchez,90.3,30.0,0.03407944,31.338315206788003,Saved,Right Foot,Free Kick
Arsenal,Alex Iwobi,106.2,41.1,0.21695717,13.843771162512038,Goal,Right Foot,Open Play
Arsenal,Alex Iwobi,96.1,25.2,0.02293044,28.1113855937412,Saved,Right Foot,Open Play
Arsenal,Héctor Bellerín Moruno,105.0,52.6,0.041441783,19.58979326077741,Goal,Left Foot,Open Play
Arsenal,Alex Iwobi,108.1,51.4,0.1076039,16.479381056338255,Post,Left Foot,Open Play
Arsenal,Mesut Özil,112.7,29.3,0.07762865,12.952991932368365,Off T,Left Foot,Open Play
Arsenal,Mesut Özil,112.7,49.2,0.28137258,11.744360348695029,Saved,Left Foot,Open Play
Arsenal,Alexis Alejandro Sánchez Sánchez,93.3,47.1,0.030818332,27.627884464793897,Saved,Right Foot,Open Play
Arsenal,Daniel Nii Tackie Mensah Welbeck,109.5,46.4,0.08188587,12.296747537458838,Saved,Head,Open Play
Watford,Nordin Amrabat,112.8,60.8,0.008285273,22.010906387516165,Wayward,Right Foot,Open Play
Watford,Sebastian Prödl,110.7,38.7,0.05869598,9.390420650854782,Blocked,Head,Open Play
Watford,Nathan Aké,106.5,30.9,0.1130031,16.280663377147754,Off T,Left Foot,Open Play
Watford,Troy Deeney,105.9,36.2,0.1997703,14.603081866510227,Saved,Right Foot,Open Play
Arsenal,Olivier Giroud,111.8,41.5,0.06907528,8.336066218546975,Saved,Head,Open Play
Watford,Adlène Guédioura,82.2,40.8,0.005222929,37.80846466070792,Blocked,Right Foot,Open Play
Watford,Adlène Guédioura,91.3,16.9,0.006360267,36.84155262743415,Off T,Right Foot,Open Play
Arsenal,Theo Walcott,115.1,37.5,0.47959393,5.5009090157900316,Goal,Left Foot,Open Play
Southampton,Cédric Ricardo Alves Soares,110.0,47.3,0.04087645,12.381033882515627,Saved,Head,Open Play
Southampton,Maya Yoshida,113.7,42.1,0.35114786,6.640783086353594,Goal,Right Foot,Open Play
Southampton,Graziano Pellè,110.4,35.8,0.0657513,10.478549517943785,Off T,Head,Open Play
West Ham United,Victor Moses,91.0,40.3,0.028402155,29.001551682625536,Blocked,Right Foot,Open Play
West Ham United,Enner Remberto Valencia Lastra,93.7,20.4,0.007430841,32.80015243867016,Blocked,Right Foot,Open Play
Southampton,Graziano Pellè,111.9,37.9,0.114703745,8.367795408588808,Blocked,Right Foot,Open Play
Southampton,Jordy Clasie,96.2,46.4,0.02481689,24.645486402179202,Blocked,Right Foot,Open Play
West Ham United,Winston Reid,114.2,34.4,0.109840356,8.06225774829855,Saved,Head,Open Play
West Ham United,Alexandre Dimitri Song-Billong,103.1,52.7,0.038778752,21.140009460735826,Blocked,Right Foot,Open Play
West Ham United,Winston Reid,114.8,34.6,0.11245446,7.496665925596526,Off T,Head,Open Play
West Ham United,Winston Reid,100.5,52.0,0.037425194,22.89650628371062,Blocked,Right Foot,Open Play
West Ham United,Enner Remberto Valencia Lastra,97.8,56.1,0.020873604,27.423530042647684,Blocked,Right Foot,Open Play
West Ham United,Enner Remberto Valencia Lastra,109.8,57.2,0.012074648,19.99699977496625,Saved,Right Foot,Open Play
West Ham United,Aaron Cresswell,89.6,32.4,0.010600553,31.335602754694225,Blocked,Left Foot,Open Play
Southampton,Shane Long,103.6,32.9,0.07911578,17.870926109186403,Off T,Left Foot,Open Play
West Ham United,Mark Noble,95.5,27.2,0.025327496,27.64217791708895,Blocked,Right Foot,Open Play
West Ham United,Alexandre Dimitri Song-Billong,103.1,29.6,0.052747175,19.843638779215876,Off T,Right Foot,Open Play
West Ham United,Emmanuel Emenike,110.4,44.6,0.09063692,10.645186705737007,Off T,Head,Open Play
West Ham United,Enner Remberto Valencia Lastra,103.7,49.4,0.06454698,18.81621641032011,Blocked,Left Foot,Open Play
Southampton,Charlie Austin,106.1,27.3,0.04117355,18.828170383762732,Blocked,Right Foot,Open Play
West Ham United,Alexandre Dimitri Song-Billong,98.2,28.7,0.033383284,24.554632964066066,Off T,Right Foot,Open Play
West Ham United,Andy Carroll,102.4,32.0,0.047931332,19.33287355775131,Blocked,Left Foot,Open Play
West Ham United,Enner Remberto Valencia Lastra,105.8,59.1,0.009317731,23.800210083106414,Off T,Right Foot,Open Play
Southampton,Charlie Austin,104.8,48.9,0.09442684,17.61391495380854,Off T,Right Foot,Open Play
West Ham United,Enner Remberto Valencia Lastra,84.3,48.1,0.009680789,36.607376305875846,Off T,Right Foot,Free Kick
West Ham United,Emmanuel Emenike,113.9,33.8,0.07990617,8.697700845625812,Blocked,Right Foot,Open Play
West Ham United,James Collins,109.8,38.5,0.08566589,10.309704166463753,Blocked,Left Foot,Open Play
Watford,Odion Jude Ighalo,106.6,55.5,0.0662026,20.48926548219824,Saved,Right Foot,Open Play
Watford,Odion Jude Ighalo,109.6,44.4,0.22488426,11.292475370794488,Off T,Right Foot,Open Play
AFC Bournemouth,Harry Arter,92.4,37.9,0.01841889,27.679776010654415,Off T,Left Foot,Open Play
Watford,Nordin Amrabat,99.4,39.2,0.040872205,20.615528128088297,Blocked,Right Foot,Open Play
Watford,Etienne Capoue,98.9,45.7,0.047674134,21.85634919193962,Blocked,Right Foot,Open Play
Watford,Troy Deeney,94.3,23.9,0.018244756,30.32655601943617,Off T,Right Foot,Open Play
AFC Bournemouth,Joshua King,110.2,48.9,0.09962684,13.238202294873725,Blocked,Right Foot,Open Play
AFC Bournemouth,Joshua King,110.9,42.8,0.1421105,9.521029356114804,Off T,Right Foot,Open Play
Watford,Juan Carlos Paredes Reasco,97.0,52.0,0.030148849,25.942243542145693,Blocked,Right Foot,Open Play
AFC Bournemouth,Max-Alain Gradel,110.9,32.5,0.3079405,11.792370414806342,Off T,Right Foot,Open Play
AFC Bournemouth,Andrew Surman,95.8,40.3,0.029061284,24.20185943269649,Blocked,Left Foot,Open Play
AFC Bournemouth,Harry Arter,92.5,42.4,0.027989497,27.604528613979266,Saved,Left Foot,Open Play
Watford,Troy Deeney,109.5,24.8,0.036996637,18.47403583411053,Blocked,Right Foot,Open Play
Watford,Mario Suárez Mata,95.8,40.2,0.029758055,24.200826432169627,Blocked,Right Foot,Open Play
Watford,Odion Jude Ighalo,110.0,41.1,0.15163416,10.060318086422516,Off T,Head,Open Play
Watford,Troy Deeney,98.3,38.2,0.053235866,21.77452640127909,Off T,Right Foot,Open Play
AFC Bournemouth,Matt Ritchie,107.6,48.5,0.14018102,15.033628969746465,Off T,Left Foot,Open Play
Watford,Nathan Aké,96.4,24.0,0.016914438,28.512453419514774,Off T,Left Foot,Open Play
Watford,Miguel Ángel Britos Cabrera,106.3,38.6,0.09189994,13.771347065556082,Off T,Left Foot,Open Play
Watford,Odion Jude Ighalo,107.4,30.5,0.08100211,15.780050697003475,Off T,Right Foot,Open Play
AFC Bournemouth,Max-Alain Gradel,113.3,41.8,0.1840887,6.937578828380981,Saved,Head,Open Play
AFC Bournemouth,Harry Arter,99.0,29.7,0.052657448,23.389955108977873,Off T,Left Foot,Open Play
AFC Bournemouth,Matt Ritchie,101.5,57.8,0.016740747,25.672748197261622,Blocked,Left Foot,Open Play
AFC Bournemouth,Charlie Daniels,101.9,23.0,0.028507885,24.831633051412464,Off T,Left Foot,Open Play
AFC Bournemouth,Max-Alain Gradel,107.8,30.1,0.10917222,15.711460785044784,Saved,Right Foot,Open Play
Watford,Valon Behrami,94.2,41.5,0.019907001,25.843567865138123,Wayward,Right Foot,Open Play
West Bromwich Albion,Jonathan Grant Evans,113.6,34.0,0.08352018,8.772684879784528,Blocked,Head,Open Play
Stoke City,Geoff Cameron,104.1,44.8,0.058050454,16.608732642799694,Blocked,Right Foot,Open Play
Stoke City,Geoff Cameron,101.1,42.5,0.06368944,19.064626930522408,Blocked,Right Foot,Open Play
West Bromwich Albion,Jonathan Grant Evans,112.7,46.4,0.05391568,9.708243919473796,Off T,Head,Open Play
West Bromwich Albion,Gareth McAuley,114.1,45.8,0.09227142,8.273451516749224,Wayward,Head,Open Play
West Bromwich Albion,Jonathan Grant Evans,118.2,35.5,0.49459335,4.846648326421052,Off T,Right Foot,Open Play
Stoke City,Glen Johnson,101.8,53.5,0.035987433,22.660317738284256,Saved,Left Foot,Open Play
West Bromwich Albion,Craig Gardner,90.8,40.6,0.033888478,29.20616373302047,Saved,Left Foot,Open Play
Stoke City,Glen Johnson,99.8,43.9,0.06380092,20.573040611440987,Blocked,Left Foot,Open Play
Stoke City,Marko Arnautović,105.8,50.6,0.05958804,17.720045146669353,Saved,Right Foot,Open Play
Stoke City,Geoff Cameron,116.1,31.9,0.05329547,8.989994438263022,Blocked,Head,Open Play
Stoke City,Bojan Krkíc Pérez,114.9,30.7,0.041114587,10.60660171779821,Blocked,Head,Open Play
Stoke City,Bojan Krkíc Pérez,114.9,29.1,0.04346852,12.034118164618457,Blocked,Head,Open Play
West Bromwich Albion,Darren Fletcher,105.7,45.3,0.10957192,15.250573759698351,Off T,Right Foot,Open Play
West Bromwich Albion,Craig Dawson,111.5,54.8,0.031350903,17.06722004311188,Blocked,Right Foot,Open Play
Stoke City,Xherdan Shaqiri,108.7,45.2,0.10435352,12.439051410778877,Saved Off Target,Left Foot,Open Play
West Bromwich Albion,Craig Gardner,101.8,34.4,0.07019022,19.042058712229625,Off T,Right Foot,Open Play
West Bromwich Albion,Stéphane Sessègnon,107.5,49.0,0.21722603,15.402921800749363,Goal,Right Foot,Open Play
West Bromwich Albion,Darren Fletcher,100.7,34.5,0.052084148,20.068383093812013,Off T,Left Foot,Open Play
West Bromwich Albion,James Morrison,104.1,55.6,0.05231701,22.274873737015888,Saved,Right Foot,Open Play
Stoke City,Jonathan Walters,114.1,39.0,0.31058064,5.984145720150877,Goal,Head,Open Play
Stoke City,Glen Johnson,105.1,62.1,0.007119794,26.6537051833324,Saved,Right Foot,Open Play
West Bromwich Albion,James Morrison,103.9,24.8,0.03275679,22.141589825484523,Blocked,Left Foot,Open Play
West Bromwich Albion,Craig Gardner,103.8,35.4,0.052923054,16.84042754801671,Saved,Right Foot,Open Play
West Bromwich Albion,James Morrison,99.4,35.7,0.07506272,21.044001520623393,Blocked,Right Foot,Open Play
West Bromwich Albion,James Morrison,100.9,35.4,0.09454489,19.646119209655627,Blocked,Right Foot,Open Play
West Bromwich Albion,Darren Fletcher,99.0,46.3,0.04472577,21.924643668712154,Blocked,Right Foot,Open Play
West Bromwich Albion,Craig Dawson,112.7,33.7,0.11547858,9.642613753542134,Blocked,Right Foot,Open Play
West Bromwich Albion,Jonathan Grant Evans,117.1,41.5,0.8256115,3.2649655434629063,Goal,Right Foot,Open Play
Everton,Romelu Lukaku Menama,107.6,26.2,0.05038649,18.552627846210903,Saved,Left Foot,Open Play
Everton,Tom Davies,97.7,37.3,0.042697757,22.46285823309224,Blocked,Right Foot,Open Play
Norwich City,Nathan Redmond,92.7,23.5,0.0076696994,31.89890280244761,Off T,Right Foot,Open Play
Everton,Romelu Lukaku Menama,104.0,45.2,0.12884632,16.823792675850473,Saved,Left Foot,Open Play
Everton,Romelu Lukaku Menama,101.8,40.2,0.06533055,18.201098867925534,Saved,Left Foot,Open Play
Norwich City,Cameron Jerome,110.5,51.9,0.035387944,15.226949793047849,Blocked,Right Foot,Open Play
Norwich City,Cameron Jerome,111.5,32.3,0.06518501,11.469088891450795,Saved,Head,Open Play
Everton,James McCarthy,96.3,45.9,0.061176844,24.42334948363963,Goal,Right Foot,Open Play
Everton,Romelu Lukaku Menama,111.2,38.1,0.101116054,9.002777349240619,Off T,Head,Open Play
Everton,Romelu Lukaku Menama,111.5,44.0,0.05732565,9.394147114027968,Saved,Head,Open Play
Everton,Kevin Mirallas,106.3,28.9,0.18724473,17.632356620712958,Off T,Left Foot,Open Play
Norwich City,Nathan Redmond,103.9,24.6,0.037663817,22.27936264797536,Off T,Right Foot,Open Play
Norwich City,Russell Martin,112.0,32.7,0.044698164,10.830050784737805,Wayward,Head,Open Play
Norwich City,Steven Naismith,106.1,45.1,0.08375206,14.80607983228512,Blocked,Right Foot,Open Play
Norwich City,Matt Jarvis,101.5,36.3,0.18445635,18.866372200293302,Off T,Right Foot,Open Play
Everton,Leighton Baines,101.4,59.3,0.011185396,26.803917624108603,Blocked,Left Foot,Free Kick
Everton,Leighton Baines,108.2,40.2,0.7835,11.80169479354554,Goal,Left Foot,Penalty
Everton,Kevin Mirallas,113.8,37.3,0.60571593,6.762396025078688,Goal,Right Foot,Open Play
Everton,Leighton Baines,85.4,35.7,0.018255247,34.86617271797981,Off T,Left Foot,Free Kick
Norwich City,Graham Dorrans,99.8,52.0,0.03415547,23.49553149005147,Wayward,Right Foot,Open Play
Norwich City,Robert Brady,113.3,24.7,0.01564188,16.702694393420483,Saved,Left Foot,Open Play
Norwich City,Cameron Jerome,115.5,32.4,0.10404172,8.832326986700618,Off T,Head,Open Play
Everton,Ross Barkley,107.2,24.3,0.047837157,20.25660386145713,Saved,Left Foot,Open Play
Norwich City,Sébastien Aymar Bassong Nguena,114.6,38.9,0.13034444,5.510898293381948,Off T,Head,Open Play
Everton,Jonjoe Kenny,103.2,47.7,0.063103065,18.48053029542172,Blocked,Left Foot,Open Play
Everton,Aaron Lennon,102.5,30.2,0.046663508,20.057168294652165,Off T,Right Foot,Open Play
Manchester City,Gnégnéri Yaya Touré,95.9,47.1,0.02257977,25.124092023394592,Wayward,Right Foot,Open Play
Manchester City,Jesús Navas González,105.9,40.8,0.08424889,14.122676800097063,Off T,Left Foot,Open Play
Manchester City,Jesús Navas González,110.1,54.0,0.044140965,17.14671980292441,Saved,Right Foot,Open Play
Manchester City,Fernando Luiz Rosa,111.9,44.0,0.065707,9.033825324855464,Off T,Head,Open Play
Manchester United,Marcus Rashford,108.7,28.7,0.26931372,15.980613254815973,Goal,Left Foot,Open Play
Manchester United,Anthony Martial,96.7,43.5,0.045097586,23.56140912594151,Saved,Right Foot,Open Play
Manchester City,Martín Gastón Demichelis,113.7,41.4,0.12022707,6.453681120105018,Off T,Head,Open Play
Manchester City,Gnégnéri Yaya Touré,95.1,46.2,0.033836402,25.660280590827536,Off T,Left Foot,Open Play
Manchester City,Bacary Sagna,110.9,46.0,0.053815547,10.899999999999995,Saved,Head,Open Play
Manchester City,Jesús Navas González,107.8,55.2,0.04588057,19.490510511528427,Blocked,Left Foot,Open Play
Manchester City,Gnégnéri Yaya Touré,113.4,35.3,0.38220653,8.102468759581857,Off T,Right Foot,Open Play
Manchester United,Faustino Marcos Alberto Rojo,112.4,24.4,0.021412278,17.352809570787088,Saved,Left Foot,Open Play
Manchester City,Wilfried Guemiand Bony,111.6,42.5,0.069301285,8.764131445842201,Saved,Head,Open Play
Manchester United,Anthony Martial,101.0,24.7,0.028205248,24.39446658568291,Saved,Right Foot,Open Play
Manchester United,Marcus Rashford,113.1,47.9,0.15997799,10.489041900955494,Blocked,Right Foot,Open Play
Manchester City,Sergio Leonel Agüero del Castillo,111.0,56.3,0.014817936,18.61961331499663,Off T,Right Foot,Open Play
Manchester City,Wilfried Guemiand Bony,98.7,46.7,0.044255886,22.32890503361058,Blocked,Right Foot,Open Play
Manchester City,Wilfried Guemiand Bony,112.2,43.6,0.26289362,8.59069263796581,Blocked,Right Foot,Open Play
Manchester City,Sergio Leonel Agüero del Castillo,113.3,45.6,0.08004024,8.732124598286493,Post,Head,Open Play
Manchester City,Gaël Clichy,93.5,27.3,0.024332387,29.38605111273034,Off T,Right Foot,Open Play
Manchester City,Sergio Leonel Agüero del Castillo,94.8,34.7,0.032410532,25.751310646256435,Off T,Right Foot,Open Play
Manchester City,Wilfried Guemiand Bony,111.0,45.9,0.11185388,10.761505470890212,Blocked,Right Foot,Open Play
Manchester City,Wilfried Guemiand Bony,108.2,44.2,0.046409123,12.525174649480938,Wayward,Head,Open Play
Manchester City,Wilfried Guemiand Bony,104.8,46.7,0.052539274,16.61114083980989,Wayward,Right Foot,Open Play
Manchester City,Fernando Francisco Reges,103.6,43.6,0.043850023,16.790473489452292,Blocked,Right Foot,Open Play
Manchester City,Jesús Navas González,102.6,52.6,0.056422383,21.483016547961792,Off T,Right Foot,Open Play
Manchester City,Fernando Francisco Reges,109.4,48.0,0.045233965,13.280060240827218,Off T,Head,Open Play
Manchester City,Fernando Luiz Rosa,110.8,43.4,0.056295935,9.808159868191385,Off T,Head,Open Play
Manchester City,Sergio Leonel Agüero del Castillo,109.0,30.5,0.13466811,14.534441853748634,Off T,Right Foot,Open Play
Manchester City,Wilfried Guemiand Bony,105.1,44.3,0.037408944,15.508062419270827,Blocked,Head,Open Play
Everton,Ross Barkley,92.0,41.4,0.026728615,28.0349781523011,Blocked,Right Foot,Open Play
Chelsea,Willian Borges da Silva,110.7,55.4,0.090220414,17.99027515075853,Saved,Right Foot,Open Play
Everton,Ross Barkley,108.6,27.2,0.07801951,17.140595088852667,Blocked,Right Foot,Open Play
Everton,Bryan Oviedo,103.2,45.4,0.1645674,17.646529403823287,Off T,Left Foot,Open Play
Everton,Romelu Lukaku Menama,90.9,45.5,0.03545347,29.61519880061587,Off T,Left Foot,Open Play
Everton,Kevin Mirallas,92.1,42.4,0.034895267,28.003035549739966,Saved,Right Foot,Open Play
Everton,Ross Barkley,109.1,26.3,0.1405582,17.507141400011598,Post,Left Foot,Open Play
Everton,Kevin Mirallas,104.7,40.5,0.083534926,15.30816775450282,Goal,Left Foot,Open Play
Chelsea,Francesc Fàbregas i Soler,111.1,28.0,0.042289052,14.940214188558345,Saved,Right Foot,Open Play
Chelsea,Pedro Eliezer Rodríguez Ledesma,109.7,52.2,0.044059724,15.966527487215247,Blocked,Right Foot,Open Play
Chelsea,Diego da Silva Costa,112.7,43.2,0.07198381,7.970570870395669,Wayward,Head,Open Play
Chelsea,Diego da Silva Costa,114.2,38.3,0.96180505,6.044005294504628,Goal,Right Foot,Open Play
Chelsea,Oscar dos Santos Emboaba Júnior,91.3,43.8,0.040324233,28.950474952926076,Saved,Right Foot,Open Play
Chelsea,Francesc Fàbregas i Soler,102.9,32.3,0.08033515,18.753666308218236,Goal,Right Foot,Open Play
Chelsea,Diego da Silva Costa,113.7,38.0,0.4791968,6.6098411478642936,Wayward,Left Foot,Open Play
Everton,Kevin Mirallas,102.1,41.9,0.28990528,18.000555546982437,Saved,Right Foot,Open Play
Chelsea,Willian Borges da Silva,96.6,55.6,0.022353426,28.12329994861912,Blocked,Right Foot,Open Play
Chelsea,John Michael Nchekwube Obinna,87.3,45.7,0.016757205,33.19307156621695,Blocked,Right Foot,Open Play
Everton,José Ramiro Funes Mori,118.7,36.2,0.49261448,4.016217125604637,Goal,Right Foot,Open Play
Chelsea,Francesc Fàbregas i Soler,98.9,24.3,0.020330604,26.300190113381305,Saved,Right Foot,Open Play
Chelsea,Robert Kenedy Nunes do Nascimento,95.0,33.7,0.029476432,25.781582573612503,Saved,Right Foot,Open Play
Chelsea,Willian Borges da Silva,94.9,31.7,0.022147518,26.436716891475005,Blocked,Right Foot,Open Play
Chelsea,John Terry,112.1,42.7,0.24733208,8.348652585896726,Goal,Right Foot,Open Play
Everton,José Ramiro Funes Mori,107.5,40.3,0.03483892,12.503599481749246,Blocked,Head,Open Play
Everton,Romelu Lukaku Menama,108.2,40.1,0.7835,11.800423721205943,Goal,Left Foot,Penalty
Everton,Séamus Coleman,111.6,36.7,0.07867015,9.0249653738948,Goal,Head,Open Play
Stoke City,Mame Biram Diouf,111.8,39.0,0.09529089,8.260750571225357,Off T,Head,Open Play
Stoke City,Gilbert Gianelli Imbula Wanga,86.9,29.3,0.0076286322,34.78649163109151,Off T,Left Foot,Open Play
Everton,Aaron Lennon,102.4,41.1,0.37268126,17.63434149606953,Goal,Right Foot,Open Play
Stoke City,Marko Arnautović,111.9,31.2,0.10765379,11.96035116541316,Saved,Left Foot,Open Play
Stoke City,Mame Biram Diouf,109.7,52.1,0.05014124,15.890248582070702,Saved Off Target,Right Foot,Open Play
Stoke City,Xherdan Shaqiri,88.8,40.6,0.023775827,31.205768697470027,Off T,Left Foot,Open Play
Stoke City,Ibrahim Afellay,104.7,54.6,0.03281751,21.1482859825566,Blocked,Left Foot,Open Play
Everton,Ross Barkley,112.0,27.5,0.13773611,14.84082207965583,Off T,Left Foot,Open Play
Everton,Romelu Lukaku Menama,114.0,39.0,0.14455047,6.082762530298219,Saved to Post,Head,Open Play
Everton,Romelu Lukaku Menama,111.6,36.7,0.15616558,9.0249653738948,Blocked,Left Foot,Open Play
Everton,Romelu Lukaku Menama,112.1,37.1,0.17022856,8.415461959987704,Saved,Left Foot,Open Play
Everton,Ross Barkley,104.1,26.6,0.033890437,20.793508602446103,Blocked,Right Foot,Open Play
Stoke City,Osazemwinde Peter Odemwingie,107.5,33.1,0.064388186,14.277955035648487,Blocked,Left Foot,Open Play
Everton,Ross Barkley,101.6,30.8,0.042812355,20.571825392998072,Blocked,Right Foot,Open Play
Everton,James McCarthy,97.5,49.9,0.041082475,24.581700510745794,Off T,Right Foot,Open Play
Stoke City,Glen Johnson,95.6,56.1,0.022163313,29.233029264857247,Saved,Left Foot,Open Play
Everton,Ross Barkley,108.1,47.2,0.07215673,13.908630414242811,Blocked,Right Foot,Open Play
Stoke City,Gilbert Gianelli Imbula Wanga,108.0,33.3,0.11947178,13.743725841270265,Blocked,Left Foot,Open Play
Everton,Arouna Koné,108.8,33.4,0.50130856,13.000000000000004,Saved,Right Foot,Open Play
Everton,José Ramiro Funes Mori,112.0,44.1,0.09367225,8.98943824718764,Off T,Head,Open Play
Stoke City,Stephen Ireland,101.5,42.2,0.091242835,18.630351580150066,Off T,Right Foot,Open Play
Stoke City,José Luis Sanmartín Mato,104.0,20.5,0.0092473,25.22399651125888,Blocked,Left Foot,Open Play
Stoke City,Mame Biram Diouf,115.9,50.0,0.051179197,10.807867504739312,Saved,Head,Open Play
Sunderland,Patrick van Aanholt,94.3,28.2,0.02008558,28.279497873901512,Wayward,Left Foot,Open Play
Sunderland,Jermain Defoe,108.8,41.8,0.3059735,11.343720729989789,Off T,Right Foot,Open Play
Sunderland,Jermain Defoe,95.9,44.1,0.039234772,24.446267608778232,Saved,Left Foot,Open Play
Stoke City,Peter Crouch,111.6,43.4,0.09783947,9.062008607367359,Saved,Head,Open Play
Sunderland,Patrick van Aanholt,100.6,28.0,0.04694357,22.811400658442704,Saved,Left Foot,Open Play
Sunderland,Yann Gérard M''Vila,98.8,51.0,0.032850914,23.88388578100306,Blocked,Right Foot,Open Play
Stoke City,Marko Arnautović,95.5,30.7,0.026426636,26.20572456544562,Blocked,Right Foot,Open Play
Stoke City,Peter Crouch,111.5,34.8,0.08146572,9.964436762808024,Off T,Head,Open Play
Stoke City,Peter Crouch,110.8,51.4,0.034050263,14.64923206178399,Saved Off Target,Head,Open Play
Stoke City,Marko Arnautović,109.0,27.3,0.11563966,16.80148802933835,Off T,Left Foot,Open Play
Sunderland,Jermain Defoe,98.9,37.5,0.057238743,21.24758809841719,Saved,Left Foot,Open Play
Stoke City,Peter Crouch,105.5,39.7,0.037075195,14.503103116229989,Saved,Head,Open Play
Sunderland,Jan Kirchhoff,110.3,30.4,0.07260785,13.647344063956183,Blocked,Left Foot,Open Play
Sunderland,Lamine Koné,104.6,45.4,0.08721202,16.319313711060282,Off T,Left Foot,Open Play
Sunderland,Younes Kaboul,111.5,24.7,0.015648907,17.502571239677902,Saved,Head,Open Play
Stoke City,Marko Arnautović,109.0,35.8,0.1953329,11.77454882362802,Goal,Left Foot,Open Play
Sunderland,Jermain Defoe,107.8,27.1,0.06663132,17.755280904564703,Off T,Right Foot,Open Play
Stoke City,Charlie Adam,91.5,57.4,0.007855822,33.391765451979325,Off T,Left Foot,Free Kick
Stoke City,Glenn Whelan,93.4,43.2,0.02596053,26.791789787171737,Saved,Right Foot,Open Play
Sunderland,Jermain Defoe,111.1,39.9,0.09072894,8.900561780022658,Off T,Right Foot,Open Play
Sunderland,Jermain Defoe,102.8,32.5,0.08956903,18.764061394058594,Blocked,Right Foot,Open Play
Sunderland,Sebastian Larsson,91.4,27.5,0.03656762,31.212337304341688,Saved,Right Foot,Free Kick
Stoke City,Glenn Whelan,97.4,29.5,0.022173101,24.92007223103496,Off T,Right Foot,Open Play
Stoke City,Gilbert Gianelli Imbula Wanga,99.9,42.5,0.081151485,20.254875956174104,Off T,Left Foot,Open Play
Sunderland,Jermain Defoe,103.1,32.1,0.05865708,18.655294154743316,Blocked,Right Foot,Open Play
Sunderland,Jermain Defoe,107.9,39.9,0.7835,12.100413216084807,Goal,Right Foot,Penalty
West Ham United,Manuel Lanzini,106.1,38.1,0.055114437,14.029255147726131,Off T,Right Foot,Open Play
West Ham United,Diafra Sakho,104.5,37.5,0.13659026,15.700318468107582,Goal,Left Foot,Open Play
West Ham United,Mark Noble,92.0,42.2,0.017526792,28.08629559055448,Blocked,Right Foot,Open Play
West Ham United,Angelo Obinze Ogbonna,104.5,43.5,0.06261862,15.890248582070704,Off T,Left Foot,Open Play
West Ham United,Dimitri Payet,100.4,39.3,0.075563535,19.612496016570656,Saved,Right Foot,Open Play
West Ham United,Andy Carroll,100.6,33.9,0.38670978,20.336420530663705,Saved,Left Foot,Open Play
Manchester United,Wayne Mark Rooney,96.4,24.5,0.021704258,28.2349074728429,Off T,Right Foot,Open Play
West Ham United,Manuel Lanzini,95.1,44.0,0.0464686,25.21923868795409,Off T,Right Foot,Open Play
West Ham United,Dimitri Payet,105.3,34.3,0.11105878,15.7664200121651,Off T,Right Foot,Open Play
West Ham United,Michail Antonio,94.4,42.9,0.044865523,25.76373420139246,Blocked,Right Foot,Open Play
West Ham United,Diafra Sakho,112.3,40.9,0.079750195,7.752418977325725,Off T,Head,Open Play
West Ham United,Dimitri Payet,92.1,43.2,0.020410117,28.082912954321536,Off T,Right Foot,Open Play
Manchester United,Anthony Martial,114.8,36.6,0.7911045,6.212889826803629,Goal,Right Foot,Open Play
West Ham United,Dimitri Payet,97.1,44.7,0.038240105,23.377339455121927,Off T,Right Foot,Open Play
West Ham United,Diafra Sakho,114.4,34.6,0.22848451,7.779460135510685,Off T,Head,Open Play
West Ham United,Andy Carroll,107.4,38.7,0.030413399,12.66688596301395,Blocked,Head,Open Play
West Ham United,Dimitri Payet,97.4,26.7,0.053457532,26.223081436017388,Off T,Right Foot,Free Kick
Manchester United,Anthony Martial,116.2,26.9,0.017659215,13.640014662748717,Goal,Left Foot,Open Play
West Ham United,Dimitri Payet,89.1,34.0,0.027076388,31.477134558278973,Blocked,Right Foot,Free Kick
West Ham United,Michail Antonio,113.7,43.4,0.22730571,7.158910531638173,Goal,Right Foot,Open Play
West Ham United,Winston Reid,112.9,35.8,0.15571888,8.249242389456134,Goal,Head,Open Play
West Ham United,Cheikhou Kouyaté,112.2,37.0,0.11348218,8.357032966310468,Off T,Head,Open Play
Southampton,Victor Wanyama,85.8,33.4,0.013565186,34.831020656879986,Saved Off Target,Right Foot,Open Play
Everton,Kevin Mirallas,105.4,39.1,0.07421135,14.627713423498555,Blocked,Right Foot,Open Play
Southampton,Dušan Tadić,110.4,40.3,0.1822054,9.604686356149267,Off T,Left Foot,Open Play
Southampton,Shane Long,110.8,54.5,0.052104138,17.172361514946047,Off T,Right Foot,Open Play
Southampton,Dušan Tadić,97.1,51.0,0.028820274,25.404920783186874,Saved,Left Foot,Open Play
Southampton,Sadio Mané,100.8,21.2,0.0089752395,26.871546289709496,Blocked,Right Foot,Open Play
Everton,Kevin Mirallas,96.1,35.9,0.043087114,24.249123695507027,Blocked,Right Foot,Open Play
Southampton,Sadio Mané,104.9,48.3,0.061965004,17.230786401090338,Off T,Right Foot,Open Play
Southampton,Ryan Bertrand,93.5,55.4,0.025749383,30.64979608415038,Saved,Left Foot,Free Kick
Southampton,Shane Long,118.1,47.6,0.07682695,7.833900688673558,Post,Head,Open Play
Southampton,Ryan Bertrand,94.9,26.3,0.014102716,28.595454184188082,Blocked,Left Foot,Open Play
Southampton,Virgil van Dijk,105.4,44.0,0.08007571,15.138031576133002,Off T,Right Foot,Open Play
Southampton,Dušan Tadić,104.3,51.2,0.08478608,19.285486771144775,Blocked,Left Foot,Open Play
Everton,Kevin Mirallas,93.5,33.1,0.05494431,27.38357171736368,Saved,Right Foot,Free Kick
Southampton,Graziano Pellè,111.7,40.6,0.2736042,8.321658488546616,Off T,Right Foot,Open Play
Everton,José Ramiro Funes Mori,105.9,33.2,0.03371796,15.654072952429978,Blocked,Head,Open Play
Everton,José Ramiro Funes Mori,108.1,28.5,0.051315635,16.54871596227333,Goal,Left Foot,Open Play
Southampton,Sadio Mané,112.0,40.3,0.3086497,8.005623023850173,Goal,Right Foot,Open Play
Southampton,Jordy Clasie,104.8,30.2,0.094731934,18.085353189805282,Wayward,Left Foot,Open Play
Southampton,Shane Long,114.6,30.1,0.06505141,11.276967677527503,Blocked,Right Foot,Open Play
Southampton,Jay Rodriguez,109.1,50.3,0.058153424,14.996666296213972,Saved,Right Foot,Open Play
Southampton,Ryan Bertrand,98.8,64.0,0.006910697,32.02249209540069,Blocked,Left Foot,Open Play
Southampton,Sadio Mané,118.5,30.8,0.017123453,9.32148056909416,Saved,Right Foot,Open Play
Everton,Kevin Mirallas,101.2,28.5,0.05778406,22.03837562072123,Blocked,Right Foot,Open Play
Everton,José Ramiro Funes Mori,86.9,23.6,0.0060688066,36.94008662686107,Off T,Left Foot,Open Play
Southampton,Graziano Pellè,101.9,34.6,0.08938188,18.88835620163914,Saved,Right Foot,Open Play
Swansea City,André Ayew Pelé,93.3,48.8,0.036242053,28.112808468738944,Saved,Left Foot,Open Play
Southampton,Oriol Romeu Vidal,99.7,42.1,0.035105407,20.40833163195855,Blocked,Left Foot,Open Play
Southampton,José Miguel da Rocha Fonte,113.3,31.9,0.061768916,10.511898020814321,Off T,Head,Open Play
Southampton,Oriol Romeu Vidal,109.4,41.3,0.12615243,10.679419459877016,Blocked,Right Foot,Open Play
Southampton,Oriol Romeu Vidal,104.4,25.8,0.026903585,21.09502310972898,Off T,Left Foot,Open Play
Swansea City,Gylfi Þór Sigurðsson,91.8,36.6,0.026545286,28.40422503783548,Off T,Left Foot,Open Play
Southampton,Ryan Bertrand,94.9,22.0,0.009115524,30.887052303513844,Off T,Left Foot,Open Play
Swansea City,Leon Britton,93.5,26.4,0.019586006,29.786070569982876,Off T,Right Foot,Open Play
Swansea City,Alberto Paloschi,103.8,24.2,0.014553882,22.62918469587449,Blocked,Right Foot,Open Play
Southampton,Shane Long,101.0,20.6,0.0107220495,27.154373496731605,Blocked,Right Foot,Open Play
Southampton,Jordy Clasie,100.7,38.8,0.067354016,19.337269714207327,Blocked,Left Foot,Open Play
Swansea City,Gylfi Þór Sigurðsson,106.7,30.8,0.09353948,16.171889190815026,Off T,Left Foot,Open Play
Southampton,Shane Long,109.5,37.6,0.09015728,10.770793842609745,Saved,Head,Open Play
Southampton,Oriol Romeu Vidal,114.1,36.8,0.27965072,6.71192967781994,Wayward,Head,Open Play
Southampton,Graziano Pellè,108.2,45.6,0.05887968,13.061393493804554,Wayward,Head,Open Play
Swansea City,Gylfi Þór Sigurðsson,94.9,37.6,0.027976954,25.214479966876173,Off T,Right Foot,Open Play
Swansea City,Neil Taylor,83.5,31.1,0.005342478,37.56940244401021,Blocked,Left Foot,Open Play
Southampton,James Ward-Prowse,94.2,51.8,0.022996739,28.370407117276265,Blocked,Right Foot,Open Play
Swansea City,Ashley Williams,110.8,34.7,0.06771191,10.617438485811917,Off T,Head,Open Play
Southampton,Shane Long,102.1,47.1,0.043792963,19.256687150182408,Saved,Right Foot,Open Play
Southampton,Shane Long,112.2,43.0,0.18037614,8.357032966310468,Goal,Head,Open Play
Swansea City,Modou Barrow,111.6,53.6,0.05761998,15.984992962150473,Off T,Left Foot,Open Play
Swansea City,Bafétimbi Gomis,111.9,41.1,0.09496157,8.174350127074318,Wayward,Head,Open Play
Swansea City,Neil Taylor,89.8,34.2,0.016169354,30.751910509755326,Blocked,Left Foot,Open Play
Swansea City,Ashley Williams,109.0,35.6,0.032597233,11.84736257569591,Blocked,Head,Open Play
Swansea City,André Ayew Pelé,112.7,39.2,0.101146325,7.343704787094859,Saved,Head,Open Play
Southampton,Charlie Austin,105.1,55.2,0.0546392,21.284971223847126,Saved,Right Foot,Open Play
Tottenham Hotspur,Kyle Walker,89.5,50.1,0.022571472,32.12880327681067,Blocked,Right Foot,Open Play
Tottenham Hotspur,Harry Kane,97.5,57.4,0.01569852,28.443101096751036,Blocked,Right Foot,Open Play
Tottenham Hotspur,Harry Kane,95.4,57.7,0.009480482,30.305940011819462,Post,Right Foot,Open Play
Tottenham Hotspur,Bamidele Alli,95.7,45.2,0.046739914,24.8501509049744,Blocked,Right Foot,Open Play
Tottenham Hotspur,Bamidele Alli,101.4,24.5,0.019849073,24.211773995310626,Wayward,Right Foot,Open Play
Tottenham Hotspur,Erik Lamela,98.5,47.7,0.084796004,22.837250272307305,Blocked,Left Foot,Free Kick
Everton,Aaron Lennon,104.8,52.5,0.03837645,19.679684956827945,Goal,Right Foot,Open Play
Everton,Arouna Koné,109.1,45.0,0.088847116,11.992080720208655,Blocked,Right Foot,Open Play
Tottenham Hotspur,Christian Dannemann Eriksen,97.1,57.4,0.016146107,28.760563276820577,Blocked,Right Foot,Open Play
Tottenham Hotspur,Ben Davies,89.7,46.5,0.025210308,30.989353010348566,Blocked,Left Foot,Open Play
Tottenham Hotspur,Ben Davies,96.9,44.1,0.038701802,23.461031520374373,Post,Left Foot,Open Play
Tottenham Hotspur,Bamidele Alli,101.2,21.6,0.011617515,26.305892875931807,Blocked,Right Foot,Open Play
Tottenham Hotspur,Tom Carroll,88.9,43.2,0.017405177,31.264196775225166,Saved,Left Foot,Open Play
Everton,Arouna Koné,113.6,35.0,0.14039738,8.121576201698785,Off T,Head,Open Play
Tottenham Hotspur,Bamidele Alli,112.7,39.5,0.11409354,7.317103251970684,Wayward,Head,Open Play
Tottenham Hotspur,Bamidele Alli,106.2,39.7,0.10009919,13.803260484392807,Goal,Right Foot,Open Play
Everton,Ross Barkley,97.9,51.6,0.040702272,24.959366979152332,Off T,Right Foot,Open Play
Tottenham Hotspur,Harry Kane,112.8,45.8,0.12618844,9.245539465060975,Off T,Right Foot,Open Play
Tottenham Hotspur,Christian Dannemann Eriksen,96.5,48.0,0.062146675,24.82438317461282,Saved,Left Foot,Open Play
Everton,Tom Cleverley,96.0,35.9,0.023972882,24.347689828811276,Blocked,Right Foot,Open Play
Everton,Gerard Deulofeu Lázaro,110.7,50.8,0.054762904,14.25236822426364,Blocked,Right Foot,Open Play
Tottenham Hotspur,Bamidele Alli,91.7,40.2,0.040578164,28.30070670495703,Saved,Right Foot,Open Play
Everton,Muhamed Bešić,97.3,34.6,0.04046662,23.33345238064869,Saved,Right Foot,Open Play
Everton,José Ramiro Funes Mori,114.2,40.1,0.13482334,5.800862004909267,Off T,Head,Open Play
Tottenham Hotspur,Erik Lamela,94.7,48.4,0.018604925,26.65801943130809,Blocked,Left Foot,Open Play
Everton,Gareth Barry,94.9,41.1,0.03315114,25.124092023394592,Blocked,Right Foot,Open Play
Tottenham Hotspur,Heung-Min Son,100.1,32.1,0.047776617,21.410744966021156,Blocked,Left Foot,Open Play
Everton,Romelu Lukaku Menama,105.1,27.5,0.039835047,19.448907424325927,Off T,Left Foot,Open Play
Tottenham Hotspur,Ben Davies,101.7,20.8,0.00972049,26.524139948356474,Blocked,Left Foot,Open Play
Everton,Romelu Lukaku Menama,110.1,51.2,0.06536172,14.948244044034075,Blocked,Left Foot,Open Play
Everton,Ross Barkley,112.0,26.0,0.0231481,16.1245154965971,Saved,Left Foot,Open Play
Everton,Ross Barkley,92.3,35.2,0.0354278,28.112808468738944,Saved,Left Foot,Open Play
Manchester City,Kevin De Bruyne,110.0,51.7,0.079707585,15.391231269784756,Off T,Right Foot,Open Play
Manchester City,Gnégnéri Yaya Touré,110.9,36.9,0.061005972,9.613532129243648,Saved,Head,Open Play
Everton,Gerard Deulofeu Lázaro,117.5,51.2,0.023785627,11.475626344561766,Saved,Right Foot,Open Play
Manchester City,Raheem Sterling,103.9,27.3,0.05091548,20.506096654409873,Off T,Left Foot,Open Play
Manchester City,Martín Gastón Demichelis,101.6,30.4,0.037551317,20.75379483371656,Wayward,Left Foot,Open Play
Manchester City,Nicolás Hernán Otamendi,110.8,40.6,0.13562769,9.21954445729289,Saved,Other,Open Play
Everton,Leon Osman,109.1,28.2,0.08299138,16.063934760823706,Off T,Left Foot,Open Play
Everton,Romelu Lukaku Menama,113.5,52.9,0.067376666,14.44506836259351,Off T,Right Foot,Open Play
Everton,Romelu Lukaku Menama,105.0,51.9,0.034919508,19.147062437878034,Blocked,Right Foot,Open Play
Manchester City,Martín Gastón Demichelis,112.1,48.4,0.04535289,11.531261856362471,Blocked,Right Foot,Open Play
Manchester City,Jesús Navas González,97.9,45.9,0.043687057,22.87400271050084,Blocked,Right Foot,Open Play
Manchester City,Raheem Sterling,107.5,26.3,0.097644895,18.545619428857044,Wayward,Right Foot,Open Play
Manchester City,Raheem Sterling,109.0,38.8,0.104835965,11.065260954898443,Blocked,Right Foot,Open Play
Manchester City,Gnégnéri Yaya Touré,113.9,52.5,0.033618756,13.908989898623117,Blocked,Right Foot,Open Play
Manchester City,Sergio Leonel Agüero del Castillo,107.2,35.4,0.07114131,13.60147050873544,Saved,Right Foot,Open Play
Manchester City,Raheem Sterling,112.3,54.0,0.057151716,15.97779709471866,Saved,Right Foot,Open Play
Manchester City,Gnégnéri Yaya Touré,97.7,50.4,0.029903598,24.60589360295618,Blocked,Right Foot,Open Play
Manchester City,Sergio Leonel Agüero del Castillo,112.1,30.3,0.27260634,12.509996003196807,Saved,Right Foot,Open Play
Manchester City,Gnégnéri Yaya Touré,88.6,41.7,0.019623935,31.44598543534612,Blocked,Right Foot,Open Play
Manchester City,Raheem Sterling,106.4,24.9,0.026323088,20.321663317750343,Blocked,Right Foot,Open Play
Manchester City,Kevin De Bruyne,95.4,46.7,0.030552017,25.496078129783015,Off T,Right Foot,Open Play
Manchester City,Jesús Navas González,107.9,42.7,0.06299594,12.397580409095957,Off T,Head,Open Play
Manchester City,Raheem Sterling,107.8,24.8,0.022994734,19.490510511528427,Blocked,Right Foot,Open Play
Manchester City,David Josué Jiménez Silva,96.2,31.8,0.037521016,25.17300141024109,Blocked,Left Foot,Open Play
Manchester City,Jesús Navas González,94.4,28.3,0.024645254,28.146935890075135,Blocked,Right Foot,Open Play
Manchester City,Sergio Leonel Agüero del Castillo,117.7,51.2,0.01961928,11.43372205364465,Off T,Right Foot,Open Play
Everton,Romelu Lukaku Menama,108.9,32.3,0.067065835,13.509256086106292,Blocked,Left Foot,Open Play
Everton,Romelu Lukaku Menama,108.1,46.5,0.032111034,13.559498515800653,Off T,Head,Open Play
AFC Bournemouth,Joshua King,109.9,55.7,0.0682167,18.66815470259447,Off T,Right Foot,Open Play
Manchester City,Fernando Francisco Reges,105.9,42.5,0.06747595,14.31991620087212,Goal,Right Foot,Open Play
Manchester City,David Josué Jiménez Silva,94.3,49.9,0.0211467,27.540878707840825,Wayward,Left Foot,Open Play
Manchester City,Kevin De Bruyne,87.0,28.8,0.0073818625,34.84881633570931,Saved,Right Foot,Open Play
Manchester City,Kevin De Bruyne,103.4,39.6,0.08873464,16.60481857775025,Goal,Right Foot,Open Play
Manchester City,Sergio Leonel Agüero del Castillo,90.0,42.3,0.026397783,30.088037490005892,Off T,Right Foot,Open Play
Manchester City,Kevin De Bruyne,101.5,34.4,0.09531159,19.328993765843062,Off T,Right Foot,Open Play
Manchester City,Sergio Leonel Agüero del Castillo,117.0,33.7,0.13406685,6.977822009767801,Goal,Head,Open Play
Manchester City,Fernando Luiz Rosa,93.5,42.6,0.036068507,26.62724168966812,Post,Right Foot,Open Play
AFC Bournemouth,Steve Cook,112.3,48.4,0.038541626,11.395174417269795,Blocked,Head,Open Play
AFC Bournemouth,Charlie Daniels,114.9,40.4,0.5614745,5.11566222497146,Saved,Left Foot,Open Play
Manchester City,David Josué Jiménez Silva,110.5,25.0,0.03767085,17.755280904564703,Off T,Left Foot,Open Play
AFC Bournemouth,Lewis Grabban,110.8,44.7,0.11492806,10.33102124671129,Off T,Head,Open Play
AFC Bournemouth,Lewis Grabban,110.7,38.0,0.11058455,9.512623192369176,Off T,Head,Open Play
Manchester City,Sergio Leonel Agüero del Castillo,105.5,55.3,0.039189722,21.07937380474097,Off T,Left Foot,Open Play
Manchester City,Jesús Navas González,92.9,54.2,0.021295823,30.59493422120727,Off T,Right Foot,Open Play
AFC Bournemouth,Matt Ritchie,101.5,46.2,0.044775333,19.51127878945919,Blocked,Left Foot,Open Play
Manchester City,Kevin De Bruyne,105.9,25.4,0.048710015,20.29704411977271,Saved,Left Foot,Open Play
Manchester City,Sergio Leonel Agüero del Castillo,102.7,22.9,0.0358128,24.324884377936925,Off T,Right Foot,Open Play
AFC Bournemouth,Eunan O''Kane,112.4,27.0,0.115267955,15.05855238726485,Off T,Right Foot,Open Play
Manchester City,Aleksandar Kolarov,109.9,27.0,0.095839456,16.46238135872207,Saved,Left Foot,Open Play
AFC Bournemouth,Matt Ritchie,101.5,50.5,0.03452757,21.27204738618265,Off T,Left Foot,Open Play
AFC Bournemouth,Andrew Surman,100.0,25.4,0.027676223,24.762067765031258,Blocked,Left Foot,Open Play
AFC Bournemouth,Andrew Surman,90.1,39.6,0.020096704,29.902675465583346,Blocked,Left Foot,Open Play
AFC Bournemouth,Matt Ritchie,95.1,59.9,0.008679751,31.875068627377107,Saved,Left Foot,Open Play
Manchester City,Aleksandar Kolarov,109.1,22.4,0.015592171,20.70193227696391,Goal,Left Foot,Open Play
Manchester City,Sergio Leonel Agüero del Castillo,111.2,45.3,0.1736277,10.272779565434076,Off T,Left Foot,Open Play
Manchester City,Nicolás Hernán Otamendi,110.6,38.2,0.05743682,9.570788891204325,Wayward,Head,Open Play
Manchester City,Nicolás Hernán Otamendi,104.9,34.7,0.060375314,16.0031246948838,Wayward,Left Foot,Open Play
Manchester City,Raheem Sterling,108.0,47.4,0.12311834,14.098226838861686,Blocked,Right Foot,Open Play
Tottenham Hotspur,Christian Dannemann Eriksen,91.6,33.0,0.019609507,29.249957264926053,Saved,Right Foot,Open Play
Manchester City,Sergio Leonel Agüero del Castillo,112.1,23.7,0.01434013,18.113530854032852,Blocked,Right Foot,Open Play
Tottenham Hotspur,Eric Dier,88.0,40.4,0.019661382,32.00249990235138,Off T,Right Foot,Open Play
Tottenham Hotspur,Danny Rose,106.0,21.0,0.009639236,23.600847442411894,Blocked,Left Foot,Open Play
Manchester City,Gnégnéri Yaya Touré,99.7,26.9,0.019291313,24.159884105682295,Blocked,Right Foot,Open Play
Manchester City,Sergio Leonel Agüero del Castillo,114.1,48.9,0.27647474,10.678014796768172,Off T,Right Foot,Open Play
Tottenham Hotspur,Harry Kane,108.0,40.0,0.7835,12.0,Goal,Right Foot,Penalty
Manchester City,Fernando Luiz Rosa,112.7,50.4,0.045641605,12.70629765116495,Off T,Head,Open Play
Manchester City,Gnégnéri Yaya Touré,98.2,50.0,0.074052,23.984161440417296,Post,Right Foot,Free Kick
Manchester City,Sergio Leonel Agüero del Castillo,107.6,28.8,0.07480891,16.709278859364343,Blocked,Right Foot,Open Play
Manchester City,David Josué Jiménez Silva,99.7,41.1,0.05061053,20.32978111047927,Blocked,Left Foot,Open Play
Manchester City,Gnégnéri Yaya Touré,108.8,46.8,0.05326249,13.102671483327361,Off T,Head,Open Play
Manchester City,Kelechi Promise Iheanacho,108.8,40.8,0.24457578,11.228535078094563,Goal,Left Foot,Open Play
Manchester City,Gnégnéri Yaya Touré,98.8,59.3,0.010614336,28.669321582486045,Saved,Right Foot,Open Play
Manchester City,Sergio Leonel Agüero del Castillo,102.6,50.4,0.04585078,20.2711617821969,Blocked,Right Foot,Open Play
Tottenham Hotspur,Christian Dannemann Eriksen,107.1,40.3,0.41719562,12.903487900563945,Goal,Right Foot,Open Play
Tottenham Hotspur,Harry Kane,94.9,16.4,0.0061491854,34.45243097373536,Off T,Right Foot,Open Play
Manchester City,Vincent Kompany,111.5,39.7,0.06693416,8.505292469985967,Wayward,Head,Open Play
Manchester City,Raheem Sterling,102.8,27.1,0.04137915,21.5,Blocked,Right Foot,Open Play
Manchester City,David Josué Jiménez Silva,115.3,37.7,0.55441064,5.232590180780453,Off T,Left Foot,Open Play
Manchester City,Kelechi Promise Iheanacho,115.3,42.2,0.45425898,5.189412298131653,Saved,Left Foot,Open Play
Manchester City,Sergio Leonel Agüero del Castillo,110.6,35.9,0.30352926,10.255242561733981,Saved,Right Foot,Open Play
Manchester City,Kelechi Promise Iheanacho,117.5,35.4,0.6575922,5.235456045083371,Goal,Right Foot,Open Play
Manchester City,Sergio Leonel Agüero del Castillo,112.7,54.8,0.047089975,16.502424064360966,Off T,Right Foot,Open Play
Manchester City,Kelechi Promise Iheanacho,94.1,33.8,0.03491144,26.631747971171556,Off T,Left Foot,Open Play
Manchester City,Kevin De Bruyne,109.0,24.1,0.04983365,19.33416664870767,Saved,Left Foot,Open Play
Manchester City,Sergio Leonel Agüero del Castillo,112.6,34.6,0.13951173,9.160785992479033,Saved,Left Foot,Open Play
Manchester City,Nicolás Hernán Otamendi,90.7,46.9,0.026072428,30.10149497948565,Off T,Right Foot,Open Play
Manchester City,Sergio Leonel Agüero del Castillo,105.9,19.3,0.010309473,25.045957757690157,Off T,Right Foot,Open Play
Manchester City,Kelechi Promise Iheanacho,100.4,41.8,0.0652122,19.68247951859724,Off T,Left Foot,Open Play
Manchester City,Kelechi Promise Iheanacho,104.2,42.8,0.11771803,16.046183346827366,Blocked,Left Foot,Open Play
Manchester City,Kevin De Bruyne,98.2,35.0,0.035594992,22.366045694310827,Blocked,Right Foot,Open Play
Swansea City,Wayne Routledge,92.3,44.7,0.027078118,28.095907175245298,Blocked,Right Foot,Open Play
Manchester City,Jesús Navas González,102.2,30.6,0.12778534,20.129580224137808,Off T,Right Foot,Open Play
Swansea City,Jefferson Antonio Montero Vite,97.7,29.2,0.028559996,24.777610861420836,Off T,Right Foot,Open Play
Swansea City,André Ayew Pelé,91.4,39.6,0.04864248,28.602797066021353,Goal,Left Foot,Free Kick
Manchester City,Eliaquim Mangala,114.3,43.6,0.13867822,6.741661516273273,Off T,Head,Open Play
Manchester City,Kevin De Bruyne,99.8,33.8,0.032188874,21.13007335529151,Blocked,Right Foot,Open Play
Swansea City,Federico Fernández,111.5,41.1,0.07481259,8.570880934886448,Off T,Head,Open Play
Manchester City,Sergio Leonel Agüero del Castillo,105.3,40.6,0.078862615,14.712239802287078,Off T,Right Foot,Open Play
Manchester City,Fernando Luiz Rosa,95.8,47.0,0.03508164,25.192062241904694,Off T,Right Foot,Open Play
Manchester City,Kelechi Promise Iheanacho,99.5,38.1,0.13640219,20.587860500790267,Off T,Left Foot,Open Play
Swansea City,Alberto Paloschi,100.0,55.3,0.030958137,25.181143738917022,Wayward,Right Foot,Open Play
Norwich City,Nathan Redmond,106.2,57.9,0.021625908,22.60199106273604,Saved,Left Foot,Open Play
Swansea City,André Ayew Pelé,107.7,43.3,0.066572815,12.734991166074671,Off T,Head,Open Play
Norwich City,Cameron Jerome,97.6,27.6,0.04844509,25.60312480928842,Saved,Right Foot,Open Play
Swansea City,Àngel Rangel Zaragoza,97.3,51.9,0.03858401,25.630060475933334,Off T,Right Foot,Open Play
Swansea City,Gylfi Þór Sigurðsson,105.2,28.0,0.03340913,19.053608582103283,Blocked,Right Foot,Open Play
Swansea City,Modou Barrow,117.4,47.9,0.11407744,8.316850365372696,Off T,Left Foot,Open Play
Swansea City,André Ayew Pelé,105.3,59.0,0.011187137,24.02269760039451,Off T,Left Foot,Open Play
Swansea City,Gylfi Þór Sigurðsson,107.2,30.3,0.091034405,16.06019925156596,Goal,Right Foot,Open Play
Swansea City,Wayne Routledge,118.6,28.4,0.018006409,11.684177335182826,Saved,Right Foot,Open Play
Swansea City,Gylfi Þór Sigurðsson,102.3,44.4,0.05048839,18.23869512876401,Blocked,Right Foot,Open Play
Norwich City,Dieumerci Mbokani Bezua,110.1,44.6,0.059786666,10.916501271011704,Off T,Head,Open Play
Swansea City,Gylfi Þór Sigurðsson,89.6,29.2,0.024623165,32.261432082286746,Saved,Right Foot,Free Kick
Norwich City,Wes Hoolahan,114.2,42.8,0.20609751,6.440496875241843,Blocked,Right Foot,Open Play
Norwich City,Nathan Redmond,104.9,38.5,0.07721274,15.174320413118995,Blocked,Right Foot,Open Play
Norwich City,Nathan Redmond,105.4,42.3,0.08799176,14.780054127099799,Off T,Right Foot,Open Play
Norwich City,Patrick Bamford,110.7,29.3,0.1371552,14.17674151559518,Saved,Right Foot,Open Play
Norwich City,Patrick Bamford,109.9,41.0,0.058907982,10.149384217773997,Off T,Head,Open Play
Leicester City,Shinji Okazaki,115.8,51.4,0.040836535,12.149074038789951,Off T,Head,Open Play
Leicester City,N''Golo Kanté,88.2,32.6,0.014819371,32.64965543462901,Saved,Right Foot,Open Play
Leicester City,Marc Albrighton,95.9,52.5,0.016068356,27.148848962709263,Blocked,Right Foot,Open Play
Leicester City,Jamie Vardy,109.7,46.4,0.050064348,12.126417442921875,Off T,Head,Open Play
Leicester City,Wes Morgan,115.7,39.4,0.20985228,4.3416586692184795,Off T,Head,Open Play
Sunderland,Fabio Borini,109.8,58.7,0.012123859,21.30093894644084,Off T,Right Foot,Open Play
Leicester City,Danny Drinkwater,102.6,55.1,0.020692546,23.038446128157172,Off T,Right Foot,Open Play
Sunderland,Younes Kaboul,108.7,30.6,0.032996815,14.698639392814558,Off T,Head,Open Play
Sunderland,Wahbi Khazri,94.1,20.2,0.0073651355,32.60138033887523,Blocked,Right Foot,Open Play
Leicester City,Jamie Vardy,102.8,35.9,0.08774301,17.68191166135608,Wayward,Left Foot,Open Play
Leicester City,Riyad Mahrez,102.4,45.3,0.06697619,18.380696395947563,Blocked,Left Foot,Open Play
Sunderland,Fabio Borini,107.6,55.8,0.04067843,20.08482013860219,Saved,Right Foot,Open Play
Sunderland,Fabio Borini,101.8,52.6,0.03736069,22.135943621178658,Blocked,Left Foot,Open Play
Sunderland,Fabio Borini,101.1,32.1,0.047827005,20.48462838325363,Off T,Right Foot,Open Play
Sunderland,DeAndre Yedlin,87.1,47.1,0.017703947,33.65739146160915,Off T,Right Foot,Open Play
Sunderland,Jermain Defoe,106.0,26.0,0.029498747,19.79898987322333,Blocked,Right Foot,Open Play
Sunderland,Fabio Borini,103.1,49.4,0.05572034,19.338303958723994,Off T,Right Foot,Open Play
Leicester City,Shinji Okazaki,106.5,32.2,0.07266495,15.591343752223537,Off T,Left Foot,Open Play
Sunderland,Wahbi Khazri,91.9,46.3,0.02670645,28.797569341873277,Blocked,Right Foot,Open Play
Leicester City,Danny Drinkwater,100.1,51.2,0.050439905,22.835279722394475,Saved Off Target,Right Foot,Open Play
Sunderland,Wahbi Khazri,102.9,23.3,0.02902718,23.901882771028724,Off T,Right Foot,Open Play
Leicester City,Jamie Vardy,113.3,30.0,0.21413524,12.037026210821343,Goal,Right Foot,Open Play
Leicester City,Marc Albrighton,94.9,34.8,0.048480097,25.632986560289844,Saved,Right Foot,Open Play
Sunderland,Jermain Defoe,102.6,44.3,0.05151358,17.923448328934924,Blocked,Right Foot,Open Play
Sunderland,Jermain Defoe,102.3,30.1,0.043740198,20.280532537386687,Off T,Right Foot,Open Play
Sunderland,Patrick van Aanholt,98.8,26.3,0.027654182,25.24143419063188,Wayward,Right Foot,Open Play
Sunderland,Jack Rodwell,112.0,31.2,0.32365996,11.892854997854805,Off T,Right Foot,Open Play
Leicester City,José Leonardo Ulloa,109.7,50.7,0.31344932,14.851935900750448,Saved,Right Foot,Open Play
Leicester City,Jamie Vardy,111.3,42.9,0.39806703,9.170605214488303,Saved,Right Foot,Open Play
Leicester City,Daniel Amartey,107.8,44.8,0.40846357,13.11030129325791,Saved,Right Foot,Open Play
Leicester City,Jamie Vardy,109.4,42.5,0.9951224,10.89082182390291,Goal,Right Foot,Open Play
Liverpool,Daniel Andre Sturridge,103.6,36.9,0.053044,16.69041641182149,Goal,Left Foot,Open Play
Liverpool,Roberto Firmino Barbosa de Oliveira,104.2,39.6,0.06354855,15.805062480104276,Blocked,Left Foot,Open Play
Liverpool,Daniel Andre Sturridge,89.8,40.9,0.022959713,30.21340761979688,Off T,Left Foot,Open Play
Liverpool,Adam David Lallana,100.5,39.5,0.04099333,19.50640920313116,Goal,Left Foot,Open Play
Newcastle United,Ayoze Pérez Gutiérrez,99.2,52.5,0.03072183,24.267055857684916,Off T,Right Foot,Open Play
Newcastle United,Vurnon Anita,109.0,55.3,0.045149207,18.843831882077485,Off T,Right Foot,Open Play
Newcastle United,Papiss Demba Cissé,114.4,34.0,0.10895903,8.207313811473272,Goal,Head,Open Play
Newcastle United,Andros Townsend,102.9,45.1,0.100498125,17.844326829555655,Off T,Left Foot,Open Play
Newcastle United,Moussa Sissoko,105.0,45.8,0.04126114,16.0822883943797,Saved,Head,Open Play
Liverpool,Adam David Lallana,105.6,54.3,0.04389607,20.294087809014727,Blocked,Left Foot,Open Play
Liverpool,James Philip Milner,93.4,40.2,0.02618839,26.600751869073168,Blocked,Left Foot,Open Play
Liverpool,Kevin Linford Stewart,91.8,31.5,0.015215127,29.45318318959769,Blocked,Right Foot,Open Play
Liverpool,Joe Allen,110.6,42.1,0.20640205,9.631718434422806,Saved,Head,Open Play
Newcastle United,Jack Colback,104.6,35.5,0.068355024,16.044001994514964,Goal,Left Foot,Open Play
Liverpool,Philippe Coutinho Correia,95.0,40.6,0.02648796,25.007198963498492,Blocked,Left Foot,Open Play
Liverpool,Kevin Linford Stewart,95.8,34.8,0.04003473,24.752373623553765,Off T,Left Foot,Open Play
Liverpool,Daniel Andre Sturridge,109.6,42.4,0.06761332,10.673331251301072,Saved,Head,Open Play
Liverpool,Philippe Coutinho Correia,93.9,33.0,0.0243522,27.02239811711758,Wayward,Right Foot,Open Play
Liverpool,Philippe Coutinho Correia,104.2,38.2,0.086950585,15.902201105507372,Blocked,Right Foot,Open Play
West Bromwich Albion,José Salomón Rondón Giménez,101.0,21.9,0.029425453,26.241379536906976,Off T,Right Foot,Open Play
Watford,Adlène Guédioura,91.8,36.1,0.025806103,28.46840353795766,Off T,Right Foot,Open Play
West Bromwich Albion,Stéphane Sessègnon,108.4,15.0,0.008170201,27.5601161100602,Saved,Right Foot,Free Kick
West Bromwich Albion,Stéphane Sessègnon,112.5,19.3,0.007146824,22.016811758290526,Off T,Right Foot,Open Play
Watford,José Manuel Jurado Marín,91.2,27.4,0.019320983,31.435648553831363,Saved,Right Foot,Open Play
Watford,Adlène Guédioura,94.2,54.9,0.020579826,29.793455657241235,Blocked,Right Foot,Open Play
Watford,Ben Watson,113.9,49.7,0.042341392,11.458621208504974,Goal,Right Foot,Open Play
West Bromwich Albion,James McClean,106.8,31.4,0.13791913,15.754364474646387,Off T,Left Foot,Open Play
West Bromwich Albion,Saido Berahino,95.9,45.4,0.07677935,24.697570730741916,Blocked,Right Foot,Free Kick
Watford,Nathan Aké,103.7,23.8,0.026877018,22.981079173963955,Off T,Left Foot,Open Play
West Bromwich Albion,Saido Berahino,106.5,42.2,0.10688537,13.678084661238211,Off T,Left Foot,Open Play
West Bromwich Albion,Stéphane Sessègnon,105.0,56.7,0.033215024,22.44749429223672,Blocked,Right Foot,Open Play
West Bromwich Albion,James McClean,97.1,27.5,0.02734494,26.089461473936183,Blocked,Left Foot,Open Play
West Bromwich Albion,Stéphane Sessègnon,106.9,49.7,0.09276029,16.30030674557997,Blocked,Right Foot,Open Play
West Bromwich Albion,James McClean,104.1,28.8,0.07639624,19.44865033877673,Off T,Right Foot,Open Play
West Bromwich Albion,Gareth McAuley,113.6,39.7,0.12909636,6.407027391856544,Saved,Head,Open Play
Watford,Troy Deeney,106.6,49.4,0.11325894,16.368261972488103,Saved,Right Foot,Open Play
Watford,Troy Deeney,109.6,32.1,0.030020013,13.060245020672472,Blocked,Head,Open Play
West Bromwich Albion,José Salomón Rondón Giménez,107.5,47.5,0.044360284,14.577379737113251,Blocked,Right Foot,Open Play
West Bromwich Albion,Saido Berahino,108.0,40.1,0.7835,12.000416659433121,Saved,Right Foot,Penalty
West Bromwich Albion,José Salomón Rondón Giménez,105.3,35.8,0.07240906,15.288230767489091,Off T,Right Foot,Open Play
Watford,José Manuel Jurado Marín,104.4,24.5,0.04746379,21.99113457737003,Saved,Right Foot,Open Play
West Bromwich Albion,Craig Dawson,105.6,58.8,0.0096125705,23.681216184985097,Off T,Right Foot,Open Play
Watford,José Manuel Jurado Marín,99.9,32.8,0.047722887,21.350644018389698,Off T,Right Foot,Open Play
West Bromwich Albion,Saido Berahino,108.2,40.2,0.7835,11.80169479354554,Saved,Right Foot,Penalty
Watford,Mario Suárez Mata,96.8,25.7,0.023270221,27.253073221198377,Blocked,Right Foot,Open Play
Watford,Mario Suárez Mata,104.0,26.7,0.07163766,20.80600874747485,Off T,Left Foot,Open Play
West Bromwich Albion,Craig Dawson,101.3,52.1,0.037754685,22.27330240444825,Off T,Right Foot,Open Play
West Ham United,Dimitri Payet,99.6,21.1,0.009131788,27.809530740377483,Saved,Right Foot,Open Play
West Ham United,Winston Reid,114.5,38.6,0.1212905,5.675385449465084,Saved,Head,Open Play
West Ham United,Mark Noble,97.9,41.4,0.045539163,22.144299492194367,Off T,Right Foot,Open Play
West Ham United,Dimitri Payet,93.7,44.4,0.05795572,26.66552080871476,Off T,Right Foot,Free Kick
West Ham United,Dimitri Payet,92.2,27.9,0.036536295,30.319135871591058,Blocked,Right Foot,Free Kick
Swansea City,Wayne Routledge,114.7,37.2,0.6533671,5.99416382825828,Goal,Right Foot,Open Play
West Ham United,Angelo Obinze Ogbonna,108.8,36.8,0.14009303,11.648175822848833,Off T,Left Foot,Open Play
Swansea City,Sung-Yeung Ki,110.7,32.6,0.05536605,11.88486432400471,Saved,Head,Open Play
Swansea City,André Ayew Pelé,114.8,37.7,0.5130461,5.685947590331802,Goal,Right Foot,Open Play
Swansea City,Sung-Yeung Ki,90.1,34.1,0.026307814,30.476548360993906,Off T,Left Foot,Open Play
Swansea City,Wayne Routledge,108.2,45.2,0.18346082,12.894960255851894,Blocked,Right Foot,Open Play
West Ham United,Andy Carroll,93.6,48.7,0.030550422,27.79658252375641,Blocked,Left Foot,Open Play
West Ham United,Manuel Lanzini,94.8,27.9,0.024394946,27.95442719856732,Blocked,Right Foot,Open Play
West Ham United,Michail Antonio,114.6,31.9,0.075426735,9.734988443752776,Off T,Head,Open Play
Swansea City,Modou Barrow,101.4,54.9,0.07446292,23.83212118129647,Off T,Left Foot,Open Play
West Ham United,Dimitri Payet,103.7,25.0,0.025760708,22.151523649627354,Saved,Right Foot,Open Play
West Ham United,Andy Carroll,115.6,32.9,0.15680699,8.352843827104639,Wayward,Left Foot,Open Play
West Ham United,Manuel Lanzini,117.4,45.0,0.49216112,5.6356011214421455,Off T,Right Foot,Open Play
Swansea City,Modou Barrow,108.2,27.0,0.060104188,17.556765077883792,Wayward,Left Foot,Open Play
Swansea City,Sung-Yeung Ki,105.9,38.6,0.13163687,14.169333082400168,Goal,Right Foot,Open Play
West Ham United,Andy Carroll,96.5,43.4,0.05075061,23.744683615495912,Saved,Left Foot,Open Play
West Ham United,Michail Antonio,109.8,42.6,0.09419595,10.526157893552616,Saved,Left Foot,Open Play
West Ham United,Andy Carroll,97.0,41.4,0.030834446,23.04256930118688,Off T,Right Foot,Open Play
Swansea City,Wayne Routledge,109.6,28.9,0.05591812,15.21085138971518,Blocked,Left Foot,Open Play
West Ham United,Andy Carroll,111.7,31.8,0.08454487,11.667476162392617,Wayward,Head,Open Play
West Ham United,Michail Antonio,106.1,59.7,0.010231016,24.110163831878044,Blocked,Right Foot,Open Play
West Ham United,Manuel Lanzini,101.4,51.1,0.053952873,21.660332407421635,Blocked,Right Foot,Open Play
West Ham United,Michail Antonio,96.8,52.6,0.026907055,26.400757564888174,Blocked,Left Foot,Open Play
West Ham United,Michail Antonio,113.8,36.6,0.35059437,7.071067811865476,Saved,Head,Open Play
West Ham United,Diafra Sakho,117.3,40.1,0.6442433,2.7018512172212623,Saved,Right Foot,Open Play
West Ham United,Manuel Lanzini,94.2,41.5,0.027366214,25.843567865138123,Blocked,Right Foot,Open Play
Swansea City,Kyle Naughton,108.4,53.6,0.077708766,17.87512237720346,Blocked,Right Foot,Open Play
Swansea City,André Ayew Pelé,113.2,44.9,0.087989755,8.381527307120102,Blocked,Right Foot,Open Play
West Ham United,Andy Carroll,112.3,27.8,0.10411159,14.426711336961034,Off T,Left Foot,Open Play
Swansea City,Leroy Fer,94.1,41.2,0.03799862,25.92778432492835,Off T,Left Foot,Open Play
West Ham United,Diafra Sakho,97.1,32.0,0.03290256,24.257163890281987,Blocked,Right Foot,Open Play
West Ham United,Diafra Sakho,111.3,48.3,0.08808686,12.024142381059866,Blocked,Right Foot,Open Play
Swansea City,Kyle Naughton,96.1,37.1,0.041745696,24.075298544358702,Saved,Right Foot,Open Play
West Ham United,Dimitri Payet,104.5,27.4,0.025068685,19.975234666956982,Blocked,Right Foot,Open Play
Swansea City,Bafétimbi Gomis,110.1,35.7,0.7645096,10.793516572461456,Goal,Right Foot,Open Play
Manchester United,Anthony Martial,103.2,21.6,0.016321553,24.915858403835895,Wayward,Right Foot,Open Play
AFC Bournemouth,Steve Cook,101.4,35.5,0.04014658,19.136614120580468,Blocked,Right Foot,Open Play
AFC Bournemouth,Marc Pugh,107.0,34.0,0.153464,14.317821063276353,Blocked,Right Foot,Open Play
Manchester United,Wayne Mark Rooney,109.1,38.9,0.4948001,10.955363982999385,Goal,Right Foot,Open Play
Manchester United,Wayne Mark Rooney,97.8,41.9,0.047370058,22.28115795913669,Blocked,Right Foot,Open Play
AFC Bournemouth,Callum Wilson,103.1,41.0,0.10398532,16.92955994702757,Blocked,Left Foot,Open Play
AFC Bournemouth,Matt Ritchie,107.8,54.0,0.05402875,18.569868066305695,Blocked,Left Foot,Open Play
AFC Bournemouth,Dan Gosling,102.1,35.5,0.056377526,18.456977000581656,Off T,Left Foot,Open Play
Manchester United,Michael Carrick,89.4,41.4,0.022490302,30.63200940193117,Blocked,Right Foot,Open Play
Manchester United,Juan Manuel Mata García,111.1,47.6,0.12025674,11.703418304068267,Blocked,Left Foot,Open Play
Manchester United,Jesse Lingard,104.3,38.9,0.08070511,15.73848785620779,Blocked,Right Foot,Open Play
Manchester United,Luis Antonio Valencia Mosquera,89.6,54.7,0.0070236344,33.7675880098061,Saved,Right Foot,Open Play
Manchester United,Chris Smalling,111.5,47.5,0.050139926,11.335784048754634,Off T,Head,Open Play
Manchester United,Juan Manuel Mata García,103.1,40.5,0.0788862,16.90739483184799,Saved,Right Foot,Open Play
Manchester United,Marcus Rashford,107.5,49.8,0.06819759,15.883639381451594,Goal,Right Foot,Open Play
AFC Bournemouth,Steve Cook,108.0,35.9,0.08326706,12.681088281373961,Off T,Right Foot,Open Play
Manchester United,Ashley Young,112.5,40.6,0.52906084,7.523961722390672,Goal,Right Foot,Open Play
Manchester United,Memphis Depay,93.5,33.8,0.032847762,27.215620514697072,Off T,Right Foot,Open Play
AFC Bournemouth,Max-Alain Gradel,111.8,32.5,0.16018006,11.112605455067683,Wayward,Left Foot,Open Play
Watford,Odion Jude Ighalo,95.8,39.2,0.067487694,24.213219529835353,Blocked,Left Foot,Open Play
Swansea City,Jack Frank Porteous Cork,98.1,39.6,0.117725596,21.903652663425802,Off T,Right Foot,Open Play
Watford,Troy Deeney,101.2,36.0,0.07269641,19.220822042774337,Blocked,Right Foot,Open Play
Swansea City,André Ayew Pelé,98.7,51.3,0.03511139,24.111822826157294,Saved,Left Foot,Open Play
Swansea City,Ashley Williams,110.6,39.5,0.08010904,9.413288479590973,Goal,Head,Open Play
Swansea City,André Ayew Pelé,111.6,20.6,0.008775782,21.1404824921287,Blocked,Left Foot,Open Play
Swansea City,Kyle Naughton,91.5,49.6,0.013199163,30.073410182418623,Blocked,Right Foot,Open Play
Swansea City,Sung-Yeung Ki,96.1,36.5,0.04460857,24.15491668377269,Off T,Left Foot,Open Play
Watford,Troy Deeney,106.1,26.1,0.049846683,19.65756851698602,Off T,Right Foot,Open Play
Swansea City,Leon Britton,98.8,50.5,0.024596997,23.657768280207666,Blocked,Left Foot,Open Play
Watford,José Manuel Jurado Marín,92.0,32.3,0.02545412,29.03945591776816,Saved,Right Foot,Open Play
Watford,José Manuel Jurado Marín,92.2,23.0,0.009227308,32.58588651548396,Off T,Right Foot,Open Play
Watford,José Manuel Jurado Marín,92.3,32.8,0.02670908,28.620447236198114,Off T,Right Foot,Open Play
Watford,Miguel Ángel Britos Cabrera,112.4,43.8,0.0840411,8.497058314499194,Off T,Head,Open Play
Swansea City,Jack Frank Porteous Cork,97.7,47.1,0.04250914,23.402991261802406,Off T,Right Foot,Open Play
Watford,José Manuel Jurado Marín,101.9,35.7,0.13686556,18.603763060198325,Off T,Right Foot,Open Play
Swansea City,Jack Frank Porteous Cork,108.6,21.3,0.011182586,21.900913222968583,Blocked,Right Foot,Open Play
Watford,Ben Watson,99.2,20.2,0.011056445,28.71724220742653,Blocked,Right Foot,Free Kick
Watford,José Manuel Jurado Marín,96.0,27.9,0.01785159,26.87768591229535,Saved,Right Foot,Open Play
Watford,José Manuel Jurado Marín,101.6,39.5,0.048702136,18.406792224611007,Off T,Left Foot,Open Play
Swansea City,Bafétimbi Gomis,107.4,46.6,0.11207517,14.223923509355634,Post,Left Foot,Open Play
Watford,Troy Deeney,100.1,32.6,0.038213905,21.23134475251156,Off T,Right Foot,Open Play
Everton,Muhamed Bešić,97.8,40.2,0.07161763,22.200900882621863,Post,Right Foot,Open Play
Everton,Gerard Deulofeu Lázaro,90.1,35.7,0.021893771,30.207614933986434,Saved,Right Foot,Open Play
Swansea City,Gylfi Þór Sigurðsson,107.9,40.2,0.7835,12.10165277968261,Goal,Right Foot,Penalty
Everton,Kevin Mirallas,89.0,36.2,0.026578601,31.232034836046143,Blocked,Right Foot,Free Kick
Swansea City,André Ayew Pelé,89.2,43.5,0.038039926,30.998225755678337,Off T,Left Foot,Open Play
Everton,Gerard Deulofeu Lázaro,106.6,50.3,0.064351015,16.901183390520323,Blocked,Right Foot,Open Play
Everton,Gareth Barry,115.0,49.9,0.048317395,11.090987332063813,Blocked,Left Foot,Open Play
Everton,Romelu Lukaku Menama,112.6,48.4,0.053938694,11.194641575325226,Off T,Head,Open Play
Swansea City,Wayne Routledge,113.0,51.4,0.064873695,13.377593206552515,Blocked,Right Foot,Open Play
Swansea City,André Ayew Pelé,106.5,24.9,0.041805346,20.25487595617411,Goal,Left Foot,Open Play
Everton,Romelu Lukaku Menama,104.2,30.2,0.09137975,18.59247159470736,Off T,Right Foot,Open Play
Everton,Ross Barkley,105.4,55.2,0.038026728,21.076052761368764,Blocked,Right Foot,Open Play
Swansea City,Wayne Routledge,108.0,29.3,0.19617131,16.07762420259909,Saved,Left Foot,Open Play
Everton,Steven Pienaar,116.9,28.5,0.023608437,11.910499569707392,Off T,Left Foot,Open Play
Swansea City,Gylfi Þór Sigurðsson,97.4,44.3,0.09968028,23.005434140654675,Saved,Left Foot,Open Play
Everton,Ross Barkley,98.5,39.2,0.024607508,21.514878572745886,Blocked,Left Foot,Open Play
Everton,Romelu Lukaku Menama,100.5,47.6,0.061867125,20.92868844433401,Off T,Left Foot,Open Play
Swansea City,Jack Frank Porteous Cork,94.6,40.3,0.033164233,25.401771591761083,Saved,Right Foot,Open Play
Everton,John Stones,107.8,40.7,0.12756123,12.220065466273086,Wayward,Right Foot,Open Play
Everton,Romelu Lukaku Menama,100.5,26.5,0.018174186,23.717082451262844,Blocked,Left Foot,Open Play
Everton,Steven Pienaar,97.1,44.6,0.028228698,23.357439928211317,Blocked,Left Foot,Open Play
Everton,Romelu Lukaku Menama,111.0,40.7,0.09050282,9.027181176868005,Saved,Head,Open Play
Everton,Séamus Coleman,111.9,47.4,0.09066798,10.971326264403949,Off T,Right Foot,Open Play
Everton,Romelu Lukaku Menama,108.8,40.3,0.052406035,11.204017136723778,Off T,Head,Open Play
Everton,John Stones,112.5,30.6,0.044307817,12.02538980657176,Wayward,Head,Open Play
Everton,Séamus Coleman,116.9,42.8,0.57685894,4.177319714841078,Off T,Left Foot,Open Play
Southampton,Ryan Bertrand,116.2,64.3,0.005467016,24.595324758986205,Off T,Left Foot,Free Kick
Southampton,Graziano Pellè,101.1,44.6,0.09342247,19.45173514111274,Off T,Right Foot,Open Play
Sunderland,Fabio Borini,111.3,55.4,0.027694894,17.68756625429287,Blocked,Right Foot,Open Play
Southampton,Dušan Tadić,107.9,32.9,0.058367606,14.029255147726122,Saved,Left Foot,Open Play
Sunderland,Jan Kirchhoff,103.9,47.6,0.06306612,17.803651310896868,Off T,Right Foot,Open Play
Southampton,Virgil van Dijk,113.8,36.1,0.1272144,7.324616030891996,Saved,Head,Open Play
Sunderland,Jack Rodwell,106.9,38.2,0.11114753,13.223085872821057,Off T,Right Foot,Open Play
Southampton,Oriol Romeu Vidal,114.1,35.3,0.44914132,7.54320886625845,Saved,Right Foot,Open Play
Southampton,Graziano Pellè,111.4,34.4,0.0983268,10.262553288533995,Blocked,Left Foot,Open Play
Sunderland,Patrick van Aanholt,91.8,28.1,0.015998386,30.608005488760618,Blocked,Left Foot,Open Play
Sunderland,Fabio Borini,101.7,51.5,0.027427327,21.613421755936745,Off T,Right Foot,Open Play
Sunderland,Fabio Borini,111.1,57.7,0.013413254,19.811612756158954,Saved,Right Foot,Open Play
Southampton,Oriol Romeu Vidal,94.0,41.8,0.04527305,26.062233212063774,Off T,Right Foot,Open Play
Sunderland,Wahbi Khazri,93.9,42.7,0.02538652,26.239283526803845,Blocked,Right Foot,Open Play
Southampton,Ryan Bertrand,102.5,46.5,0.06297141,18.66815470259447,Blocked,Left Foot,Open Play
Southampton,Graziano Pellè,108.5,33.7,0.1596491,13.1125893705248,Blocked,Left Foot,Open Play
Southampton,James Ward-Prowse,96.8,41.1,0.03628066,23.226062946612373,Blocked,Right Foot,Open Play
Southampton,Graziano Pellè,100.9,48.3,0.05237275,20.825465180878908,Blocked,Right Foot,Open Play
Sunderland,Patrick van Aanholt,99.1,46.5,0.086352594,21.887439320304242,Saved,Left Foot,Free Kick
Sunderland,Jermain Defoe,103.0,25.9,0.026143063,22.086421167767313,Blocked,Right Foot,Open Play
Sunderland,Sebastian Larsson,104.3,42.3,0.090114966,15.867577004697349,Off T,Left Foot,Open Play
Sunderland,Jermain Defoe,110.0,45.8,0.30087548,11.560276813294738,Goal,Right Foot,Open Play
Southampton,Dušan Tadić,106.2,33.6,0.09269271,15.211837495845131,Blocked,Left Foot,Open Play
Southampton,Juan Miguel Jiménez López,105.2,44.4,0.08269977,15.440207252495023,Blocked,Left Foot,Open Play
Southampton,Rhu-endly Martina,110.1,53.4,0.08214656,16.660432167263853,Saved,Right Foot,Open Play
Southampton,James Ward-Prowse,90.8,45.9,0.021230843,29.79009902635438,Blocked,Right Foot,Open Play
Southampton,Virgil van Dijk,109.0,36.2,0.11286485,11.637869220780923,Goal,Left Foot,Open Play
Manchester United,Luis Antonio Valencia Mosquera,98.5,56.3,0.019676253,26.980363229578654,Blocked,Right Foot,Open Play
Manchester United,Marcus Rashford,97.3,49.5,0.04117263,24.607722365143836,Blocked,Right Foot,Open Play
Manchester United,Anthony Martial,112.9,28.3,0.095508166,13.685759021698427,Goal,Right Foot,Open Play
Leicester City,Shinji Okazaki,114.7,45.3,0.17864606,7.4953318805774,Off T,Head,Open Play
Manchester United,Jesse Lingard,108.4,47.2,0.08741134,13.652838532700805,Saved,Right Foot,Open Play
Manchester United,Wayne Mark Rooney,91.0,36.4,0.025451591,29.22259399848001,Blocked,Right Foot,Open Play
Leicester City,Wes Morgan,113.5,44.5,0.1401764,7.905694150420948,Goal,Head,Open Play
Manchester United,Wayne Mark Rooney,100.3,45.6,0.10181554,20.48047851003487,Off T,Right Foot,Open Play
Manchester United,Wayne Mark Rooney,97.4,36.7,0.08189385,22.83965849131724,Blocked,Right Foot,Free Kick
Leicester City,Jeffrey Schlupp,104.1,34.6,0.05512472,16.79196236298784,Blocked,Left Foot,Open Play
Manchester United,Marcus Rashford,111.2,24.6,0.027952766,17.736967046256808,Blocked,Right Foot,Open Play
Manchester United,Marouane Fellaini-Bakkioui,114.8,35.7,0.11706415,6.747592163134936,Saved,Head,Open Play
Leicester City,José Leonardo Ulloa,109.6,44.9,0.089978114,11.496521212958296,Off T,Head,Open Play
Leicester City,Wes Morgan,112.6,40.5,0.10921611,7.416872656315469,Off T,Head,Open Play
Manchester United,Wayne Mark Rooney,94.3,38.5,0.034146473,25.743737102448822,Blocked,Right Foot,Open Play
Leicester City,Wes Morgan,110.3,45.6,0.028388238,11.200446419674533,Saved,Head,Open Play
Manchester United,Anthony Martial,108.9,27.3,0.043848623,16.867127793432996,Off T,Right Foot,Open Play
Leicester City,José Leonardo Ulloa,113.6,35.8,0.12004875,7.655063683601861,Off T,Head,Open Play
Leicester City,José Leonardo Ulloa,100.5,42.2,0.049076196,19.623710148695125,Blocked,Right Foot,Open Play
Leicester City,José Leonardo Ulloa,111.2,37.5,0.07002174,9.148223871331526,Wayward,Head,Open Play
Manchester United,Jesse Lingard,103.2,23.6,0.030676328,23.4776489453267,Saved,Right Foot,Open Play
Manchester United,Wayne Mark Rooney,101.2,52.3,0.032174326,22.466196829904252,Off T,Right Foot,Open Play
Manchester United,Faustino Marcos Alberto Rojo,96.0,24.7,0.023490073,28.462080036427416,Blocked,Left Foot,Open Play
Leicester City,José Leonardo Ulloa,106.8,43.2,0.051318374,13.58234147707972,Off T,Head,Open Play
Leicester City,Shinji Okazaki,99.4,27.2,0.020820946,24.252834885843754,Blocked,Right Foot,Open Play
Manchester United,Marouane Fellaini-Bakkioui,110.4,37.4,0.056107264,9.94585340732508,Off T,Head,Open Play
Manchester United,Marcus Rashford,94.6,43.5,0.051139284,25.640007800310833,Blocked,Right Foot,Open Play
Leicester City,Riyad Mahrez,96.8,40.0,0.0589853,23.200000000000003,Saved,Left Foot,Open Play
Leicester City,Danny Drinkwater,95.1,41.2,0.04446947,24.928898892650682,Blocked,Left Foot,Open Play
Manchester United,Chris Smalling,111.0,47.1,0.036448408,11.463420083029323,Post,Head,Open Play
Leicester City,José Leonardo Ulloa,107.5,30.6,0.11583086,15.640012787718556,Wayward,Right Foot,Open Play
Manchester United,Juan Manuel Mata García,116.3,37.6,0.27393204,4.410215414239991,Off T,Head,Open Play
Manchester United,Wayne Mark Rooney,109.2,16.9,0.0067393854,25.5,Saved,Right Foot,Free Kick
Manchester United,Memphis Depay,96.7,24.4,0.039668746,28.040149785619903,Blocked,Right Foot,Free Kick
Manchester United,Wayne Mark Rooney,93.0,32.6,0.023747947,27.995713957675736,Saved,Right Foot,Open Play
Southampton,James Ward-Prowse,96.1,19.8,0.010029385,31.292970456637704,Goal,Right Foot,Free Kick
West Bromwich Albion,Craig Gardner,108.1,33.8,0.041601956,13.418271125595881,Off T,Head,Open Play
West Bromwich Albion,Craig Gardner,99.0,41.0,0.058983512,21.02379604162864,Off T,Right Foot,Open Play
Southampton,Sadio Mané,109.6,38.7,0.05316601,10.480935072788121,Blocked,Head,Open Play
West Bromwich Albion,Victor Chinedu Anichebe,113.3,45.5,0.078432344,8.668333173107737,Blocked,Head,Open Play
Southampton,Shane Long,93.5,47.6,0.035987433,27.568278872646367,Saved,Right Foot,Open Play
Southampton,James Ward-Prowse,108.1,39.9,0.7835,11.900420160649796,Goal,Right Foot,Penalty
Southampton,Sadio Mané,112.1,32.0,0.049719237,11.243220179290276,Blocked,Left Foot,Open Play
Southampton,Matt Targett,112.7,29.2,0.12364924,13.03572015655445,Blocked,Left Foot,Open Play
West Bromwich Albion,Victor Chinedu Anichebe,112.4,41.6,0.11439753,7.766595135579034,Off T,Head,Open Play
West Bromwich Albion,Stéphane Sessègnon,100.7,32.2,0.04338242,20.81657993043045,Off T,Left Foot,Open Play
Southampton,Cédric Ricardo Alves Soares,95.9,47.6,0.029153382,25.26994261964201,Off T,Right Foot,Open Play
West Bromwich Albion,Stéphane Sessègnon,95.1,49.4,0.024799073,26.615221208924797,Off T,Right Foot,Open Play
Southampton,Sadio Mané,111.7,51.4,0.14446472,14.101418368376988,Off T,Right Foot,Open Play
West Bromwich Albion,Victor Chinedu Anichebe,100.9,41.9,0.029513847,19.194269978303414,Off T,Right Foot,Open Play
Southampton,Dušan Tadić,114.6,29.4,0.069409356,11.896217886370446,Goal,Left Foot,Open Play
West Bromwich Albion,Chris Brunt,95.6,20.0,0.009001613,31.549326458737596,Blocked,Left Foot,Open Play
West Bromwich Albion,José Salomón Rondón Giménez,101.6,38.9,0.05000921,18.432851108821993,Blocked,Left Foot,Open Play
West Bromwich Albion,Chris Brunt,93.9,33.8,0.019227482,26.826293072282642,Off T,Left Foot,Open Play
Crystal Palace,Jason Puncheon,104.5,44.6,0.053102914,16.168178623456633,Off T,Left Foot,Open Play
Newcastle United,Georginio Wijnaldum,103.4,40.5,0.058929555,16.607528413343143,Saved,Right Foot,Open Play
Crystal Palace,Yohan Cabaye,113.0,53.8,0.02990489,15.473848907107756,Saved,Right Foot,Open Play
Crystal Palace,Yannick Bolasie Yala,88.1,29.6,0.02010923,33.55249618135736,Off T,Right Foot,Open Play
Newcastle United,Chancel Mbemba Mangulu,84.8,48.1,0.006429839,36.11993909186449,Saved,Right Foot,Open Play
Newcastle United,Andros Townsend,98.4,53.6,0.021404551,25.524889813670104,Wayward,Right Foot,Open Play
Crystal Palace,Yannick Bolasie Yala,99.0,49.7,0.026299719,23.13201245028197,Saved,Right Foot,Open Play
Crystal Palace,Connor Wickham,112.9,35.3,0.089152694,8.514693182963198,Wayward,Head,Open Play
Crystal Palace,Damien Delaney,99.0,26.5,0.02350845,24.964975465639856,Wayward,Left Foot,Open Play
Newcastle United,Jack Colback,107.2,51.6,0.08371089,17.274258305351346,Off T,Left Foot,Open Play
Newcastle United,Georginio Wijnaldum,108.1,50.9,0.06851591,16.13753388842298,Blocked,Right Foot,Open Play
Newcastle United,Andros Townsend,91.4,46.5,0.023913365,29.329336848964036,Saved,Right Foot,Open Play
Newcastle United,Andros Townsend,95.4,57.1,0.014902779,29.959472625531973,Goal,Left Foot,Free Kick
Newcastle United,Andros Townsend,100.9,49.2,0.044537436,21.200235847744707,Blocked,Left Foot,Open Play
Crystal Palace,Yohan Cabaye,108.0,40.0,0.7835,12.0,Saved,Right Foot,Penalty
Crystal Palace,Yannick Bolasie Yala,96.9,30.3,0.02734876,25.0539418056321,Blocked,Right Foot,Open Play
Newcastle United,Ayoze Pérez Gutiérrez,105.0,33.4,0.07584926,16.387800340497197,Off T,Left Foot,Open Play
Crystal Palace,Yohan Cabaye,92.7,47.8,0.015724743,28.392428568194017,Off T,Right Foot,Open Play
Newcastle United,Vurnon Anita,105.1,53.2,0.047552,19.90602923739439,Blocked,Left Foot,Open Play
Norwich City,Jonathan Howson,105.0,34.4,0.064232126,16.011246047700347,Blocked,Right Foot,Open Play
Norwich City,Robert Brady,96.9,26.0,0.023900863,27.01129393420463,Saved,Left Foot,Open Play
Norwich City,Dieumerci Mbokani Bezua,112.8,41.1,0.12795897,7.28354309385206,Saved,Head,Open Play
Sunderland,Fabio Borini,112.2,54.9,0.029267844,16.81814496310458,Off T,Right Foot,Open Play
Sunderland,Patrick van Aanholt,97.1,28.2,0.024141833,25.761405241174256,Off T,Right Foot,Open Play
Norwich City,Steven Naismith,109.0,55.7,0.03604895,19.170028690641026,Blocked,Right Foot,Open Play
Norwich City,Martin Olsson,86.4,35.3,0.012009466,33.927127788835875,Saved,Left Foot,Open Play
Sunderland,Lee Cattermole,110.2,43.2,0.11158535,10.309219175087897,Off T,Right Foot,Open Play
Norwich City,Dieumerci Mbokani Bezua,111.2,31.2,0.030243143,12.445079348883235,Blocked,Head,Open Play
Sunderland,Fabio Borini,108.2,40.1,0.7835,11.800423721205943,Goal,Right Foot,Penalty
Sunderland,Fabio Borini,99.1,32.5,0.04463159,22.20495440211486,Off T,Left Foot,Open Play
Norwich City,Jonathan Howson,99.0,32.9,0.01974022,22.16776939613005,Blocked,Right Foot,Open Play
Norwich City,Nathan Redmond,88.2,44.6,0.022751378,32.130981933330325,Post,Right Foot,Open Play
Norwich City,Sébastien Aymar Bassong Nguena,86.3,26.2,0.006081147,36.4160678821863,Off T,Left Foot,Open Play
Sunderland,Jermain Defoe,112.9,37.2,0.3399055,7.632168761236867,Goal,Right Foot,Open Play
Norwich City,Steven Naismith,116.2,41.6,0.34847996,4.123105625617659,Wayward,Head,Open Play
Norwich City,Dieumerci Mbokani Bezua,110.3,45.3,0.10099297,11.05350623105628,Blocked,Right Foot,Open Play
Norwich City,Dieumerci Mbokani Bezua,110.6,42.0,0.1817858,9.610411021387176,Blocked,Head,Open Play
Norwich City,Wes Hoolahan,103.0,35.6,0.062218376,17.560182231400677,Saved,Left Foot,Open Play
Sunderland,Sebastian Larsson,91.5,54.5,0.019652124,31.976553910638962,Off T,Right Foot,Free Kick
Norwich City,Nathan Redmond,96.1,38.3,0.031827822,23.96038397021217,Saved,Right Foot,Open Play
Norwich City,Nathan Redmond,93.6,37.0,0.03571742,26.56990779058144,Blocked,Left Foot,Open Play
Norwich City,Jonathan Howson,109.4,41.2,0.061773457,10.667708282475665,Blocked,Head,Open Play
Norwich City,Cameron Jerome,113.6,53.6,0.04810535,15.030635382444752,Off T,Right Foot,Open Play
Norwich City,Gary O''Neil,99.5,39.7,0.05121066,20.50219500443794,Off T,Right Foot,Open Play
Sunderland,Duncan Watmore,115.9,32.8,0.4246739,8.285529554590942,Goal,Left Foot,Open Play
Norwich City,Wes Hoolahan,97.8,60.4,0.009503548,30.149626863362673,Off T,Left Foot,Open Play
Crystal Palace,Joe Ledley,104.5,38.0,0.05472135,15.628499608087784,Saved,Head,Open Play
West Ham United,Michail Antonio,98.8,55.6,0.034964707,26.321094202179363,Saved,Left Foot,Open Play
Crystal Palace,Damien Delaney,117.1,35.0,0.2991533,5.780138406647373,Goal,Head,Open Play
West Ham United,Manuel Lanzini,108.5,34.9,0.19609444,12.580143083447025,Goal,Right Foot,Open Play
Crystal Palace,Scott Dann,107.2,44.2,0.035810243,13.471451295239126,Off T,Head,Open Play
West Ham United,Diafra Sakho,110.0,31.1,0.1725998,13.386933928274987,Saved,Right Foot,Open Play
West Ham United,Dimitri Payet,91.7,46.5,0.024683721,29.03687310989253,Saved,Right Foot,Open Play
West Ham United,Dimitri Payet,94.7,23.7,0.026760537,30.096179159488,Off T,Right Foot,Free Kick
Crystal Palace,Jason Puncheon,113.0,42.5,0.30971512,7.433034373659253,Off T,Left Foot,Open Play
West Ham United,Michail Antonio,110.3,45.1,0.13189259,10.959014554237989,Blocked,Right Foot,Open Play
West Ham United,Michail Antonio,114.3,49.0,0.050421264,10.653168542738824,Blocked,Right Foot,Open Play
West Ham United,Diafra Sakho,115.5,38.7,0.17642625,4.684015371452147,Off T,Head,Open Play
West Ham United,Dimitri Payet,98.5,27.7,0.05842888,24.76973960299139,Goal,Right Foot,Free Kick
West Ham United,Diafra Sakho,107.4,35.9,0.10961474,13.250283015845355,Wayward,Left Foot,Open Play
West Ham United,Manuel Lanzini,88.8,51.9,0.015369049,33.39236439667009,Saved,Right Foot,Open Play
West Ham United,Mark Noble,100.8,42.7,0.11252952,19.388914358467833,Wayward,Left Foot,Open Play
Crystal Palace,Bakary Sako,97.6,36.9,0.07462669,22.613491548188666,Blocked,Left Foot,Open Play
Crystal Palace,Bakary Sako,115.5,31.6,0.12425504,9.529428104561154,Off T,Left Foot,Open Play
Crystal Palace,Mile Jedinak,111.9,52.0,0.05104473,14.477914214416382,Blocked,Left Foot,Open Play
Crystal Palace,Mile Jedinak,111.7,52.5,0.047468353,15.004665940966495,Saved,Right Foot,Open Play
West Ham United,Andy Carroll,92.0,38.9,0.029866714,28.021598812344738,Blocked,Left Foot,Open Play
Crystal Palace,Dwight Gayle,110.3,35.6,0.3582075,10.651291001564084,Goal,Right Foot,Open Play
West Ham United,Enner Remberto Valencia Lastra,104.5,35.6,0.14833297,16.11241757155021,Blocked,Right Foot,Open Play
West Ham United,Andy Carroll,109.9,46.5,0.04575657,12.010828447696682,Wayward,Left Foot,Open Play
West Ham United,Winston Reid,104.4,30.0,0.046491757,18.529975715040745,Wayward,Right Foot,Open Play
West Ham United,Manuel Lanzini,98.2,41.7,0.049377706,21.86618393776106,Blocked,Left Foot,Open Play
Crystal Palace,Bakary Sako,110.0,32.2,0.0950619,12.68227108999015,Blocked,Left Foot,Open Play
West Ham United,Andy Carroll,91.8,29.8,0.016603522,29.98799759903952,Blocked,Left Foot,Open Play
Crystal Palace,Jason Puncheon,98.1,40.2,0.043515306,21.900913222968587,Blocked,Left Foot,Open Play
Crystal Palace,Scott Dann,106.9,52.5,0.038839087,18.10690476033935,Off T,Right Foot,Open Play
Newcastle United,Jonjo Shelvey,94.3,30.4,0.024175812,27.43446737226732,Off T,Right Foot,Open Play
AFC Bournemouth,Dan Gosling,102.0,56.7,0.019458482,24.55381844031596,Blocked,Right Foot,Open Play
AFC Bournemouth,Steve Cook,110.5,40.8,0.07049506,9.533624704172071,Blocked,Head,Open Play
AFC Bournemouth,Max-Alain Gradel,105.6,42.1,0.09823151,14.552319402761889,Blocked,Right Foot,Open Play
AFC Bournemouth,Benik Afobe,111.3,33.8,0.078030586,10.68316432523623,Off T,Right Foot,Open Play
Newcastle United,Daryl Janmaat,100.1,53.2,0.032064207,23.879907872519112,Blocked,Left Foot,Open Play
Newcastle United,Ayoze Pérez Gutiérrez,98.9,42.9,0.058567002,21.298356744124643,Off T,Right Foot,Open Play
Newcastle United,Emmanuel Rivière,106.1,44.5,0.08604375,14.610270360263705,Blocked,Right Foot,Open Play
AFC Bournemouth,Steve Cook,113.5,34.1,0.073144324,8.778382538941896,Saved Off Target,Head,Open Play
Newcastle United,Ayoze Pérez Gutiérrez,92.5,46.8,0.030199558,28.328254446753334,Off T,Right Foot,Open Play
Newcastle United,Steven Taylor,109.5,46.8,0.063562,12.50959631642844,Blocked,Right Foot,Open Play
Newcastle United,Moussa Sissoko,108.5,44.1,0.08466651,12.209013064126028,Off T,Head,Open Play
AFC Bournemouth,Max-Alain Gradel,92.3,29.1,0.0271012,29.767431867730885,Off T,Right Foot,Open Play
AFC Bournemouth,Joshua King,99.6,43.5,0.06634845,20.698067542647557,Blocked,Right Foot,Open Play
AFC Bournemouth,Adam Smith,102.9,60.8,0.01011782,26.926752496355732,Saved,Right Foot,Open Play
AFC Bournemouth,Dan Gosling,98.4,47.9,0.049327426,22.999347816840366,Blocked,Left Foot,Open Play
AFC Bournemouth,Joshua King,106.0,47.4,0.084015764,15.835403373454053,Blocked,Left Foot,Open Play
Newcastle United,Ayoze Pérez Gutiérrez,100.9,45.7,0.03971511,19.93238570768687,Blocked,Right Foot,Open Play
AFC Bournemouth,Max-Alain Gradel,102.3,48.2,0.058841422,19.507178165998283,Blocked,Right Foot,Open Play
Newcastle United,Aleksandar Mitrović,96.7,33.4,0.044228535,24.21672975444868,Off T,Right Foot,Open Play
Newcastle United,Daryl Janmaat,111.5,55.5,0.027493108,17.67766952966369,Saved,Right Foot,Open Play
Newcastle United,Moussa Sissoko,98.8,53.1,0.032418437,24.920874784003875,Saved,Right Foot,Open Play
Newcastle United,Aleksandar Mitrović,109.9,49.7,0.08954911,14.003570973148241,Blocked,Left Foot,Open Play
AFC Bournemouth,Joshua King,110.7,50.6,0.25085828,14.10141836837699,Goal,Right Foot,Open Play
Newcastle United,Ayoze Pérez Gutiérrez,107.4,26.5,0.052644193,18.466456075814868,Blocked,Right Foot,Open Play
Newcastle United,Ayoze Pérez Gutiérrez,103.5,39.3,0.35344493,16.514841809717705,Goal,Right Foot,Open Play
AFC Bournemouth,Lewis Grabban,94.5,33.2,0.038115874,26.39109698364204,Saved,Right Foot,Open Play
AFC Bournemouth,Marc Pugh,112.7,28.1,0.07977461,13.960659010233003,Saved,Right Foot,Open Play
AFC Bournemouth,Lewis Grabban,110.3,52.8,0.068297185,16.060199251565965,Off T,Right Foot,Open Play
Newcastle United,Georginio Wijnaldum,104.8,50.2,0.069007844,18.3051905207239,Blocked,Right Foot,Open Play
AFC Bournemouth,Charlie Daniels,104.5,26.7,0.056388855,20.424005483743876,Goal,Left Foot,Open Play
Crystal Palace,Jason Puncheon,96.0,50.8,0.0642476,26.31805463935357,Off T,Left Foot,Free Kick
Tottenham Hotspur,Heung-Min Son,86.0,48.5,0.011207436,35.04639781775011,Off T,Left Foot,Open Play
Tottenham Hotspur,Harry Kane,118.5,55.7,0.010068606,15.771493271088826,Saved,Right Foot,Open Play
Tottenham Hotspur,Toby Alderweireld,108.6,41.1,0.042785387,11.452947218947624,Off T,Head,Open Play
Crystal Palace,Connor Wickham,112.6,44.9,0.10812075,8.8752464754507,Blocked,Right Foot,Open Play
Tottenham Hotspur,Heung-Min Son,102.4,59.3,0.008216988,26.119915773217947,Blocked,Right Foot,Open Play
Tottenham Hotspur,Bamidele Alli,108.8,45.5,0.09000444,12.477579893553079,Saved,Right Foot,Open Play
Tottenham Hotspur,Toby Alderweireld,98.2,58.4,0.010555647,28.52718002186686,Off T,Right Foot,Open Play
Tottenham Hotspur,Bamidele Alli,102.4,22.8,0.02552191,24.608941464435233,Saved,Right Foot,Open Play
Crystal Palace,Yohan Cabaye,98.6,37.2,0.031978928,21.58240023723034,Blocked,Right Foot,Open Play
Tottenham Hotspur,Mousa Sidi Yaya Dembélé,99.8,60.3,0.0106028095,28.6379119350556,Blocked,Left Foot,Open Play
Crystal Palace,Wilfried Zaha,108.1,56.9,0.04252152,20.669300907384365,Off T,Right Foot,Open Play
Tottenham Hotspur,Danny Rose,112.8,31.1,0.10114883,11.447707194019246,Saved,Left Foot,Open Play
Crystal Palace,Joe Ledley,93.4,29.5,0.0215157,28.59737750214169,Blocked,Left Foot,Open Play
Tottenham Hotspur,Bamidele Alli,94.9,42.8,0.029934289,25.255692427648857,Off T,Right Foot,Open Play
Tottenham Hotspur,Christian Dannemann Eriksen,96.2,58.1,0.009479049,29.90066888883926,Off T,Right Foot,Open Play
Tottenham Hotspur,Harry Kane,113.8,33.9,0.19936599,8.697700845625818,Saved,Head,Open Play
Tottenham Hotspur,Bamidele Alli,94.1,32.7,0.030132962,26.909106265351888,Blocked,Right Foot,Open Play
Tottenham Hotspur,Christian Dannemann Eriksen,85.7,34.3,0.019820511,34.77038970158373,Saved,Right Foot,Free Kick
Tottenham Hotspur,Mousa Sidi Yaya Dembélé,96.5,30.3,0.03623,25.423217734976035,Blocked,Left Foot,Open Play
Tottenham Hotspur,Harry Kane,116.2,37.5,0.22950903,4.548626166217661,Goal,Head,Open Play
Tottenham Hotspur,Christian Dannemann Eriksen,95.1,22.2,0.011873002,30.60800548876062,Blocked,Right Foot,Free Kick
Crystal Palace,Wilfried Zaha,105.2,50.5,0.088235915,18.146349495146396,Saved,Left Foot,Open Play
Crystal Palace,Pape N''Diaye Souaré,97.0,39.3,0.03109607,23.01064970834157,Saved,Right Foot,Open Play
Crystal Palace,Damien Delaney,110.9,34.5,0.17658108,10.632967600815865,Blocked,Left Foot,Open Play
Crystal Palace,Scott Dann,114.8,51.0,0.04264035,12.167168939404105,Post,Head,Open Play
Crystal Palace,Mile Jedinak,116.2,35.6,0.17440021,5.81377674149945,Blocked,Right Foot,Open Play
Tottenham Hotspur,Christian Dannemann Eriksen,96.6,31.3,0.04068011,24.96497546563986,Blocked,Left Foot,Open Play
Tottenham Hotspur,Bamidele Alli,97.6,35.7,0.042854954,22.80898945591409,Goal,Right Foot,Open Play
Tottenham Hotspur,Bamidele Alli,64.3,25.1,0.0029118003,57.65847726050351,Saved,Right Foot,Open Play
Crystal Palace,Fraizer Campbell,111.2,39.8,0.14032143,8.802272433866152,Saved,Head,Open Play
Tottenham Hotspur,Harry Kane,92.6,38.8,0.025000682,27.426264783962115,Blocked,Right Foot,Open Play
Tottenham Hotspur,Bamidele Alli,109.9,29.1,0.38039085,14.860013458944103,Post,Right Foot,Open Play
Tottenham Hotspur,Nabil Bentaleb,100.3,27.7,0.06644827,23.22455596992115,Saved,Left Foot,Open Play
Tottenham Hotspur,Nacer Chadli,94.2,33.5,0.028571052,26.606202284429845,Goal,Right Foot,Open Play
Crystal Palace,Yannick Bolasie Yala,87.1,35.1,0.018623501,33.26289223744683,Saved,Right Foot,Open Play
Leicester City,Riyad Mahrez,103.0,49.3,0.4010443,19.377564346429093,Saved,Left Foot,Open Play
Crystal Palace,Yannick Bolasie Yala,102.6,23.1,0.030921102,24.256339377573035,Blocked,Right Foot,Open Play
Crystal Palace,Yannick Bolasie Yala,95.8,20.3,0.008790727,31.204647089816607,Blocked,Right Foot,Open Play
Crystal Palace,Wilfried Zaha,114.4,49.5,0.1496035,11.027692415006864,Off T,Right Foot,Open Play
Crystal Palace,Yannick Bolasie Yala,108.5,35.2,0.031598173,12.461540835707275,Off T,Head,Open Play
Leicester City,Riyad Mahrez,110.8,44.0,0.38573304,10.031948963187565,Goal,Left Foot,Open Play
Crystal Palace,Yannick Bolasie Yala,106.6,25.8,0.048444763,19.524343778985255,Saved,Left Foot,Open Play
Leicester City,Marc Albrighton,103.2,27.0,0.045090854,21.242410409367388,Saved,Right Foot,Open Play
Leicester City,Shinji Okazaki,104.7,48.7,0.067239545,17.600568172647154,Off T,Right Foot,Open Play
Leicester City,Riyad Mahrez,99.3,51.1,0.03755242,23.488294957276064,Off T,Left Foot,Open Play
Leicester City,Shinji Okazaki,117.9,34.9,0.22530487,5.51543289325507,Off T,Head,Open Play
Leicester City,Jamie Vardy,112.0,43.4,0.11676653,8.692525524840292,Blocked,Right Foot,Open Play
Crystal Palace,Mile Jedinak,114.0,41.9,0.12644796,6.2936475910238245,Off T,Head,Open Play
Crystal Palace,Bakary Sako,99.1,61.2,0.009865704,29.769951293208397,Saved,Left Foot,Open Play
Crystal Palace,Scott Dann,84.5,52.2,0.0057449983,37.53784756748847,Blocked,Right Foot,Open Play
Leicester City,Christian Fuchs,97.8,40.0,0.0425754,22.200000000000003,Blocked,Right Foot,Open Play
Crystal Palace,Wilfried Zaha,115.1,28.9,0.056643613,12.133424908079338,Wayward,Right Foot,Open Play
Crystal Palace,Bakary Sako,97.9,59.4,0.00996506,29.406971962444548,Saved,Left Foot,Open Play
Crystal Palace,Yohan Cabaye,100.1,40.5,0.04167392,19.906280415989325,Blocked,Right Foot,Open Play
Crystal Palace,Damien Delaney,110.9,39.1,0.07314373,9.14439719172346,Post,Left Foot,Open Play
Southampton,Oriol Romeu Vidal,89.2,54.1,0.006843839,33.8740313514645,Off T,Right Foot,Open Play
Southampton,Shane Long,107.7,37.9,0.08798279,12.47798060585125,Goal,Head,Open Play
Southampton,Sadio Mané,102.2,39.4,0.2174844,17.810109488714545,Saved,Right Foot,Open Play
Southampton,Matt Targett,88.0,30.6,0.012415907,33.35206140555633,Blocked,Left Foot,Open Play
Southampton,Shane Long,115.9,27.2,0.02405295,13.440610105199838,Saved,Right Foot,Open Play
Watford,Odion Jude Ighalo,107.5,28.2,0.0702575,17.189822570346678,Blocked,Left Foot,Open Play
Southampton,Sadio Mané,101.4,43.5,0.40881008,18.926436537288254,Post,Right Foot,Open Play
Southampton,José Miguel da Rocha Fonte,103.3,38.9,0.0816504,16.73618833546038,Off T,Left Foot,Open Play
Watford,José Manuel Jurado Marín,92.0,57.0,0.0074242004,32.7566787083184,Blocked,Right Foot,Open Play
Southampton,Shane Long,104.8,39.7,0.029509466,15.202960238058905,Saved,Head,Open Play
Southampton,Sadio Mané,112.6,42.3,0.26081473,7.749193506423754,Blocked,Head,Open Play
Southampton,Shane Long,112.6,41.7,0.09052512,7.592759709091292,Blocked,Head,Open Play
Southampton,Oriol Romeu Vidal,92.4,47.9,0.030689068,28.708361151413705,Saved,Left Foot,Open Play
Southampton,Sadio Mané,118.1,31.8,0.2340425,8.417244204607588,Off T,Left Foot,Open Play
Southampton,Sadio Mané,103.5,47.5,0.07490347,18.12456896039186,Off T,Right Foot,Open Play
Southampton,Dušan Tadić,106.5,42.6,0.16213788,13.748090776540575,Goal,Left Foot,Open Play
Watford,Troy Deeney,87.2,46.6,0.019603154,33.45743564590687,Blocked,Right Foot,Open Play
Watford,Craig Cathcart,85.1,54.4,0.0072189956,37.754072627996045,Saved,Right Foot,Open Play
Southampton,Dušan Tadić,109.1,25.3,0.06316786,18.300273222004094,Off T,Left Foot,Open Play
Norwich City,Nathan Redmond,108.5,49.8,0.094822526,15.109268678529745,Saved,Right Foot,Open Play
Norwich City,Cameron Jerome,107.5,45.1,0.06488609,13.500370365289983,Off T,Right Foot,Open Play
Norwich City,Sébastien Aymar Bassong Nguena,106.9,40.1,0.030832577,13.100381673829196,Off T,Head,Open Play
Arsenal,Alex Iwobi,111.8,23.0,0.014925547,18.874321179846444,Off T,Left Foot,Open Play
Arsenal,Olivier Giroud,106.7,41.9,0.19867674,13.4350288425444,Blocked,Right Foot,Open Play
Norwich City,Cameron Jerome,92.1,29.4,0.024895595,29.845770219580533,Saved,Right Foot,Open Play
Arsenal,Alexis Alejandro Sánchez Sánchez,112.6,51.9,0.044462215,14.013208055259867,Blocked,Right Foot,Open Play
Arsenal,Mohamed Naser Elsayed Elneny,99.3,34.7,0.046920236,21.36773268271578,Blocked,Right Foot,Open Play
Arsenal,Laurent Koscielny,114.9,48.6,0.06724663,9.99849988748312,Off T,Head,Open Play
Arsenal,Alex Iwobi,103.4,24.9,0.024038302,22.440365415919587,Blocked,Right Foot,Open Play
Norwich City,Nathan Redmond,108.7,51.4,0.08847889,16.051479682571323,Saved,Right Foot,Open Play
Norwich City,Gary O''Neil,101.9,32.2,0.1635419,19.709134937891104,Off T,Right Foot,Open Play
Norwich City,Nathan Redmond,102.1,43.3,0.051772732,18.201648277010523,Off T,Right Foot,Open Play
Arsenal,Per Mertesacker,107.0,37.6,0.054563478,13.219682295728592,Off T,Head,Open Play
Arsenal,Mohamed Naser Elsayed Elneny,97.8,39.4,0.025609624,22.2081066279861,Blocked,Right Foot,Open Play
Arsenal,Olivier Giroud,108.9,33.9,0.05040848,12.665701717630961,Blocked,Right Foot,Open Play
Arsenal,Daniel Nii Tackie Mensah Welbeck,104.1,40.7,0.072252095,15.915401345866217,Goal,Right Foot,Open Play
Arsenal,Alexis Alejandro Sánchez Sánchez,93.8,40.1,0.032280467,26.20019083899963,Off T,Right Foot,Open Play
Norwich City,Gary O''Neil,98.8,33.2,0.03956645,22.263872080121196,Blocked,Right Foot,Open Play
Arsenal,Alexis Alejandro Sánchez Sánchez,100.3,35.5,0.070508964,20.207424378183383,Saved,Right Foot,Open Play
Arsenal,Mesut Özil,91.1,38.8,0.01984219,28.924902765610128,Off T,Left Foot,Open Play
Norwich City,Dieumerci Mbokani Bezua,97.9,33.9,0.050015565,22.926403991904177,Blocked,Right Foot,Open Play
Norwich City,Sébastien Aymar Bassong Nguena,111.9,41.5,0.10662867,8.237718130647583,Off T,Head,Open Play
Arsenal,Mohamed Naser Elsayed Elneny,100.9,48.0,0.092949346,20.70772802602931,Saved,Right Foot,Open Play
Norwich City,Nathan Redmond,93.4,42.3,0.05694333,26.699250925821865,Blocked,Right Foot,Free Kick
Norwich City,Cameron Jerome,111.7,29.5,0.042897575,13.384319183283099,Off T,Head,Open Play
Tottenham Hotspur,Harry Kane,109.0,31.7,0.10378687,13.780058055030104,Saved,Left Foot,Open Play
Tottenham Hotspur,Harry Kane,103.3,23.8,0.027218351,23.26649952184471,Goal,Right Foot,Open Play
Tottenham Hotspur,Bamidele Alli,98.4,38.1,0.07176788,21.683403791840426,Blocked,Right Foot,Open Play
Stoke City,Marko Arnautović,105.7,28.2,0.04081719,18.539956850003723,Blocked,Left Foot,Open Play
Tottenham Hotspur,Bamidele Alli,105.9,54.5,0.038522895,20.225231766286385,Off T,Right Foot,Open Play
Stoke City,Marko Arnautović,99.7,33.0,0.07830232,21.47300631024915,Saved,Left Foot,Open Play
Stoke City,Marko Arnautović,108.9,39.4,0.056130704,11.116204388189338,Off T,Head,Open Play
Stoke City,Bojan Krkíc Pérez,103.3,40.6,0.08095315,16.710774967068406,Off T,Left Foot,Open Play
Stoke City,Gilbert Gianelli Imbula Wanga,103.0,27.7,0.044186745,20.983088428541688,Blocked,Left Foot,Open Play
Tottenham Hotspur,Bamidele Alli,104.9,39.3,0.07479046,15.11621645783097,Blocked,Right Foot,Open Play
Tottenham Hotspur,Kyle Walker,102.0,57.9,0.022237752,25.38523192724463,Blocked,Right Foot,Open Play
Tottenham Hotspur,Mousa Sidi Yaya Dembélé,93.0,35.9,0.034149323,27.309522148876937,Off T,Left Foot,Open Play
Stoke City,Marko Arnautović,108.9,57.1,0.018638501,20.386760409638406,Wayward,Right Foot,Open Play
Tottenham Hotspur,Christian Dannemann Eriksen,104.2,40.6,0.46122453,15.811388300841895,Post,Right Foot,Open Play
Tottenham Hotspur,Bamidele Alli,105.0,47.0,0.14859904,16.55294535724685,Blocked,Left Foot,Open Play
Tottenham Hotspur,Harry Kane,106.2,56.5,0.046457417,21.510230124292022,Off T,Right Foot,Open Play
Stoke City,Ibrahim Afellay,94.7,57.8,0.007817875,30.934285186504628,Off T,Right Foot,Open Play
Stoke City,Ibrahim Afellay,102.7,51.5,0.04718346,20.773540863319376,Off T,Right Foot,Open Play
Tottenham Hotspur,Bamidele Alli,103.8,39.0,0.0884697,16.230834852218788,Off T,Right Foot,Open Play
Tottenham Hotspur,Erik Lamela,113.5,26.4,0.051059097,15.073486657041231,Saved,Left Foot,Open Play
Tottenham Hotspur,Harry Kane,98.9,25.8,0.035058968,25.433245958783942,Off T,Left Foot,Open Play
Stoke City,Ibrahim Afellay,94.0,31.2,0.03208412,27.44886154287642,Off T,Left Foot,Open Play
Stoke City,José Luis Sanmartín Mato,102.2,31.4,0.06093416,19.768662069042506,Off T,Right Foot,Open Play
Tottenham Hotspur,Bamidele Alli,104.3,42.7,0.39695072,15.930473941474563,Goal,Right Foot,Open Play
Tottenham Hotspur,Bamidele Alli,113.8,50.3,0.7551195,12.022063050907692,Post,Right Foot,Open Play
Stoke City,Gilbert Gianelli Imbula Wanga,92.9,42.2,0.026721105,27.189152248645044,Blocked,Left Foot,Open Play
Tottenham Hotspur,Harry Kane,109.2,42.5,0.86819655,11.085576214162254,Goal,Right Foot,Open Play
Tottenham Hotspur,Toby Alderweireld,84.4,41.8,0.014018408,35.64547657136877,Off T,Right Foot,Open Play
Stoke City,Charlie Adam,97.8,23.7,0.02267782,27.541423347387116,Blocked,Left Foot,Open Play
Tottenham Hotspur,Bamidele Alli,105.8,38.7,0.098696046,14.259382875847049,Goal,Right Foot,Open Play
Tottenham Hotspur,Danny Rose,93.5,26.7,0.0240992,29.650295108143528,Off T,Left Foot,Open Play
Tottenham Hotspur,Nacer Chadli,108.7,26.7,0.084164195,17.45222048909536,Off T,Left Foot,Open Play
Stoke City,José Luis Sanmartín Mato,110.2,42.9,0.18979353,10.22007827758672,Saved,Left Foot,Open Play
Tottenham Hotspur,Heung-Min Son,104.1,19.9,0.009735815,25.628499761008253,Blocked,Left Foot,Open Play
Tottenham Hotspur,Heung-Min Son,94.7,30.9,0.03261036,26.886799735186035,Off T,Right Foot,Open Play
Southampton,Graziano Pellè,111.4,54.2,0.033177156,16.601204775557704,Blocked,Right Foot,Open Play
Southampton,Sadio Mané,102.7,46.3,0.0686528,18.411409506064434,Blocked,Right Foot,Open Play
Southampton,Dušan Tadić,91.6,48.8,0.012998627,29.732137494637016,Blocked,Left Foot,Open Play
Southampton,Sadio Mané,108.0,43.1,0.15345307,12.393950137062841,Off T,Right Foot,Open Play
Southampton,Dušan Tadić,103.1,32.1,0.084017724,18.655294154743316,Blocked,Left Foot,Open Play
Southampton,Jordy Clasie,95.6,47.9,0.02227547,25.64702711816713,Blocked,Right Foot,Open Play
Southampton,Steven Davis,116.0,46.2,0.3277912,7.378346698278689,Goal,Right Foot,Open Play
Southampton,Graziano Pellè,114.4,42.7,0.15273464,6.216912416947817,Goal,Head,Open Play
Southampton,José Miguel da Rocha Fonte,113.1,43.5,0.083799034,7.736924453553884,Off T,Head,Open Play
AFC Bournemouth,Glenn Murray,111.0,30.1,0.106256254,13.379461872586655,Blocked,Right Foot,Open Play
AFC Bournemouth,Dan Gosling,111.1,35.8,0.0651652,9.84123975929863,Off T,Head,Open Play
AFC Bournemouth,Dan Gosling,94.4,32.8,0.025182998,26.593232221751453,Off T,Left Foot,Open Play
AFC Bournemouth,Junior Stanislas,99.5,20.3,0.00930351,28.43132075722125,Blocked,Right Foot,Open Play
Southampton,Dušan Tadić,92.3,32.7,0.037241004,28.645767575682104,Off T,Left Foot,Open Play
AFC Bournemouth,Junior Stanislas,90.1,43.7,0.040585287,30.12806001056159,Off T,Right Foot,Free Kick
AFC Bournemouth,Charlie Daniels,102.2,31.6,0.10607476,19.68247951859724,Blocked,Right Foot,Open Play
AFC Bournemouth,Harry Arter,89.8,47.8,0.020624738,31.191024349963246,Off T,Left Foot,Open Play
Southampton,Victor Wanyama,83.5,48.1,0.0069747353,37.38796597837331,Off T,Right Foot,Open Play
AFC Bournemouth,Junior Stanislas,95.0,34.6,0.0689508,25.57655176133014,Blocked,Right Foot,Free Kick
AFC Bournemouth,Dan Gosling,114.0,37.6,0.1431965,6.4621977685614045,Off T,Head,Open Play
AFC Bournemouth,Matt Ritchie,97.0,43.1,0.02782265,23.207972767995056,Blocked,Left Foot,Open Play
AFC Bournemouth,Matt Ritchie,89.8,37.0,0.020774053,30.348640826238004,Off T,Left Foot,Open Play
AFC Bournemouth,Lee Tomlin,111.6,26.4,0.07507554,15.984992962150473,Saved,Left Foot,Open Play
AFC Bournemouth,Joshua King,98.5,27.5,0.024303565,24.869660230891775,Saved,Right Foot,Open Play
AFC Bournemouth,Dan Gosling,103.9,44.4,0.040822092,16.69041641182148,Wayward,Head,Open Play
AFC Bournemouth,Junior Stanislas,102.3,24.1,0.032313157,23.792856070678024,Off T,Right Foot,Open Play
AFC Bournemouth,Adam Smith,113.9,35.4,0.10818981,7.640026177965619,Off T,Head,Open Play
West Bromwich Albion,Craig Gardner,110.9,45.6,0.12238065,10.68503626573162,Blocked,Right Foot,Open Play
West Bromwich Albion,Craig Gardner,108.4,44.5,0.09958337,12.442266674525179,Saved,Right Foot,Open Play
West Bromwich Albion,Craig Dawson,94.3,45.2,0.037589975,26.22079327556663,Wayward,Right Foot,Open Play
West Bromwich Albion,Craig Gardner,105.8,29.0,0.051373933,17.96218249545417,Blocked,Right Foot,Open Play
West Ham United,Michail Antonio,97.0,51.1,0.021300524,25.538402455909416,Wayward,Right Foot,Open Play
West Bromwich Albion,Craig Gardner,110.7,54.2,0.044739343,16.97439247808298,Blocked,Left Foot,Open Play
West Ham United,Andy Carroll,109.8,37.2,0.07905799,10.577334257741883,Off T,Head,Open Play
West Bromwich Albion,Craig Gardner,111.6,35.6,0.15580378,9.482615672903764,Off T,Head,Open Play
West Bromwich Albion,Gareth McAuley,114.3,44.4,0.12081848,7.200694410957878,Blocked,Left Foot,Open Play
West Ham United,Dimitri Payet,96.4,40.9,0.048106194,23.61715478206466,Blocked,Right Foot,Open Play
West Ham United,Cheikhou Kouyaté,115.8,37.1,0.30610436,5.10392006206994,Goal,Head,Open Play
West Ham United,Mark Noble,100.8,26.5,0.032085598,23.47104599288238,Saved,Right Foot,Open Play
West Ham United,Mark Noble,107.6,36.0,0.1227873,13.02919797992187,Goal,Right Foot,Open Play
West Bromwich Albion,José Salomón Rondón Giménez,112.0,35.9,0.06747703,8.98943824718764,Saved,Head,Open Play
West Bromwich Albion,Saido Berahino,103.7,39.4,0.11042117,16.31103920662322,Off T,Right Foot,Open Play
West Bromwich Albion,Sandro Ranieri Guimarães Cordeiro,90.5,37.7,0.029803315,29.58952517361507,Off T,Right Foot,Open Play
West Ham United,Mark Noble,112.6,43.4,0.1607622,8.143709228600938,Goal,Right Foot,Open Play
West Bromwich Albion,Stéphane Sessègnon,80.2,61.0,0.01297231,45.00044444224967,Blocked,Right Foot,Open Play
West Bromwich Albion,Craig Dawson,110.4,40.1,0.096496105,9.600520819205586,Wayward,Left Foot,Open Play
West Bromwich Albion,Sandro Ranieri Guimarães Cordeiro,90.2,52.0,0.012231109,32.12537937519182,Off T,Right Foot,Open Play
West Bromwich Albion,Stéphane Sessègnon,94.1,50.4,0.048988737,27.910034037958468,Saved,Right Foot,Free Kick
West Ham United,Reece Oxford,115.3,46.5,0.07030312,8.021221852062192,Blocked,Head,Open Play
West Bromwich Albion,Saido Berahino,112.4,38.2,0.19148237,7.810249675906648,Off T,Head,Open Play
West Bromwich Albion,Victor Chinedu Anichebe,108.4,37.7,0.09310345,11.825819210524058,Blocked,Left Foot,Open Play
West Bromwich Albion,James Morrison,110.7,39.1,0.28830475,9.34344690143846,Blocked,Right Foot,Open Play
West Bromwich Albion,Victor Chinedu Anichebe,104.3,40.3,0.08673212,15.702865980450833,Blocked,Right Foot,Open Play
West Bromwich Albion,Victor Chinedu Anichebe,108.6,41.9,0.1850706,11.557248807566623,Blocked,Right Foot,Open Play
West Bromwich Albion,James Morrison,98.4,47.7,0.032918148,22.931419493786244,Saved,Right Foot,Open Play
Newcastle United,Georginio Wijnaldum,105.9,50.6,0.09751456,17.640011337864834,Saved,Right Foot,Open Play
Newcastle United,Ayoze Pérez Gutiérrez,107.7,22.4,0.015279556,21.472074888095932,Off T,Right Foot,Open Play
Newcastle United,Aleksandar Mitrović,108.6,33.5,0.07079236,13.122880781291894,Blocked,Left Foot,Open Play
West Bromwich Albion,James Morrison,94.6,31.7,0.041893456,26.72171401688148,Off T,Right Foot,Open Play
West Bromwich Albion,Darren Fletcher,106.3,38.1,0.07204559,13.831124321616088,Blocked,Right Foot,Open Play
West Bromwich Albion,Chris Brunt,108.8,54.7,0.0464702,18.480530295421723,Off T,Right Foot,Open Play
West Bromwich Albion,Darren Fletcher,98.1,44.6,0.037830997,22.37789087470042,Blocked,Right Foot,Open Play
West Bromwich Albion,Darren Fletcher,102.5,46.8,0.04267992,18.77471704180918,Blocked,Right Foot,Open Play
West Bromwich Albion,Darren Fletcher,103.3,49.1,0.04322457,19.018412131405718,Off T,Right Foot,Open Play
West Bromwich Albion,Claudio Ariel Yacob,90.1,40.4,0.020300213,29.902675465583346,Off T,Left Foot,Open Play
West Bromwich Albion,Craig Gardner,94.1,45.1,0.0652212,26.39734835168109,Blocked,Right Foot,Free Kick
West Bromwich Albion,Craig Dawson,102.9,40.5,0.05208464,17.107308379753952,Blocked,Right Foot,Open Play
Newcastle United,Paul Dummett,115.6,40.7,0.18416911,4.455333881989099,Post,Head,Open Play
Newcastle United,Aleksandar Mitrović,110.4,36.5,0.14634717,10.21812115802117,Blocked,Right Foot,Open Play
Newcastle United,Ayoze Pérez Gutiérrez,111.8,23.2,0.0148165645,18.69438418349211,Off T,Right Foot,Open Play
Newcastle United,Aleksandar Mitrović,104.2,58.4,0.013347328,24.252834885843754,Saved,Right Foot,Open Play
West Bromwich Albion,Victor Chinedu Anichebe,114.0,38.2,0.14441532,6.2641839053463295,Post,Head,Open Play
West Bromwich Albion,Jonathan Grant Evans,116.3,36.5,0.21579519,5.093132631298739,Blocked,Right Foot,Open Play
West Bromwich Albion,Jonathan Grant Evans,116.5,37.0,0.21926801,4.6097722286464435,Blocked,Left Foot,Open Play
West Bromwich Albion,Saido Berahino,102.4,57.9,0.02441113,25.103187048659773,Blocked,Left Foot,Open Play
West Bromwich Albion,Darren Fletcher,110.6,37.5,0.11484927,9.72676719162128,Goal,Head,Open Play
West Bromwich Albion,Victor Chinedu Anichebe,110.1,30.3,0.19373932,13.860014430006922,Saved,Left Foot,Open Play
West Bromwich Albion,Saido Berahino,104.1,26.2,0.0805543,21.053503271427306,Saved,Left Foot,Open Play
West Bromwich Albion,Craig Dawson,116.8,32.5,0.09424514,8.154140052758477,Blocked,Head,Open Play
Stoke City,Gilbert Gianelli Imbula Wanga,89.9,28.9,0.021665003,32.081458819698334,Off T,Left Foot,Open Play
Stoke City,Ibrahim Afellay,109.0,47.6,0.08718608,13.370115930686616,Blocked,Right Foot,Open Play
Southampton,Graziano Pellè,106.7,33.5,0.044575457,14.803377992877165,Saved,Head,Open Play
Southampton,Graziano Pellè,115.0,34.4,0.14727579,7.507329751649385,Goal,Head,Open Play
Southampton,Shane Long,109.3,56.7,0.043798264,19.833809518093094,Saved,Right Foot,Open Play
Stoke City,Mame Biram Diouf,106.9,42.2,0.05171506,13.283448347473627,Off T,Head,Open Play
Southampton,Graziano Pellè,105.6,24.9,0.046571128,20.865521800328892,Goal,Right Foot,Open Play
Stoke City,Marko Arnautović,93.6,25.8,0.03839152,29.976657585528116,Off T,Right Foot,Free Kick
Southampton,Oriol Romeu Vidal,90.1,31.8,0.021071913,31.004031995854998,Off T,Left Foot,Open Play
Stoke City,Philipp Wollscheid,87.7,32.0,0.019568333,33.275967303746405,Off T,Left Foot,Open Play
Stoke City,Bojan Krkíc Pérez,96.7,48.7,0.03563438,24.871268564349506,Blocked,Right Foot,Open Play
Stoke City,Marko Arnautović,114.5,34.6,0.25181577,7.707788269017253,Goal,Right Foot,Open Play
Southampton,Graziano Pellè,86.0,38.5,0.015681773,34.03307215048327,Off T,Right Foot,Open Play
Stoke City,Gilbert Gianelli Imbula Wanga,87.2,35.3,0.017915566,33.13502678435616,Off T,Left Foot,Open Play
Stoke City,Marko Arnautović,105.3,28.0,0.0941275,18.976037521042166,Saved,Left Foot,Open Play
Stoke City,Ibrahim Afellay,89.3,30.8,0.01994172,32.04886893480018,Off T,Right Foot,Open Play
Stoke City,Ibrahim Afellay,95.3,44.5,0.03416078,25.106572844575982,Blocked,Right Foot,Open Play
Stoke City,Mame Biram Diouf,108.0,36.4,0.183909,12.52836781069266,Blocked,Left Foot,Open Play
Stoke City,Mame Biram Diouf,111.9,45.0,0.052968893,9.518928511129806,Wayward,Head,Open Play
Stoke City,Geoff Cameron,99.5,45.6,0.033236496,21.25111761766896,Blocked,Right Foot,Open Play
Southampton,Jordy Clasie,102.6,33.5,0.07576579,18.574444810007115,Off T,Left Foot,Open Play
Southampton,Dušan Tadić,106.1,52.8,0.035425454,18.89576672167605,Blocked,Left Foot,Open Play
Southampton,Dušan Tadić,99.0,44.5,0.063332096,21.47673159491453,Blocked,Left Foot,Open Play
Southampton,James Ward-Prowse,88.8,42.3,0.026216429,31.2846607780874,Off T,Right Foot,Free Kick
Southampton,James Ward-Prowse,94.6,31.8,0.055149507,26.690822392725188,Post,Right Foot,Free Kick
West Ham United,Angelo Obinze Ogbonna,99.6,30.8,0.01720572,22.37856116911899,Blocked,Right Foot,Open Play
West Ham United,Manuel Lanzini,107.3,24.1,0.038556583,20.349447166937978,Blocked,Right Foot,Open Play
West Ham United,Michail Antonio,108.5,42.4,0.086695075,11.747765745025731,Goal,Right Foot,Open Play
West Ham United,Manuel Lanzini,102.5,43.2,0.074012674,17.79016582272352,Blocked,Right Foot,Open Play
West Ham United,Michail Antonio,98.2,37.9,0.051315602,21.90091322296858,Off T,Left Foot,Open Play
West Ham United,Diafra Sakho,108.9,29.9,0.085514165,15.007331541616582,Off T,Right Foot,Open Play
West Ham United,Diafra Sakho,110.7,48.2,0.03783148,12.398790263570072,Wayward,Head,Open Play
West Ham United,Cheikhou Kouyaté,111.1,52.0,0.045491125,14.940214188558345,Blocked,Right Foot,Open Play
West Ham United,Diafra Sakho,104.8,46.8,0.15265948,16.65172663719892,Saved,Left Foot,Open Play
West Ham United,Andy Carroll,97.4,37.8,0.0593774,22.706827167175952,Blocked,Left Foot,Open Play
Stoke City,Bojan Krkíc Pérez,100.2,19.5,0.01050049,28.500701745746543,Off T,Right Foot,Open Play
West Ham United,Diafra Sakho,113.0,35.7,0.47818315,8.215229759416347,Saved,Left Foot,Open Play
Stoke City,Gilbert Gianelli Imbula Wanga,99.1,32.8,0.066586286,22.105429197371407,Goal,Left Foot,Open Play
West Ham United,Manuel Lanzini,91.9,33.0,0.03241416,28.95876378576958,Off T,Right Foot,Open Play
Stoke City,Gilbert Gianelli Imbula Wanga,102.5,42.9,0.03917751,17.738658348364456,Blocked,Left Foot,Open Play
Stoke City,Bojan Krkíc Pérez,95.3,37.0,0.055066317,24.881519246219675,Off T,Left Foot,Open Play
Stoke City,Jonathan Walters,111.5,48.8,0.09736397,12.234786471369247,Saved,Head,Open Play
West Ham United,Winston Reid,108.8,37.7,0.03903417,11.43372205364465,Blocked,Head,Open Play
West Ham United,James Tomkins,113.6,32.7,0.070283644,9.708243919473801,Saved,Head,Open Play
Stoke City,Gilbert Gianelli Imbula Wanga,95.6,45.2,0.044116788,24.947945807220286,Saved,Left Foot,Open Play
West Ham United,Enner Remberto Valencia Lastra,115.4,36.0,0.2903126,6.095900261651264,Off T,Head,Open Play
West Ham United,Aaron Cresswell,89.0,26.6,0.0070750215,33.772177898382566,Blocked,Left Foot,Open Play
West Ham United,Emmanuel Emenike,107.0,34.6,0.15626475,14.076931483814219,Blocked,Right Foot,Open Play
West Ham United,Enner Remberto Valencia Lastra,109.2,39.3,0.051435795,10.822661410207747,Blocked,Head,Open Play
West Ham United,Emmanuel Emenike,115.6,40.2,0.25847256,4.404543109109054,Saved,Right Foot,Open Play
West Ham United,Michail Antonio,115.0,43.2,0.32823032,5.936328831862333,Saved,Right Foot,Open Play
West Ham United,Enner Remberto Valencia Lastra,112.1,28.7,0.03241633,13.78767565617933,Wayward,Right Foot,Open Play
West Ham United,Cheikhou Kouyaté,115.2,41.5,0.29403386,5.02891638427206,Blocked,Right Foot,Open Play
Stoke City,Charlie Adam,58.4,34.4,0.0029453784,58.66787877535713,Saved,Right Foot,Open Play
Stoke City,Mame Biram Diouf,113.2,36.8,0.1150955,7.515317691222373,Goal,Head,Open Play
West Ham United,Darren Randolph,114.8,31.6,0.050556086,9.879271228182775,Off T,Head,Open Play
Manchester United,Anthony Martial,90.0,42.5,0.034973484,30.103986446980738,Off T,Right Foot,Open Play
Manchester United,Daley Blind,85.2,50.7,0.0066812076,36.407828828426446,Saved,Left Foot,Open Play
Manchester United,Wayne Mark Rooney,97.9,53.6,0.028478002,25.949373788205367,Off T,Right Foot,Open Play
Southampton,Cédric Ricardo Alves Soares,93.9,54.5,0.017499397,29.857327408862297,Off T,Right Foot,Open Play
Manchester United,Wayne Mark Rooney,94.6,22.9,0.010247388,30.619764858666052,Off T,Right Foot,Open Play
Southampton,Victor Wanyama,115.4,46.6,0.14526965,8.044874144447505,Off T,Head,Open Play
Manchester United,Jesse Lingard,99.5,56.0,0.02947794,26.004807247891687,Blocked,Left Foot,Open Play
Manchester United,Ander Herrera Agüera,88.6,37.9,0.020321941,31.470144581809603,Blocked,Right Foot,Open Play
Manchester United,Wayne Mark Rooney,94.7,26.1,0.023457082,28.866936103438476,Blocked,Right Foot,Open Play
Southampton,Victor Wanyama,114.7,32.3,0.04397223,9.347726996441434,Off T,Head,Open Play
Southampton,Oriol Romeu Vidal,92.1,46.7,0.018112391,28.693204770467872,Off T,Right Foot,Open Play
Southampton,Shane Long,113.2,40.2,0.13519974,6.802940540677977,Off T,Head,Open Play
Southampton,Charlie Austin,111.5,39.9,0.109610006,8.500588214941365,Goal,Head,Open Play
Southampton,Oriol Romeu Vidal,107.5,28.7,0.10356669,16.850519279832298,Saved,Left Foot,Open Play
Manchester United,Adnan Januzaj,104.0,25.9,0.030099832,21.32627487396709,Off T,Left Foot,Open Play
Arsenal,Mesut Özil,110.8,31.7,0.17828292,12.390722335683263,Saved,Left Foot,Open Play
Southampton,Sadio Mané,114.1,25.6,0.016688067,15.561812233798479,Saved,Left Foot,Open Play
Southampton,Dušan Tadić,94.6,33.1,0.02700957,26.320524310887127,Wayward,Left Foot,Open Play
Arsenal,Olivier Giroud,108.7,39.9,0.062097747,11.300442469213316,Wayward,Head,Open Play
Arsenal,Mesut Özil,116.0,38.2,0.53752637,4.38634243989226,Saved,Left Foot,Open Play
Southampton,Dušan Tadić,100.1,42.0,0.042582463,20.000249998437525,Saved,Left Foot,Open Play
Southampton,Oriol Romeu Vidal,92.1,32.6,0.025478529,28.86468430452688,Off T,Right Foot,Open Play
Southampton,Sadio Mané,105.2,36.9,0.35775807,15.12117720285031,Off T,Left Foot,Open Play
Arsenal,Olivier Giroud,111.3,45.8,0.05575645,10.456098698845569,Blocked,Head,Open Play
Arsenal,Olivier Giroud,104.6,34.2,0.07217324,16.456001944579373,Saved,Right Foot,Open Play
Arsenal,Laurent Koscielny,110.5,45.9,0.03300491,11.183022847155414,Blocked,Head,Open Play
Arsenal,Joel Nathaniel Campbell Samuels,104.1,58.0,0.024272855,24.016869071550524,Off T,Left Foot,Open Play
Southampton,Sadio Mané,97.6,47.1,0.09340846,23.49829781069259,Saved,Right Foot,Open Play
Arsenal,Alexis Alejandro Sánchez Sánchez,113.9,35.0,0.108704805,7.887331614684394,Off T,Head,Open Play
Arsenal,Olivier Giroud,117.1,27.4,0.012852242,12.92942380773405,Blocked,Left Foot,Open Play
Arsenal,Olivier Giroud,112.6,35.3,0.066128634,8.766413177577252,Saved,Head,Open Play
Southampton,Dušan Tadić,88.4,25.4,0.0077092377,34.809768743845446,Off T,Left Foot,Open Play
Southampton,Sadio Mané,106.9,26.5,0.05065878,18.811166896287954,Blocked,Left Foot,Open Play
Southampton,Oriol Romeu Vidal,100.6,37.3,0.050910987,19.58698547505461,Blocked,Right Foot,Open Play
Arsenal,Alexis Alejandro Sánchez Sánchez,108.3,36.7,0.07969767,12.156479753612889,Saved,Head,Open Play
Arsenal,Theo Walcott,109.3,50.2,0.20072478,14.782760229402362,Saved,Right Foot,Open Play
Arsenal,Theo Walcott,112.8,51.4,0.066856876,13.48332303254654,Saved,Right Foot,Open Play
Arsenal,Alexis Alejandro Sánchez Sánchez,114.1,36.7,0.22738828,6.760177512462231,Saved,Head,Open Play
Arsenal,Laurent Koscielny,114.2,39.0,0.15089558,5.885575587824862,Off T,Head,Open Play
Arsenal,Olivier Giroud,110.9,34.5,0.04086881,10.632967600815865,Blocked,Head,Open Play
Arsenal,Alexis Alejandro Sánchez Sánchez,106.9,46.2,0.060323667,14.493101807411685,Blocked,Right Foot,Open Play
Arsenal,Alexis Alejandro Sánchez Sánchez,106.1,43.4,0.08572414,14.309786860746744,Wayward,Right Foot,Open Play
Arsenal,Aaron Ramsey,113.1,53.1,0.047633313,14.806079832285118,Off T,Right Foot,Open Play
Southampton,James Ward-Prowse,93.4,26.4,0.019798808,29.875073221667588,Saved,Right Foot,Open Play
Arsenal,Olivier Giroud,110.9,40.8,0.09645607,9.135097153287418,Off T,Head,Open Play
Southampton,Shane Long,113.5,34.4,0.08021031,8.57962703152066,Blocked,Other,Open Play
Southampton,Shane Long,111.4,34.5,0.092232026,10.208329931972218,Blocked,Left Foot,Open Play
Southampton,Victor Wanyama,98.0,38.3,0.0378223,22.06558406206371,Blocked,Right Foot,Open Play
Arsenal,Olivier Giroud,110.3,37.9,0.062501036,9.924716620639607,Saved,Head,Open Play
Arsenal,Alexis Alejandro Sánchez Sánchez,113.8,32.8,0.11985852,9.501578816175765,Saved,Left Foot,Open Play
Arsenal,Aaron Ramsey,98.4,38.8,0.044237252,21.63330765278393,Saved,Right Foot,Open Play
Southampton,Graziano Pellè,110.3,50.0,0.08622469,13.93161871427725,Blocked,Right Foot,Open Play
Stoke City,Marko Arnautović,94.4,35.5,0.046242043,25.992498917957075,Off T,Right Foot,Open Play
Stoke City,Bojan Krkíc Pérez,97.8,25.6,0.024588458,26.461292485439937,Blocked,Right Foot,Open Play
Stoke City,Ibrahim Afellay,94.3,39.5,0.056006476,25.70486335306998,Off T,Left Foot,Open Play
Arsenal,Olivier Giroud,111.8,51.7,0.18816346,14.287407042567246,Saved,Left Foot,Open Play
Arsenal,Aaron Ramsey,107.8,53.4,0.05419417,18.121810064118872,Blocked,Right Foot,Open Play
Arsenal,Alex Oxlade-Chamberlain,98.6,33.4,0.051538907,22.39464221638739,Saved,Right Foot,Open Play
Arsenal,Alex Oxlade-Chamberlain,101.3,35.1,0.0512677,19.33132173442882,Blocked,Left Foot,Open Play
Stoke City,José Luis Sanmartín Mato,108.4,34.8,0.06208815,12.712198865656559,Saved,Head,Open Play
Stoke City,Bojan Krkíc Pérez,100.2,25.3,0.034329828,24.660291969074493,Off T,Right Foot,Open Play
Arsenal,Olivier Giroud,110.3,42.9,0.06272843,10.124228365658297,Saved,Head,Open Play
Stoke City,Bojan Krkíc Pérez,105.8,56.4,0.033687524,21.693316943243143,Blocked,Right Foot,Open Play
Stoke City,José Luis Sanmartín Mato,101.7,43.6,0.24807046,18.650737250843463,Saved,Right Foot,Open Play
Stoke City,Bojan Krkíc Pérez,116.0,30.2,0.1549139,10.584894897919394,Saved,Left Foot,Open Play
Stoke City,José Luis Sanmartín Mato,101.7,50.7,0.060157567,21.19858485842864,Saved,Left Foot,Open Play
Arsenal,Aaron Ramsey,96.0,28.8,0.028579166,26.484712571594958,Blocked,Right Foot,Open Play
Arsenal,Alex Oxlade-Chamberlain,93.2,34.6,0.018861651,27.338617375427013,Blocked,Right Foot,Open Play
Arsenal,Joel Nathaniel Campbell Samuels,106.7,53.4,0.03684778,18.879883474216676,Off T,Left Foot,Open Play
Stoke City,Charlie Adam,102.5,22.1,0.019148452,25.033177984426988,Blocked,Left Foot,Open Play
Stoke City,Glenn Whelan,88.0,39.6,0.014253641,32.00249990235138,Blocked,Right Foot,Open Play
Stoke City,Jonathan Walters,115.5,48.4,0.06972088,9.529428104561154,Blocked,Head,Open Play
Stoke City,José Luis Sanmartín Mato,112.0,29.7,0.06894781,13.041855696180663,Saved,Right Foot,Open Play
Stoke City,Jonathan Walters,102.8,51.3,0.031547952,20.57984450864486,Blocked,Right Foot,Open Play
Newcastle United,Papiss Demba Cissé,109.5,48.8,0.047958016,13.699999999999998,Off T,Head,Open Play
Manchester City,Sergio Leonel Agüero del Castillo,113.5,32.5,0.11465468,9.924716620639604,Goal,Head,Open Play
Manchester City,Kevin De Bruyne,98.3,42.1,0.09339027,21.801376103356414,Off T,Right Foot,Open Play
Newcastle United,Moussa Sissoko,100.1,32.4,0.17823738,21.301877851494694,Saved,Right Foot,Open Play
Newcastle United,Vurnon Anita,110.1,56.1,0.0487285,18.900264548413077,Goal,Left Foot,Open Play
Manchester City,Kevin De Bruyne,105.7,53.4,0.04024518,19.59719367664666,Blocked,Right Foot,Open Play
Manchester City,Jesús Navas González,111.0,54.6,0.053750053,17.15109325961468,Saved,Right Foot,Open Play
Manchester City,Vincent Kompany,108.4,45.9,0.03627518,13.01422298871507,Off T,Head,Open Play
Manchester City,Sergio Leonel Agüero del Castillo,105.6,38.4,0.18238975,14.488616221019871,Saved,Right Foot,Open Play
Manchester City,Kevin De Bruyne,88.0,43.8,0.023502726,32.22483514310042,Saved,Right Foot,Open Play
Manchester City,Fernando Francisco Reges,111.8,32.0,0.06159193,11.456002793295752,Wayward,Head,Open Play
Manchester City,Wilfried Guemiand Bony,109.1,39.3,0.0535046,10.922453936730525,Saved,Head,Open Play
Manchester City,Aleksandar Kolarov,90.4,40.4,0.019084733,29.602702579325417,Off T,Left Foot,Open Play
Newcastle United,Georginio Wijnaldum,111.6,49.8,0.30248672,12.907362240210045,Saved,Right Foot,Open Play
Newcastle United,Georginio Wijnaldum,116.8,51.9,0.025038911,12.322743201089601,Off T,Right Foot,Open Play
Watford,Troy Deeney,89.5,41.0,0.027584095,30.516389039334257,Saved,Right Foot,Open Play
Watford,Odion Jude Ighalo,110.0,44.1,0.2220325,10.807867504739315,Saved,Right Foot,Open Play
Watford,Troy Deeney,110.8,45.4,0.5259819,10.66770828247567,Goal,Right Foot,Open Play
Norwich City,Nathan Redmond,111.7,54.1,0.07116776,16.361540269791227,Goal,Right Foot,Open Play
Norwich City,Nathan Redmond,109.1,27.7,0.041063093,16.434719346554115,Post,Right Foot,Open Play
Norwich City,Dieumerci Mbokani Bezua,114.0,41.8,0.8285262,6.2641839053463295,Goal,Left Foot,Open Play
Norwich City,Nathan Redmond,93.0,54.3,0.022006512,30.55306858565928,Off T,Right Foot,Open Play
Norwich City,Nathan Redmond,112.9,48.0,0.26416025,10.69626102897643,Post,Right Foot,Open Play
Norwich City,Martin Olsson,97.4,27.3,0.029073281,25.923927171630453,Saved,Left Foot,Open Play
Norwich City,Ryan Bennett,111.2,36.1,0.054703116,9.625487000666508,Off T,Head,Open Play
Norwich City,Graham Dorrans,94.4,41.0,0.0425329,25.619523805098325,Blocked,Right Foot,Open Play
Watford,Troy Deeney,110.2,37.0,0.2618011,10.248902380255164,Saved,Right Foot,Open Play
Norwich City,Wes Hoolahan,96.0,31.0,0.031112164,25.632011235952593,Blocked,Right Foot,Open Play
Norwich City,Steven Naismith,106.9,34.9,0.24043335,14.057738082636192,Saved,Right Foot,Open Play
Norwich City,Wes Hoolahan,93.2,51.7,0.026191154,29.242605903031283,Saved,Left Foot,Open Play
Watford,José Manuel Jurado Marín,98.6,23.2,0.024755506,27.2066168422316,Saved,Right Foot,Open Play
Watford,Odion Jude Ighalo,110.6,37.2,0.68480265,9.808159868191387,Goal,Left Foot,Open Play
Norwich City,Wes Hoolahan,98.1,52.0,0.03430551,24.972184525988116,Blocked,Left Foot,Open Play
Norwich City,Dieumerci Mbokani Bezua,108.8,34.1,0.411245,12.658988901172165,Goal,Right Foot,Open Play
Watford,Almen Abdi,101.5,48.9,0.0461025,20.52949098248663,Off T,Right Foot,Open Play
Norwich City,Wes Hoolahan,94.7,39.6,0.04318833,25.303161857759985,Off T,Left Foot,Open Play
Norwich City,Dieumerci Mbokani Bezua,105.2,46.1,0.14686733,16.00781059358212,Blocked,Left Foot,Open Play
Watford,Steven Berghuis,105.6,53.1,0.03529107,19.467151820438453,Blocked,Left Foot,Open Play
Watford,Almen Abdi,103.0,47.9,0.07124332,18.74593289223025,Saved,Right Foot,Open Play
Watford,Adlène Guédioura,92.3,42.3,0.05173292,27.795323347642498,Off T,Right Foot,Free Kick
Watford,Troy Deeney,115.0,31.6,0.054411083,9.775479527879948,Blocked,Head,Open Play
Norwich City,Vadis Odjidja-Ofoe,92.6,33.6,0.033835143,28.1375194357996,Off T,Right Foot,Open Play
Watford,Troy Deeney,99.5,43.1,0.043226343,20.73306537876153,Blocked,Right Foot,Open Play
Norwich City,Matt Jarvis,112.0,26.5,0.045210622,15.692354826475215,Saved Off Target,Left Foot,Open Play
Watford,Troy Deeney,97.0,36.7,0.04441367,23.235533133543548,Saved,Right Foot,Open Play
Norwich City,Gary O''Neil,101.1,24.5,0.049771138,24.442994906516677,Blocked,Right Foot,Free Kick
Manchester United,Jesse Lingard,100.9,36.5,0.08951311,19.418032856085084,Blocked,Right Foot,Open Play
Manchester United,Timothy Evans Fosu-Mensah,101.5,54.8,0.031551704,23.69155967850154,Blocked,Left Foot,Open Play
Manchester United,Chris Smalling,114.5,38.9,0.14610139,5.608921464952064,Blocked,Right Foot,Open Play
Tottenham Hotspur,Danny Rose,89.7,22.9,0.0071201846,34.792240514229604,Off T,Left Foot,Open Play
Tottenham Hotspur,Christian Dannemann Eriksen,91.6,28.3,0.019772451,30.715631199765376,Off T,Right Foot,Open Play
Tottenham Hotspur,Erik Lamela,112.1,36.3,0.20076847,8.723531395025761,Off T,Head,Open Play
Tottenham Hotspur,Kyle Walker,111.4,50.7,0.09181466,13.727709204379295,Blocked,Right Foot,Open Play
Tottenham Hotspur,Christian Dannemann Eriksen,101.0,16.2,0.008431531,30.453899586095705,Saved,Right Foot,Open Play
Tottenham Hotspur,Eric Dier,92.7,43.4,0.035014093,27.510906927980397,Saved,Right Foot,Open Play
Tottenham Hotspur,Harry Kane,95.9,28.3,0.018685281,26.789923478800752,Saved,Right Foot,Open Play
Manchester United,Jesse Lingard,107.6,25.6,0.043568965,19.003157632351527,Off T,Right Foot,Open Play
Manchester United,Anthony Martial,108.4,35.5,0.17508154,12.442266674525179,Saved,Right Foot,Open Play
Tottenham Hotspur,Christian Dannemann Eriksen,97.8,29.6,0.02201153,24.51530134426253,Off T,Right Foot,Open Play
Tottenham Hotspur,Bamidele Alli,111.0,44.2,0.4598177,9.931767214348111,Goal,Right Foot,Open Play
Tottenham Hotspur,Toby Alderweireld,109.7,36.8,0.06931508,10.785638599545228,Goal,Head,Open Play
Tottenham Hotspur,Erik Lamela,104.1,38.5,0.13341081,15.970597985047403,Goal,Left Foot,Open Play
Tottenham Hotspur,Harry Kane,108.9,35.8,0.045721836,11.868024266911485,Saved,Head,Open Play
Tottenham Hotspur,Jan Vertonghen,114.6,40.4,0.18966465,5.414794548272359,Saved,Head,Open Play
Tottenham Hotspur,Danny Rose,93.7,30.9,0.020616887,27.82984010015149,Off T,Left Foot,Open Play
Manchester United,Faustino Marcos Alberto Rojo,89.6,29.2,0.022236804,32.261432082286746,Blocked,Left Foot,Open Play
Tottenham Hotspur,Erik Lamela,103.1,49.8,0.08491301,19.535864454894238,Off T,Left Foot,Open Play
Tottenham Hotspur,Mousa Sidi Yaya Dembélé,106.5,39.9,0.40630826,13.500370365289983,Blocked,Right Foot,Open Play
Norwich City,Sébastien Aymar Bassong Nguena,110.0,39.2,0.08381701,10.031948963187562,Blocked,Right Foot,Open Play
Norwich City,Cameron Jerome,111.7,41.0,0.19960961,8.360023923410743,Saved,Head,Open Play
Manchester United,Ander Herrera Agüera,91.9,53.7,0.01597577,31.261797773000833,Blocked,Right Foot,Open Play
Manchester United,Memphis Depay,92.5,53.6,0.02269056,30.679146011582528,Blocked,Right Foot,Open Play
Norwich City,Gary O''Neil,103.8,54.7,0.031725705,21.875328568960974,Blocked,Right Foot,Open Play
Manchester United,Chris Smalling,115.9,38.4,0.1619379,4.4011362169330726,Off T,Head,Open Play
Manchester United,Jesse Lingard,98.2,30.0,0.045772087,23.984161440417296,Saved,Right Foot,Open Play
Manchester United,Juan Manuel Mata García,98.0,45.9,0.06628715,22.77740108089595,Blocked,Left Foot,Open Play
Manchester United,Memphis Depay,93.2,37.2,0.054945312,26.945871668958862,Blocked,Right Foot,Free Kick
Manchester United,Chris Smalling,110.4,46.3,0.048899963,11.482595525402775,Blocked,Head,Open Play
Manchester United,Ander Herrera Agüera,100.7,25.6,0.029544279,24.08007475071454,Blocked,Right Foot,Open Play
Norwich City,Cameron Jerome,109.5,42.6,0.053899456,10.817116066678771,Blocked,Head,Open Play
Manchester United,Ander Herrera Agüera,109.4,52.1,0.09561404,16.08632960000509,Off T,Right Foot,Open Play
Manchester United,Luis Antonio Valencia Mosquera,103.7,55.9,0.028996581,22.770595073471394,Blocked,Right Foot,Open Play
Manchester United,Faustino Marcos Alberto Rojo,107.8,40.4,0.055608224,12.206555615733706,Off T,Head,Open Play
Norwich City,Nathan Redmond,109.0,26.0,0.031227158,17.804493814764857,Blocked,Right Foot,Open Play
Norwich City,Gary O''Neil,102.9,48.0,0.049237113,18.878824115924164,Off T,Left Foot,Open Play
Norwich City,Dieumerci Mbokani Bezua,109.7,43.3,0.100091055,10.815729286552985,Saved,Head,Open Play
Manchester United,Juan Manuel Mata García,111.2,49.0,0.38162175,12.587295182047649,Goal,Left Foot,Open Play
Norwich City,Cameron Jerome,111.5,39.0,0.13681144,8.558621384311845,Off T,Head,Open Play
Norwich City,Graham Dorrans,112.4,44.5,0.07092338,8.832326986700611,Off T,Head,Open Play
Manchester United,Morgan Schneiderlin,104.0,48.7,0.17792715,18.21235844145398,Off T,Right Foot,Open Play
Manchester United,Memphis Depay,88.7,37.3,0.030852783,31.416237839690478,Off T,Right Foot,Free Kick
Manchester United,Ander Herrera Agüera,103.7,44.9,0.09648843,17.02057578344516,Off T,Right Foot,Open Play
Liverpool,Daniel Andre Sturridge,114.3,39.1,0.26305333,5.770615218501406,Goal,Head,Open Play
Aston Villa,Ashley Westwood,91.6,39.9,0.022865372,28.400176055792336,Off T,Right Foot,Open Play
Liverpool,James Philip Milner,107.9,11.7,0.0071399966,30.778239065937477,Goal,Right Foot,Free Kick
Liverpool,Jordan Brian Henderson,114.3,37.5,0.4000357,6.224146527838177,Blocked,Right Foot,Open Play
Liverpool,Alberto Moreno Pérez,115.8,29.7,0.11522147,11.12339876117008,Saved,Right Foot,Open Play
Liverpool,Philippe Coutinho Correia,87.2,34.2,0.025822934,33.308857680803165,Off T,Right Foot,Free Kick
Aston Villa,Leandro Bacuna,95.8,58.3,0.00939931,30.340237309553135,Wayward,Right Foot,Open Play
Liverpool,Daniel Andre Sturridge,106.4,47.3,0.07959658,15.435349040433126,Saved,Left Foot,Open Play
Aston Villa,Leandro Bacuna,106.2,58.7,0.011375402,23.24069706355642,Saved,Left Foot,Open Play
Liverpool,Nathaniel Edwin Clyne,103.3,53.4,0.036929376,21.411445537375567,Wayward,Left Foot,Open Play
Liverpool,Emre Can,98.7,41.3,0.07742489,21.339634486091835,Goal,Right Foot,Open Play
Liverpool,Divock Okoth Origi,102.1,37.6,0.35076806,18.06017718628475,Goal,Right Foot,Open Play
Liverpool,Nathaniel Edwin Clyne,108.3,44.5,0.30801612,12.53554944946571,Saved,Right Foot,Open Play
Liverpool,Nathaniel Edwin Clyne,114.8,39.9,0.903943,5.20096144957834,Goal,Left Foot,Open Play
Liverpool,Kolo Habib Touré,109.9,39.3,0.08041715,10.124228365658288,Goal,Head,Open Play
Aston Villa,Scott Sinclair,101.4,25.9,0.039306376,23.34030848125191,Post,Right Foot,Open Play
Aston Villa,Jordan Lyden,111.3,48.5,0.07523298,12.163058825805294,Wayward,Head,Open Play
Aston Villa,Ashley Westwood,107.5,49.6,0.068356,15.761027885261798,Blocked,Right Foot,Open Play
West Bromwich Albion,José Salomón Rondón Giménez,102.8,20.5,0.010188986,26.001730711627644,Blocked,Right Foot,Open Play
West Bromwich Albion,José Salomón Rondón Giménez,103.6,36.3,0.10765097,16.812197952677103,Off T,Left Foot,Open Play
Tottenham Hotspur,Harry Kane,88.1,45.0,0.018675815,32.289471968429595,Blocked,Right Foot,Open Play
Tottenham Hotspur,Bamidele Alli,107.3,38.6,0.17279577,12.776932339180641,Goal,Right Foot,Open Play
West Bromwich Albion,José Salomón Rondón Giménez,99.4,19.9,0.010218324,28.781417616232872,Blocked,Right Foot,Free Kick
West Bromwich Albion,James McClean,113.9,37.2,0.21577045,6.711929677819927,Goal,Head,Open Play
Tottenham Hotspur,Christian Dannemann Eriksen,91.9,46.6,0.025410417,28.864684304526868,Off T,Right Foot,Open Play
Tottenham Hotspur,Harry Kane,114.0,44.3,0.33100167,7.381734213584229,Blocked,Right Foot,Open Play
West Bromwich Albion,Craig Gardner,107.2,36.6,0.054736193,13.24386650491464,Blocked,Head,Open Play
West Bromwich Albion,Craig Gardner,108.6,35.5,0.05382325,12.256018929489302,Blocked,Left Foot,Open Play
Tottenham Hotspur,Erik Lamela,112.0,46.8,0.050661143,10.499523798725347,Saved,Head,Open Play
West Bromwich Albion,Jonathan Grant Evans,97.1,35.8,0.03026669,23.28196727083002,Blocked,Right Foot,Open Play
Tottenham Hotspur,Harry Kane,102.1,51.0,0.039989453,21.009759636892568,Blocked,Right Foot,Open Play
Tottenham Hotspur,Mousa Sidi Yaya Dembélé,96.2,30.5,0.015019453,25.625963396524234,Off T,Left Foot,Open Play
Tottenham Hotspur,Bamidele Alli,97.2,25.1,0.021506334,27.23692346796899,Blocked,Right Foot,Open Play
West Bromwich Albion,Chris Brunt,106.5,63.3,0.008566612,26.928423644914677,Off T,Left Foot,Free Kick
Tottenham Hotspur,Mousa Sidi Yaya Dembélé,93.5,40.5,0.03234311,26.504716561397142,Saved,Left Foot,Open Play
West Bromwich Albion,James McClean,107.0,37.6,0.04389269,13.219682295728592,Saved,Head,Open Play
West Bromwich Albion,Jonas Olsson,115.0,42.4,0.33572862,5.546169849544818,Saved,Left Foot,Open Play
West Bromwich Albion,José Salomón Rondón Giménez,95.8,36.5,0.034654833,24.45178930058085,Saved,Right Foot,Open Play
West Bromwich Albion,Craig Dawson,116.3,47.9,0.08339808,8.723531395025756,Off T,Right Foot,Open Play
West Bromwich Albion,José Salomón Rondón Giménez,54.4,46.8,0.003981525,54.823352688430134,Wayward,Right Foot,Open Play
Liverpool,Daniel Andre Sturridge,103.1,51.9,0.07641852,20.669300907384365,Saved,Left Foot,Open Play
Liverpool,Daniel Andre Sturridge,95.5,35.7,0.0738445,24.87448491929029,Blocked,Left Foot,Open Play
AFC Bournemouth,Steve Cook,118.0,36.9,0.292903,3.6891733491393444,Off T,Head,Open Play
Liverpool,Roberto Firmino Barbosa de Oliveira,90.6,46.8,0.026148083,30.17614952242914,Off T,Right Foot,Open Play
AFC Bournemouth,Matt Ritchie,96.9,59.8,0.010207811,30.42449670906652,Off T,Left Foot,Open Play
AFC Bournemouth,Tommy Elphick,110.2,39.8,0.09764435,9.802040603874275,Saved,Head,Open Play
Liverpool,Oluwaseyi Babajide Ojo,110.5,53.0,0.06339765,16.101242188104617,Blocked,Left Foot,Open Play
Liverpool,Connor Steven Randall,104.5,52.5,0.04482437,19.912307751739878,Blocked,Right Foot,Open Play
Liverpool,Connor Steven Randall,107.8,49.4,0.08176786,15.401298646542767,Saved,Right Foot,Open Play
Liverpool,Daniel Andre Sturridge,98.4,24.2,0.022671212,26.76191323504356,Blocked,Left Foot,Open Play
AFC Bournemouth,Junior Stanislas,94.1,46.2,0.035006765,26.631747971171556,Blocked,Right Foot,Open Play
AFC Bournemouth,Matt Ritchie,87.6,50.2,0.011313045,33.96763165132359,Blocked,Left Foot,Open Play
Liverpool,Daniel Andre Sturridge,111.4,32.2,0.19410653,11.610340218959989,Saved,Left Foot,Open Play
Liverpool,Roberto Firmino Barbosa de Oliveira,114.7,42.1,0.54880387,5.700877125495688,Goal,Left Foot,Open Play
AFC Bournemouth,Matt Ritchie,97.0,49.9,0.023340892,25.04016773106762,Blocked,Left Foot,Open Play
Liverpool,Daniel Andre Sturridge,90.6,30.1,0.023776874,31.022088904520928,Off T,Left Foot,Open Play
Liverpool,Daniel Andre Sturridge,110.1,39.0,0.088752955,9.950376877284604,Goal,Head,Open Play
Liverpool,Roberto Firmino Barbosa de Oliveira,109.4,40.5,0.12226559,10.611785900591846,Off T,Left Foot,Open Play
Liverpool,Daniel Andre Sturridge,103.3,33.0,0.18542194,18.107733154649704,Post,Left Foot,Open Play
Liverpool,Jordon Ibe,97.9,28.0,0.032457635,25.1477633200251,Off T,Right Foot,Open Play
Liverpool,Roberto Firmino Barbosa de Oliveira,103.5,23.9,0.030143712,23.053416232740865,Saved,Right Foot,Open Play
AFC Bournemouth,Joshua King,109.4,42.7,0.052995723,10.93846424321074,Wayward,Head,Open Play
AFC Bournemouth,Joshua King,113.1,51.7,0.12344594,13.58307770720613,Saved,Left Foot,Open Play
AFC Bournemouth,Joshua King,112.1,50.7,0.11940639,13.300375934536593,Saved,Right Foot,Open Play
AFC Bournemouth,Matt Ritchie,108.3,38.3,0.07108038,11.822859214251013,Off T,Head,Open Play
Liverpool,Daniel Andre Sturridge,57.3,25.4,0.004106566,59.13078724319506,Off T,Left Foot,Open Play
AFC Bournemouth,Joshua King,105.5,36.5,0.076347806,14.916433890176299,Blocked,Right Foot,Open Play
AFC Bournemouth,Lewis Grabban,96.9,51.1,0.028909557,25.628499761008246,Saved,Left Foot,Open Play
AFC Bournemouth,Lewis Grabban,90.9,50.8,0.02354585,31.03949097520769,Blocked,Left Foot,Open Play
AFC Bournemouth,Lewis Grabban,111.8,40.2,0.15629844,8.202438661763955,Saved,Head,Open Play
Liverpool,Daniel Andre Sturridge,109.8,26.6,0.07265856,16.84042754801671,Post,Left Foot,Open Play
AFC Bournemouth,Joshua King,96.9,36.3,0.041838612,23.39444378479642,Blocked,Right Foot,Open Play
Liverpool,Daniel Andre Sturridge,103.1,32.3,0.11822842,18.571483516402242,Off T,Right Foot,Open Play
Liverpool,Divock Okoth Origi,91.1,22.4,0.0069441632,33.837405337880156,Saved Off Target,Right Foot,Open Play
AFC Bournemouth,Simon Francis,112.7,36.9,0.102079555,7.930952023559338,Wayward,Head,Open Play
AFC Bournemouth,Callum Wilson,114.5,42.2,0.1646621,5.9236812878479554,Blocked,Head,Open Play
AFC Bournemouth,Joshua King,103.5,33.3,0.077728115,17.808424972467385,Goal,Right Foot,Open Play
AFC Bournemouth,Steve Cook,112.2,39.8,0.103296034,7.802563681252461,Off T,Head,Open Play
Crystal Palace,Yannick Bolasie Yala,108.5,41.3,0.43516845,11.573245007343447,Saved,Right Foot,Open Play
Liverpool,Jordan Brian Henderson,100.6,50.3,0.040028013,21.96474447836806,Blocked,Right Foot,Open Play
Crystal Palace,Emmanuel Adebayor,103.7,19.9,0.010089925,25.878562556679995,Saved,Right Foot,Open Play
Crystal Palace,Emmanuel Adebayor,114.9,35.1,0.12176145,7.072481884034764,Post,Head,Open Play
Crystal Palace,Yohan Cabaye,101.4,49.2,0.06723423,20.750903594783527,Off T,Right Foot,Open Play
Crystal Palace,Damien Delaney,113.4,31.7,0.060084697,10.60424443324464,Off T,Head,Open Play
Liverpool,Divock Okoth Origi,99.2,23.0,0.025660839,26.863357943488744,Off T,Right Foot,Open Play
Liverpool,James Philip Milner,97.7,48.0,0.07427613,23.691559678501537,Blocked,Right Foot,Free Kick
Liverpool,Dejan Lovren,110.4,51.5,0.05761456,14.980320423809362,Wayward,Left Foot,Open Play
Crystal Palace,Scott Dann,107.7,31.8,0.043027453,14.782760229402353,Saved,Head,Open Play
Liverpool,Roberto Firmino Barbosa de Oliveira,107.8,25.1,0.02902851,19.25746608461248,Blocked,Right Foot,Open Play
Crystal Palace,Joel Ward,98.7,61.5,0.010682468,30.26450065671,Wayward,Right Foot,Open Play
Crystal Palace,Joe Ledley,105.2,44.1,0.10084522,15.357408635573904,Off T,Right Foot,Open Play
Crystal Palace,Pape N''Diaye Souaré,100.3,29.9,0.036500927,22.138202275704323,Blocked,Left Foot,Open Play
Crystal Palace,Mile Jedinak,112.6,30.0,0.10541741,12.440257232067193,Blocked,Right Foot,Open Play
Crystal Palace,Joe Ledley,102.3,43.3,0.06343489,18.00499930574839,Goal,Left Foot,Open Play
Liverpool,Divock Okoth Origi,115.4,47.4,0.10986434,8.713208364316783,Off T,Right Foot,Open Play
Crystal Palace,Mile Jedinak,107.2,43.0,0.026667405,13.146862743635834,Wayward,Head,Open Play
Liverpool,Divock Okoth Origi,93.5,51.3,0.02214888,28.808679247754487,Blocked,Left Foot,Open Play
Liverpool,Divock Okoth Origi,102.3,47.5,0.03193877,19.223423212320956,Blocked,Right Foot,Open Play
Liverpool,Roberto Firmino Barbosa de Oliveira,86.6,35.2,0.015999084,33.74314745248286,Blocked,Right Foot,Open Play
Liverpool,Roberto Firmino Barbosa de Oliveira,100.0,55.4,0.026862038,25.242028444639704,Blocked,Left Foot,Open Play
Liverpool,Roberto Firmino Barbosa de Oliveira,91.7,39.4,0.030323775,28.30635970943632,Saved,Left Foot,Open Play
Crystal Palace,Yohan Cabaye,88.9,50.4,0.021041378,32.79283458318295,Blocked,Right Foot,Open Play
Liverpool,Roberto Firmino Barbosa de Oliveira,105.0,30.3,0.32277566,17.863090438107285,Goal,Right Foot,Open Play
Liverpool,Philippe Coutinho Correia,92.5,17.0,0.0056113265,35.8503835404867,Off T,Right Foot,Open Play
Crystal Palace,Scott Dann,109.7,39.4,0.042724997,10.317460927960907,Off T,Head,Open Play
Liverpool,Christian Benteke Liolo,109.2,32.5,0.09946654,13.148764200486672,Saved,Left Foot,Open Play
Crystal Palace,Mile Jedinak,95.0,38.2,0.03046715,25.064716236175506,Blocked,Right Foot,Open Play
Liverpool,Alberto Moreno Pérez,91.6,24.1,0.009075122,32.547964606100955,Post,Left Foot,Open Play
Liverpool,Emre Can,94.6,30.9,0.026168477,26.9809191837491,Blocked,Left Foot,Open Play
Liverpool,Christian Benteke Liolo,102.8,31.7,0.08828463,19.09790564433703,Saved,Right Foot,Open Play
Liverpool,Christian Benteke Liolo,107.7,40.1,0.7835,12.30040649734796,Goal,Right Foot,Penalty
Aston Villa,Joleon Lescott,103.1,51.5,0.060518194,20.44162420161373,Off T,Left Foot,Open Play
Aston Villa,Jordan Ayew,101.3,44.6,0.10583305,19.257466084612485,Off T,Right Foot,Open Play
Swansea City,Jack Frank Porteous Cork,114.8,48.4,0.06464946,9.879271228182775,Off T,Head,Open Play
Aston Villa,Idrissa Gana Gueye,98.6,47.4,0.039809234,22.64332131115045,Blocked,Right Foot,Open Play
Aston Villa,Jordan Ayew,114.1,44.2,0.11784043,7.242237223399969,Blocked,Head,Open Play
Aston Villa,Ciaran Clark,116.8,43.7,0.24757268,4.891829923454007,Off T,Head,Open Play
Swansea City,Modou Barrow,97.2,53.5,0.018163215,26.496980960101848,Blocked,Left Foot,Open Play
Swansea City,Gylfi Þór Sigurðsson,90.7,43.7,0.04519751,29.532693747777223,Off T,Right Foot,Free Kick
Aston Villa,Idrissa Gana Gueye,99.6,29.4,0.032801524,22.989562849258363,Blocked,Right Foot,Open Play
Aston Villa,Rudy Gestede,108.3,41.4,0.101571515,11.783462988442746,Saved,Head,Open Play
Swansea City,Gylfi Þór Sigurðsson,103.7,44.6,0.122307666,16.936646657470302,Blocked,Right Foot,Open Play
Swansea City,Stephen Kingsley,93.2,28.1,0.015957909,29.32319900692965,Off T,Left Foot,Open Play
Swansea City,Bafétimbi Gomis,96.5,47.3,0.050875627,24.607722365143832,Off T,Left Foot,Open Play
Aston Villa,Rudy Gestede,108.2,36.7,0.06554304,12.252754792290586,Blocked,Right Foot,Open Play
Aston Villa,Ciaran Clark,111.0,37.5,0.0642714,9.340770846134703,Off T,Head,Open Play
Swansea City,Federico Fernández,112.4,35.7,0.15934615,8.732124598286484,Goal,Other,Open Play
Swansea City,Leon Britton,96.7,33.6,0.025577595,24.162988225796905,Wayward,Left Foot,Open Play
Swansea City,Gylfi Þór Sigurðsson,99.4,44.7,0.051229723,21.12936345468078,Blocked,Right Foot,Open Play
Aston Villa,Joleon Lescott,110.9,39.0,0.0771821,9.154780172128651,Saved,Head,Open Play
Aston Villa,Andre Green,99.8,40.5,0.052052636,20.206187171260197,Blocked,Right Foot,Open Play
Aston Villa,Rudy Gestede,109.5,39.1,0.10674139,10.538500842150178,Blocked,Right Foot,Open Play
Swansea City,Bafétimbi Gomis,96.3,48.3,0.03774908,25.111352014576998,Off T,Right Foot,Open Play
West Bromwich Albion,Craig Dawson,94.3,54.4,0.026741847,29.45929394944828,Blocked,Right Foot,Open Play
West Bromwich Albion,Craig Gardner,107.4,45.1,0.329439,13.593012911051025,Off T,Left Foot,Open Play
AFC Bournemouth,Max-Alain Gradel,110.9,25.2,0.036933728,17.373830895919298,Saved,Right Foot,Open Play
West Bromwich Albion,José Salomón Rondón Giménez,93.9,16.4,0.00590696,35.18763987538806,Off T,Right Foot,Open Play
West Bromwich Albion,José Salomón Rondón Giménez,112.6,42.5,0.17935628,7.810889834071409,Goal,Head,Open Play
AFC Bournemouth,Max-Alain Gradel,113.3,27.2,0.034515556,14.447491131680962,Blocked,Left Foot,Open Play
AFC Bournemouth,Harry Arter,85.4,53.8,0.0060945544,37.25050335230384,Off T,Left Foot,Open Play
West Bromwich Albion,Craig Gardner,94.9,44.5,0.06444397,25.500196077677515,Saved,Left Foot,Open Play
West Bromwich Albion,Craig Gardner,108.2,40.1,0.7835,11.800423721205943,Saved to Post,Right Foot,Penalty
AFC Bournemouth,Charlie Daniels,94.6,24.4,0.025719883,29.808052603281556,Blocked,Left Foot,Open Play
AFC Bournemouth,Benik Afobe,109.4,39.0,0.08316118,10.647065323364927,Off T,Right Foot,Open Play
AFC Bournemouth,Junior Stanislas,99.6,27.1,0.03118073,24.13648690261282,Saved,Right Foot,Open Play
West Bromwich Albion,Craig Gardner,92.6,29.9,0.026556484,29.202225942554453,Off T,Left Foot,Open Play
AFC Bournemouth,Junior Stanislas,92.9,32.6,0.057269253,28.092169727523714,Saved,Right Foot,Free Kick
West Bromwich Albion,Craig Gardner,107.8,39.8,0.025813863,12.201639234135717,Off T,Head,Open Play
AFC Bournemouth,Callum Wilson,103.7,24.8,0.044297896,22.287440409342654,Off T,Left Foot,Open Play
West Bromwich Albion,José Salomón Rondón Giménez,109.0,39.4,0.051943664,11.01635148313633,Off T,Head,Open Play
West Bromwich Albion,Saido Berahino,108.1,49.8,0.09709608,15.41590088188167,Blocked,Right Foot,Open Play
AFC Bournemouth,Andrew Surman,100.2,49.9,0.052700948,22.137072977247914,Blocked,Left Foot,Open Play
AFC Bournemouth,Matt Ritchie,115.3,41.3,0.49687597,4.876474136094646,Goal,Head,Open Play
AFC Bournemouth,Joshua King,103.2,16.3,0.008297348,29.050473318002926,Saved,Right Foot,Open Play
AFC Bournemouth,Callum Wilson,101.1,44.9,0.09934991,19.524855953373898,Blocked,Left Foot,Open Play
West Bromwich Albion,Craig Dawson,102.1,48.5,0.05232576,19.815650380444247,Post,Right Foot,Open Play
West Bromwich Albion,Saido Berahino,102.6,24.5,0.04462178,23.302574965011917,Saved,Left Foot,Open Play
AFC Bournemouth,Harry Arter,88.1,18.1,0.005271991,38.69392717210286,Off T,Left Foot,Open Play
West Ham United,Cheikhou Kouyaté,106.3,42.4,0.062416263,13.908630414242808,Saved to Post,Head,Open Play
West Ham United,Dimitri Payet,108.9,24.1,0.034718927,19.39123513343077,Off T,Left Foot,Open Play
West Ham United,Michail Antonio,110.2,36.1,0.047961812,10.54751155486449,Off T,Head,Open Play
Leicester City,Robert Huth,112.7,38.4,0.10652481,7.4732857566133495,Off T,Head,Open Play
Leicester City,Danny Drinkwater,92.8,40.9,0.035935294,27.214885632682716,Off T,Right Foot,Open Play
West Ham United,Michail Antonio,110.4,44.1,0.07747545,10.43886967061089,Wayward,Head,Open Play
Leicester City,Jamie Vardy,108.9,31.0,0.19081652,14.29020643657746,Goal,Left Foot,Open Play
West Ham United,Michail Antonio,96.7,48.2,0.03888071,24.70080970332754,Blocked,Left Foot,Open Play
West Ham United,Cheikhou Kouyaté,106.1,43.6,0.053887762,14.358621103713272,Wayward,Head,Open Play
West Ham United,Michail Antonio,95.9,38.9,0.046986178,24.125090673404728,Off T,Left Foot,Open Play
West Ham United,Victor Moses,92.7,45.5,0.024924159,27.848518811599295,Blocked,Right Foot,Open Play
West Ham United,Andy Carroll,109.5,38.7,0.115218915,10.580170130957253,Off T,Head,Open Play
West Ham United,Cheikhou Kouyaté,96.3,40.2,0.040894724,23.7008438668331,Saved,Right Foot,Open Play
Leicester City,Robert Huth,114.8,42.2,0.13653517,5.646237685397246,Off T,Head,Open Play
West Ham United,Aaron Cresswell,96.4,21.7,0.010760512,29.863857754817943,Blocked,Left Foot,Open Play
West Ham United,Winston Reid,114.5,45.0,0.10586788,7.433034373659253,Off T,Right Foot,Open Play
West Ham United,Manuel Lanzini,94.2,21.2,0.008212291,31.923032437411077,Off T,Right Foot,Open Play
West Ham United,Emmanuel Emenike,100.7,23.6,0.028181938,25.32686320885395,Off T,Right Foot,Open Play
West Ham United,Dimitri Payet,93.2,36.8,0.05637277,26.99036865253974,Off T,Right Foot,Free Kick
West Ham United,Cheikhou Kouyaté,111.5,44.8,0.080442525,9.761659694949419,Wayward,Head,Open Play
West Ham United,Enner Remberto Valencia Lastra,114.8,48.2,0.07071671,9.70978887515069,Wayward,Right Foot,Open Play
West Ham United,Andy Carroll,108.0,40.0,0.7835,12.0,Goal,Left Foot,Penalty
West Ham United,Aaron Cresswell,103.0,23.9,0.022777393,23.4138847695123,Goal,Left Foot,Open Play
Leicester City,Robert Huth,111.1,46.3,0.046803296,10.904127658827187,Off T,Head,Open Play
West Ham United,Emmanuel Emenike,99.7,50.2,0.09394654,22.71849466844139,Off T,Right Foot,Open Play
Leicester City,José Leonardo Ulloa,108.1,40.1,0.7835,11.900420160649796,Goal,Right Foot,Penalty
Leicester City,Riyad Mahrez,106.8,48.0,0.10753123,15.435025105259792,Goal,Left Foot,Open Play
Swansea City,Gylfi Þór Sigurðsson,106.6,54.9,0.026362274,20.03921156133644,Blocked,Right Foot,Open Play
Leicester City,Riyad Mahrez,114.0,54.4,0.015550508,15.599999999999998,Blocked,Right Foot,Open Play
Leicester City,Christian Fuchs,112.6,35.5,0.18317443,8.660831368869854,Saved,Right Foot,Open Play
Leicester City,Shinji Okazaki,106.3,55.4,0.026136855,20.611889772653065,Blocked,Right Foot,Open Play
Leicester City,José Leonardo Ulloa,113.5,36.5,0.15151517,7.3824115301167,Goal,Head,Open Play
Swansea City,Federico Fernández,112.5,38.7,0.10840282,7.611832893594025,Off T,Head,Open Play
Leicester City,Christian Fuchs,110.9,21.1,0.010607922,20.976653689280372,Saved,Right Foot,Open Play
Swansea City,Gylfi Þór Sigurðsson,86.6,24.0,0.007225898,37.03457843691488,Saved Off Target,Right Foot,Free Kick
Swansea City,Neil Taylor,88.3,35.0,0.015222317,32.09189928938454,Blocked,Left Foot,Open Play
Swansea City,André Ayew Pelé,110.4,32.4,0.058117013,12.24418229201117,Saved,Head,Open Play
Swansea City,Jefferson Antonio Montero Vite,103.2,23.2,0.028567394,23.758787847867996,Blocked,Right Foot,Open Play
Leicester City,José Leonardo Ulloa,117.5,43.1,0.58095556,3.9824615503479763,Goal,Right Foot,Open Play
Leicester City,Christian Fuchs,98.0,56.2,0.044539828,27.32105415242977,Off T,Left Foot,Free Kick
Leicester City,Christian Fuchs,97.5,22.7,0.016076492,28.38203657245195,Blocked,Left Foot,Open Play
Leicester City,Jeffrey Schlupp,96.6,33.8,0.04955358,24.207436873820416,Saved,Left Foot,Open Play
Leicester City,Shinji Okazaki,105.0,32.2,0.1094277,16.906803364326443,Off T,Left Foot,Open Play
Leicester City,Jeffrey Schlupp,99.7,38.8,0.08299627,20.335437049643165,Off T,Right Foot,Open Play
Leicester City,Danny Drinkwater,101.9,48.7,0.046296638,20.082330542046154,Blocked,Right Foot,Open Play
Swansea City,André Ayew Pelé,119.2,45.0,0.13876939,5.0635955604688645,Off T,Head,Open Play
Leicester City,Jeffrey Schlupp,101.2,24.7,0.03634817,24.239018131929353,Off T,Left Foot,Open Play
Leicester City,Andrew Philip King,102.4,30.4,0.20805347,20.047942537826664,Saved,Right Foot,Open Play
Leicester City,Andrew Philip King,106.7,28.1,0.09838489,17.846568297574745,Off T,Right Foot,Open Play
Leicester City,Andrew Philip King,116.0,33.8,0.19561245,7.378346698278689,Wayward,Head,Open Play
Leicester City,Demarai Gray,117.0,53.1,0.020407263,13.439121995130487,Saved,Right Foot,Open Play
Leicester City,Marc Albrighton,112.6,39.1,0.5254868,7.454528824815159,Goal,Left Foot,Open Play
Swansea City,Ashley Williams,95.8,38.7,0.035890717,24.23489220112192,Blocked,Right Foot,Open Play
Swansea City,André Ayew Pelé,108.4,23.1,0.021272961,20.498048687619022,Off T,Left Foot,Open Play
Chelsea,Pedro Eliezer Rodríguez Ledesma,103.6,21.5,0.010138725,24.722661669003205,Blocked,Right Foot,Open Play
Chelsea,Pedro Eliezer Rodríguez Ledesma,111.3,26.6,0.054289214,15.976545308670458,Off T,Right Foot,Open Play
Chelsea,Francesc Fàbregas i Soler,98.1,25.4,0.044718184,26.320524310887127,Blocked,Right Foot,Free Kick
Leicester City,Jamie Vardy,97.3,27.9,0.055112824,25.723530084341068,Off T,Left Foot,Open Play
Leicester City,Demarai Gray,94.3,22.1,0.00880395,31.31932310890515,Off T,Right Foot,Open Play
Leicester City,Jamie Vardy,106.2,32.2,0.49378416,15.851813776347484,Off T,Right Foot,Open Play
Leicester City,Demarai Gray,101.0,23.0,0.018160176,25.495097567963924,Blocked,Right Foot,Open Play
Leicester City,Demarai Gray,100.5,53.3,0.041782297,23.603813251252433,Saved,Right Foot,Open Play
Chelsea,Bertrand Isidore Traoré,107.0,31.8,0.10121595,15.370100845472681,Blocked,Left Foot,Open Play
Chelsea,Bertrand Isidore Traoré,113.1,34.1,0.20977709,9.078546139112808,Off T,Left Foot,Open Play
Chelsea,Bertrand Isidore Traoré,95.7,50.1,0.03438193,26.315394733881533,Off T,Left Foot,Open Play
Chelsea,Francesc Fàbregas i Soler,115.4,51.1,0.045283843,12.015406776301832,Saved,Right Foot,Open Play
Leicester City,Jamie Vardy,114.0,28.8,0.13264725,12.705904139414873,Blocked,Left Foot,Open Play
Leicester City,Danny Drinkwater,101.3,35.3,0.059755508,19.281597444195338,Blocked,Right Foot,Open Play
Chelsea,Eden Hazard,100.5,50.6,0.04308544,22.194819215303376,Blocked,Left Foot,Open Play
Chelsea,Willian Borges da Silva,106.9,59.6,0.00973598,23.574774654278247,Blocked,Right Foot,Open Play
Chelsea,Willian Borges da Silva,107.4,26.6,0.097657256,18.393477104669465,Saved,Right Foot,Open Play
Chelsea,Nemanja Matić,98.9,51.7,0.03398769,24.126748641290227,Blocked,Left Foot,Open Play
Chelsea,Francesc Fàbregas i Soler,95.3,32.0,0.035811044,25.963243248870125,Saved,Right Foot,Open Play
Chelsea,Abdul Rahman Baba,113.0,29.6,0.045177616,12.536347155371853,Saved,Left Foot,Open Play
Leicester City,Jamie Vardy,97.4,48.0,0.047164984,23.974152748324595,Blocked,Right Foot,Open Play
Leicester City,Jeffrey Schlupp,106.8,27.7,0.053993467,18.042449944505876,Blocked,Left Foot,Open Play
Leicester City,Christian Fuchs,100.4,41.4,0.09325795,19.649936386665473,Blocked,Left Foot,Open Play
Leicester City,Shinji Okazaki,113.2,36.7,0.31358355,7.5584389922787585,Saved,Left Foot,Open Play
Chelsea,Ruben Loftus-Cheek,112.0,36.9,0.08469632,8.57962703152066,Wayward,Head,Open Play
Chelsea,Ruben Loftus-Cheek,108.9,41.8,0.09147931,11.244998888394782,Blocked,Right Foot,Open Play
Leicester City,Danny Simpson,99.3,56.8,0.024009539,26.659519875646673,Off T,Right Foot,Open Play
Chelsea,Tammy Bakumo-Abraham,109.4,40.2,0.122971885,10.601886624558853,Blocked,Right Foot,Open Play
Chelsea,Francesc Fàbregas i Soler,108.1,40.0,0.7835,11.900000000000006,Goal,Right Foot,Penalty
Leicester City,Shinji Okazaki,116.6,36.5,0.19184244,4.879549159502345,Wayward,Head,Open Play
Leicester City,Riyad Mahrez,99.8,43.7,0.052165583,20.53606583550024,Saved,Left Foot,Open Play
Leicester City,N''Golo Kanté,97.4,21.8,0.009397538,29.017236257093813,Off T,Right Foot,Open Play
Leicester City,Danny Drinkwater,89.0,52.1,0.014852022,33.27777035800325,Goal,Right Foot,Open Play
Leicester City,Jeffrey Schlupp,101.3,45.0,0.060306165,19.35691091057662,Blocked,Left Foot,Open Play
Leicester City,Jamie Vardy,117.9,51.3,0.016610406,11.493476410555681,Off T,Right Foot,Open Play
Leicester City,Jeffrey Schlupp,97.8,47.4,0.039533947,23.40085468524601,Saved,Left Foot,Open Play
Chelsea,Tammy Bakumo-Abraham,102.0,26.7,0.048037402,22.380571931923456,Off T,Right Foot,Open Play
Leicester City,Danny Drinkwater,106.8,22.2,0.01747653,22.160324907365418,Blocked,Left Foot,Open Play
Leicester City,Andrew Philip King,111.9,26.3,0.050668847,15.915401345866208,Off T,Right Foot,Open Play
West Bromwich Albion,José Salomón Rondón Giménez,106.7,51.3,0.3039123,17.45222048909536,Goal,Right Foot,Open Play
Leicester City,Robert Huth,107.8,30.1,0.021197908,15.711460785044784,Blocked,Head,Open Play
Leicester City,Shinji Okazaki,117.3,36.6,0.38894808,4.341658669218482,Off T,Right Foot,Open Play
Leicester City,Shinji Okazaki,96.3,45.5,0.046215206,24.329817097545146,Off T,Left Foot,Open Play
Leicester City,Riyad Mahrez,97.3,44.8,0.034614943,23.201939574095956,Blocked,Left Foot,Open Play
Leicester City,Riyad Mahrez,117.0,51.4,0.018690813,11.7881296226331,Blocked,Right Foot,Open Play
Leicester City,Jamie Vardy,113.1,40.4,0.23443383,6.911584478250995,Saved,Head,Open Play
Leicester City,Danny Drinkwater,91.4,45.6,0.025887795,29.14309523712263,Wayward,Right Foot,Open Play
Leicester City,Jamie Vardy,114.7,36.8,0.1758509,6.191122676865642,Post,Head,Open Play
West Bromwich Albion,José Salomón Rondón Giménez,100.4,44.9,0.08628744,20.203217565526533,Blocked,Right Foot,Open Play
Leicester City,Riyad Mahrez,100.1,38.8,0.072481826,19.93614807328638,Off T,Left Foot,Open Play
Leicester City,Andrew Philip King,106.8,46.2,0.24301101,14.583552379307317,Goal,Right Foot,Open Play
West Bromwich Albion,Stéphane Sessègnon,96.3,53.0,0.02567298,27.031278179176066,Blocked,Right Foot,Open Play
West Bromwich Albion,Craig Gardner,94.4,38.6,0.06720024,25.638252670570193,Goal,Right Foot,Free Kick
Leicester City,Marc Albrighton,113.1,23.1,0.008235876,18.254314558481784,Saved,Right Foot,Open Play
West Bromwich Albion,Craig Gardner,93.9,18.1,0.006375549,34.07080861969671,Off T,Right Foot,Open Play
Leicester City,Shinji Okazaki,114.8,41.9,0.13914396,5.536244214266566,Post,Head,Open Play
West Bromwich Albion,Jonas Olsson,117.0,32.0,0.08704062,8.54400374531753,Off T,Head,Open Play
Leicester City,Jeffrey Schlupp,107.8,25.8,0.055400606,18.7211110781385,Saved,Left Foot,Open Play
West Bromwich Albion,Gareth McAuley,116.9,44.8,0.1826251,5.714017850864655,Saved,Head,Open Play
West Bromwich Albion,Craig Dawson,107.7,52.9,0.05425551,17.824140933015535,Wayward,Right Foot,Open Play
West Bromwich Albion,José Salomón Rondón Giménez,115.4,38.2,0.2948318,4.939635614091381,Off T,Right Foot,Open Play
Leicester City,Riyad Mahrez,107.4,49.9,0.09754063,16.024044433288363,Blocked,Left Foot,Open Play
Leicester City,Danny Drinkwater,95.3,45.3,0.024120947,25.262224763468478,Off T,Right Foot,Open Play
Leicester City,Jamie Vardy,108.9,23.3,0.15615784,20.052431274037566,Saved,Right Foot,Open Play
Leicester City,Robert Huth,111.4,44.2,0.0649531,9.570788891204316,Off T,Head,Open Play
West Bromwich Albion,Craig Gardner,85.4,38.9,0.016296843,34.61748113309228,Off T,Right Foot,Open Play
West Bromwich Albion,Craig Gardner,90.4,46.4,0.023144182,30.283989169196314,Off T,Right Foot,Open Play
Leicester City,Jamie Vardy,106.0,32.9,0.1066811,15.697452022541748,Blocked,Left Foot,Open Play
Leicester City,Wes Morgan,110.3,46.2,0.14536023,11.512167476196655,Saved,Right Foot,Open Play
Leicester City,Jeffrey Schlupp,101.6,28.9,0.04186806,21.48883430993874,Blocked,Left Foot,Open Play
Leicester City,Riyad Mahrez,118.0,51.2,0.014031913,11.377170122662315,Off T,Left Foot,Open Play
Manchester United,Anthony Martial,116.6,48.4,0.12588291,9.062008607367353,Off T,Head,Open Play
Watford,Odion Jude Ighalo,104.1,29.9,0.048856705,18.83666637173362,Blocked,Right Foot,Open Play
Manchester United,Memphis Depay,103.0,27.8,0.038260296,20.924626639440906,Wayward,Right Foot,Open Play
Watford,Odion Jude Ighalo,93.7,38.0,0.08331812,26.375936002348805,Saved,Left Foot,Open Play
Manchester United,Morgan Schneiderlin,95.2,41.1,0.025371619,24.824383174612816,Off T,Right Foot,Open Play
Manchester United,Memphis Depay,98.6,21.6,0.0118482625,28.222685910451546,Off T,Right Foot,Open Play
Watford,José Holebas,100.2,39.6,0.05486972,19.804039991880444,Blocked,Left Foot,Open Play
Watford,Sebastian Prödl,103.3,39.1,0.056227718,16.72423391369542,Off T,Right Foot,Open Play
Watford,Odion Jude Ighalo,109.5,41.3,0.19513172,10.580170130957253,Off T,Right Foot,Open Play
Manchester United,Anthony Martial,108.0,50.7,0.063002326,16.07762420259909,Saved,Right Foot,Open Play
Watford,Almen Abdi,89.6,44.4,0.031748116,30.71677066359679,Off T,Right Foot,Open Play
Watford,Odion Jude Ighalo,114.0,50.7,0.2584795,12.267436570041847,Saved,Right Foot,Open Play
Watford,Odion Jude Ighalo,106.1,36.9,0.5329456,14.241488686229406,Saved,Right Foot,Open Play
Watford,Etienne Capoue,84.8,38.8,0.0152173275,35.22044860588803,Off T,Right Foot,Open Play
Watford,Sebastian Prödl,115.9,32.3,0.08151696,8.723531395025756,Blocked,Head,Open Play
Watford,Miguel Ángel Britos Cabrera,116.1,33.6,0.13310002,7.4946647690206945,Blocked,Left Foot,Open Play
Watford,Odion Jude Ighalo,104.6,54.6,0.06419462,21.220744567521663,Off T,Left Foot,Open Play
Manchester United,Juan Manuel Mata García,95.2,41.7,0.052441508,24.858197842965204,Saved,Left Foot,Open Play
Manchester United,Memphis Depay,97.2,36.3,0.08158199,23.098268333362135,Blocked,Right Foot,Free Kick
Manchester United,Memphis Depay,101.4,21.9,0.021842016,25.9532271596424,Blocked,Right Foot,Open Play
Manchester United,Ander Herrera Agüera,96.5,43.2,0.06261873,23.716871631815188,Blocked,Right Foot,Open Play
Manchester United,Juan Manuel Mata García,97.8,33.7,0.055125773,23.076611536358627,Blocked,Left Foot,Open Play
Manchester United,Juan Manuel Mata García,108.2,26.5,0.060458574,17.93014221917941,Wayward,Left Foot,Open Play
Manchester United,Memphis Depay,102.7,50.8,0.045892116,20.39436196599442,Blocked,Right Foot,Open Play
Watford,Nordin Amrabat,114.9,32.9,0.12790407,8.741853350405734,Blocked,Right Foot,Open Play
Watford,Sebastian Prödl,115.9,43.3,0.17460199,5.2630789467763,Off T,Head,Open Play
Manchester United,Juan Manuel Mata García,96.7,47.7,0.07262751,24.539356144772828,Goal,Left Foot,Free Kick
West Bromwich Albion,José Salomón Rondón Giménez,111.0,53.1,0.08847111,15.893709447451217,Saved,Right Foot,Open Play
West Bromwich Albion,Craig Gardner,114.5,37.2,0.639037,6.1717096496837875,Goal,Left Foot,Open Play
West Bromwich Albion,Craig Gardner,87.9,33.6,0.015065989,32.73178882982108,Wayward,Right Foot,Open Play
West Bromwich Albion,Craig Gardner,103.2,20.2,0.008414692,25.96690201005888,Off T,Right Foot,Open Play
Crystal Palace,Connor Wickham,112.3,48.4,0.036382485,11.395174417269795,Off T,Head,Open Play
West Bromwich Albion,Craig Dawson,111.4,38.6,0.078451306,8.713208364316781,Goal,Head,Open Play
West Bromwich Albion,Craig Gardner,96.7,19.8,0.009959026,30.837152916571267,Off T,Right Foot,Open Play
West Bromwich Albion,Saido Berahino,107.3,40.1,0.14765394,12.70039369468522,Goal,Left Foot,Open Play
Crystal Palace,Jordon Mutch,105.1,39.6,0.031451497,14.905368160498423,Off T,Head,Open Play
West Bromwich Albion,Craig Gardner,87.1,52.7,0.008063849,35.26613106083513,Blocked,Right Foot,Free Kick
Crystal Palace,Jordon Mutch,108.1,22.2,0.011094247,21.41144553737557,Blocked,Right Foot,Open Play
Crystal Palace,Jordon Mutch,108.8,29.2,0.06807086,15.558920271021382,Blocked,Left Foot,Open Play
Crystal Palace,Joe Ledley,107.0,39.6,0.06070267,13.006152390311287,Blocked,Right Foot,Open Play
West Bromwich Albion,Craig Gardner,110.3,33.1,0.068555,11.903780911962386,Off T,Head,Open Play
Crystal Palace,Connor Wickham,117.5,33.6,0.64957875,6.870953354520752,Goal,Left Foot,Open Play
Crystal Palace,Scott Dann,113.5,43.4,0.1285689,7.335529974037321,Blocked,Head,Open Play
West Bromwich Albion,Saido Berahino,102.2,26.9,0.04407135,22.100904958847273,Post,Right Foot,Open Play
Crystal Palace,Jordon Mutch,103.6,18.3,0.008175783,27.200183822908258,Blocked,Right Foot,Open Play
West Bromwich Albion,Stéphane Sessègnon,102.0,47.7,0.05160614,19.57779354268504,Saved,Right Foot,Open Play
Crystal Palace,Joe Ledley,93.7,32.2,0.019611884,27.43228025520299,Off T,Left Foot,Open Play
Crystal Palace,Yohan Cabaye,98.4,44.8,0.036557693,22.126906697502925,Blocked,Right Foot,Open Play
Crystal Palace,Yohan Cabaye,103.5,50.9,0.05780862,19.775237040298656,Off T,Right Foot,Open Play
Crystal Palace,Connor Wickham,108.0,28.0,0.0466804,16.97056274847714,Goal,Left Foot,Open Play
Crystal Palace,Connor Wickham,112.6,29.0,0.06748258,13.257450735341244,Off T,Left Foot,Open Play
Crystal Palace,Scott Dann,111.0,39.9,0.061919734,9.000555538409838,Blocked,Head,Open Play
Crystal Palace,Joel Ward,93.2,46.1,0.020569805,27.485450696686783,Off T,Right Foot,Open Play
Crystal Palace,Dwight Gayle,86.7,42.7,0.023137664,33.40928014788705,Off T,Right Foot,Free Kick
Arsenal,Daniel Nii Tackie Mensah Welbeck,103.1,48.3,0.06498713,18.828170383762732,Saved Off Target,Right Foot,Open Play
Arsenal,Ignacio Monreal Eraso,109.9,33.2,0.3176393,12.175795661885914,Saved,Left Foot,Open Play
Arsenal,Gabriel Armando de Abreu,107.7,46.6,0.030853668,13.958868148958208,Wayward,Head,Open Play
Manchester United,Memphis Depay,102.6,17.7,0.008819513,28.285155117128138,Saved,Right Foot,Free Kick
Arsenal,Alexis Alejandro Sánchez Sánchez,105.2,27.6,0.047879342,19.308029417835467,Off T,Right Foot,Open Play
Manchester United,Marcus Rashford,109.0,35.0,0.0546202,12.083045973594572,Goal,Right Foot,Open Play
Manchester United,Marcus Rashford,113.8,39.8,0.19601569,6.203224967708332,Goal,Head,Open Play
Manchester United,Memphis Depay,95.6,30.0,0.026704196,26.36967955815922,Off T,Right Foot,Open Play
Arsenal,Daniel Nii Tackie Mensah Welbeck,109.3,43.9,0.101323426,11.388590782006352,Goal,Head,Open Play
Arsenal,Mesut Özil,95.1,47.6,0.064196266,26.034016209567056,Blocked,Left Foot,Free Kick
Arsenal,Alexis Alejandro Sánchez Sánchez,98.2,45.2,0.036059875,22.41160413714288,Blocked,Right Foot,Open Play
Arsenal,Aaron Ramsey,115.0,48.9,0.08167527,10.208329931972221,Wayward,Head,Open Play
Arsenal,Alexis Alejandro Sánchez Sánchez,100.9,46.7,0.07806013,20.241047403728885,Blocked,Right Foot,Open Play
Manchester United,Morgan Schneiderlin,109.5,29.5,0.09973304,14.849242404917497,Blocked,Right Foot,Open Play
Manchester United,Memphis Depay,97.6,23.7,0.011978083,27.70288793609793,Saved,Right Foot,Open Play
Manchester United,Ander Herrera Agüera,98.0,39.6,0.047446404,22.00363606316011,Goal,Right Foot,Open Play
Arsenal,Daniel Nii Tackie Mensah Welbeck,113.3,42.4,0.30643627,7.116881339463236,Saved,Right Foot,Open Play
Arsenal,Mesut Özil,107.3,40.9,0.13324653,12.731849826321392,Goal,Left Foot,Open Play
Arsenal,Olivier Giroud,114.3,31.3,0.083092876,10.40096149401583,Off T,Head,Open Play
Arsenal,Laurent Koscielny,115.0,47.7,0.08856217,9.180958555619345,Saved,Head,Open Play
West Ham United,Aaron Cresswell,106.1,26.3,0.035148427,19.516659550240664,Wayward,Left Foot,Open Play
Arsenal,Mohamed Naser Elsayed Elneny,105.1,27.9,0.041712664,19.194269978303424,Blocked,Right Foot,Open Play
West Ham United,Andy Carroll,106.2,46.7,0.05413839,15.340469353966975,Wayward,Left Foot,Open Play
Arsenal,Mesut Özil,107.9,29.7,0.278182,15.8902485820707,Goal,Left Foot,Open Play
Arsenal,Daniel Nii Tackie Mensah Welbeck,115.4,48.4,0.12330898,9.577055915050298,Off T,Right Foot,Open Play
Arsenal,Laurent Koscielny,112.4,36.2,0.13958555,8.497058314499194,Saved,Head,Open Play
Arsenal,Alexis Alejandro Sánchez Sánchez,97.3,33.3,0.05123116,23.668122020980036,Saved,Right Foot,Open Play
West Ham United,Manuel Lanzini,98.3,42.3,0.04387151,21.821548982599747,Off T,Right Foot,Open Play
Arsenal,Alexis Alejandro Sánchez Sánchez,109.8,30.6,0.33108154,13.870832707519762,Goal,Right Foot,Open Play
West Ham United,Andy Carroll,98.4,33.2,0.06263211,22.645087767549054,Saved,Left Foot,Open Play
West Ham United,Andy Carroll,110.7,48.3,0.02801198,12.465151423067427,Saved,Head,Open Play
West Ham United,Andy Carroll,111.1,44.7,0.070177235,10.064790112068913,Goal,Head,Open Play
Arsenal,Ignacio Monreal Eraso,112.2,29.2,0.19061345,13.322161986704709,Saved,Left Foot,Open Play
West Ham United,Andy Carroll,109.0,35.7,0.09735905,11.81058846967415,Blocked,Right Foot,Open Play
West Ham United,Andy Carroll,110.4,35.9,0.100186445,10.43886967061089,Goal,Left Foot,Open Play
West Ham United,Andy Carroll,115.3,32.8,0.087598935,8.598255637046393,Goal,Head,Open Play
West Ham United,Andy Carroll,111.5,38.4,0.25078323,8.649277426467485,Off T,Right Foot,Open Play
West Ham United,Michail Antonio,95.4,58.7,0.009156444,30.90064724241225,Blocked,Right Foot,Open Play
Arsenal,Ignacio Monreal Eraso,102.3,37.2,0.06303578,17.92010044614706,Blocked,Left Foot,Open Play
Arsenal,Ignacio Monreal Eraso,100.2,37.0,0.04999145,20.02598312193436,Off T,Right Foot,Open Play
Arsenal,Laurent Koscielny,112.8,42.6,0.52011424,7.655063683601858,Goal,Right Foot,Open Play
West Ham United,Dimitri Payet,95.0,25.0,0.02904059,29.154759474226502,Saved,Right Foot,Open Play
Arsenal,Olivier Giroud,109.9,43.1,0.05417676,10.565036677645748,Off T,Head,Open Play
West Ham United,Aaron Cresswell,96.4,25.4,0.031164382,27.75103601669674,Saved,Left Foot,Open Play
West Ham United,Winston Reid,118.1,45.3,0.17263432,5.630275304103698,Off T,Right Foot,Open Play
West Ham United,Emmanuel Emenike,111.4,41.4,0.08059376,8.713208364316781,Blocked,Head,Open Play
West Ham United,Dimitri Payet,100.1,28.7,0.07712632,22.8844925659277,Off T,Right Foot,Open Play
West Ham United,Manuel Lanzini,104.1,56.8,0.028132832,23.131147831441485,Blocked,Right Foot,Open Play
Chelsea,Pedro Eliezer Rodríguez Ledesma,106.1,51.2,0.29733974,17.850770291502833,Goal,Left Foot,Open Play
Chelsea,Eden Hazard,104.7,36.1,0.09300789,15.789236840328918,Blocked,Right Foot,Open Play
Chelsea,Willian Borges da Silva,101.1,22.5,0.025130017,25.757717290163743,Blocked,Right Foot,Open Play
AFC Bournemouth,Joshua King,103.5,38.5,0.085970886,16.56804152578089,Off T,Right Foot,Open Play
Chelsea,Branislav Ivanović,89.3,42.7,0.03512912,30.818500936937216,Blocked,Right Foot,Free Kick
AFC Bournemouth,Marc Pugh,102.5,33.5,0.06731408,18.66815470259447,Off T,Right Foot,Open Play
AFC Bournemouth,Lewis Grabban,117.1,59.0,0.010183135,19.220041623263985,Saved,Right Foot,Open Play
AFC Bournemouth,Joshua King,110.0,44.5,0.105961114,10.965856099730654,Saved,Head,Open Play
AFC Bournemouth,Lewis Grabban,111.2,48.7,0.07765698,12.37457069962429,Off T,Head,Open Play
Chelsea,Eden Hazard,95.6,30.9,0.04520603,26.041697333315284,Goal,Right Foot,Open Play
AFC Bournemouth,Tommy Elphick,111.7,41.5,0.07048893,8.434453153583815,Goal,Head,Open Play
Chelsea,Willian Borges da Silva,107.6,22.8,0.022122309,21.203773249117717,Off T,Right Foot,Open Play
AFC Bournemouth,Lewis Grabban,107.6,26.7,0.09377207,18.183783984638627,Saved,Right Foot,Open Play
Chelsea,Francesc Fàbregas i Soler,92.1,46.4,0.03223485,28.62463973572419,Off T,Right Foot,Open Play
AFC Bournemouth,Junior Stanislas,100.2,53.0,0.069408715,23.686282950264694,Off T,Right Foot,Open Play
Chelsea,Pedro Eliezer Rodríguez Ledesma,108.8,49.2,0.083746955,14.494136745594755,Off T,Left Foot,Open Play
AFC Bournemouth,Charlie Daniels,92.0,26.5,0.018807994,31.084562084739105,Off T,Left Foot,Open Play
Chelsea,Diego da Silva Costa,98.3,52.3,0.03156409,24.943536236869065,Blocked,Right Foot,Open Play
Chelsea,Francesc Fàbregas i Soler,92.9,40.2,0.024331,27.100737997331358,Blocked,Right Foot,Open Play
Chelsea,Pedro Eliezer Rodríguez Ledesma,105.1,28.9,0.041237567,18.58009687811127,Blocked,Left Foot,Open Play
Chelsea,Diego da Silva Costa,110.6,55.5,0.020644505,18.127603261324982,Blocked,Right Foot,Open Play
AFC Bournemouth,Junior Stanislas,92.5,43.9,0.042395387,27.775168766363958,Off T,Right Foot,Open Play
Chelsea,Willian Borges da Silva,103.1,58.8,0.009355594,25.27943828489866,Blocked,Right Foot,Open Play
Chelsea,Willian Borges da Silva,105.4,49.5,0.36386254,17.418668146560456,Goal,Right Foot,Open Play
Chelsea,Pedro Eliezer Rodríguez Ledesma,113.8,27.5,0.0291799,13.953135848260061,Off T,Right Foot,Open Play
AFC Bournemouth,Charlie Daniels,98.0,26.7,0.017228248,25.707780923292464,Blocked,Left Foot,Open Play
AFC Bournemouth,Tommy Elphick,112.0,38.4,0.07645476,8.158431221748456,Blocked,Head,Open Play
AFC Bournemouth,Dan Gosling,93.9,32.2,0.01377727,27.24059470716452,Blocked,Right Foot,Open Play
Chelsea,Eden Hazard,113.6,35.4,0.13098066,7.881624198095218,Goal,Right Foot,Open Play
Newcastle United,Papiss Demba Cissé,104.4,39.0,0.044846036,15.632018423735298,Off T,Head,Open Play
Norwich City,Steven Naismith,95.9,49.6,0.034385554,25.941665328193558,Saved,Right Foot,Open Play
Norwich City,Robert Brady,110.1,53.3,0.0768524,16.58010856418015,Saved,Right Foot,Open Play
Norwich City,Dieumerci Mbokani Bezua,112.8,41.6,0.45446286,7.375635565834313,Saved,Right Foot,Open Play
Norwich City,Dieumerci Mbokani Bezua,112.4,40.1,0.2149862,7.60065786626394,Off T,Right Foot,Open Play
Newcastle United,Jonjo Shelvey,92.6,41.9,0.032449093,27.465796911795593,Off T,Right Foot,Open Play
Norwich City,Timm Klose,114.5,37.7,0.2160829,5.9615434243155505,Goal,Head,Open Play
Newcastle United,Papiss Demba Cissé,92.9,19.7,0.0074084476,33.860005906674026,Off T,Right Foot,Open Play
Newcastle United,Andros Townsend,96.2,39.0,0.052885547,23.820999139414784,Saved,Left Foot,Open Play
Norwich City,Timm Klose,110.7,35.2,0.091696024,10.465658125507442,Off T,Left Foot,Open Play
Norwich City,Robert Brady,94.3,24.4,0.019472757,30.064098190366533,Wayward,Left Foot,Open Play
Newcastle United,Andros Townsend,106.3,52.4,0.053281166,18.478365728602736,Blocked,Left Foot,Open Play
Norwich City,Andre Wisdom,99.4,42.3,0.08830154,20.72800038595136,Off T,Left Foot,Open Play
Newcastle United,Aleksandar Mitrović,103.9,44.2,0.0775263,16.638810053606594,Saved,Left Foot,Open Play
Newcastle United,Aleksandar Mitrović,108.4,42.7,0.051456075,11.910079764636334,Goal,Head,Open Play
Norwich City,Ryan Bennett,109.0,38.4,0.113017365,11.115754585272203,Blocked,Right Foot,Open Play
Norwich City,Dieumerci Mbokani Bezua,104.4,26.1,0.046062943,20.894257584322055,Goal,Right Foot,Open Play
Newcastle United,Aleksandar Mitrović,114.0,46.5,0.13008672,8.845903006477066,Off T,Head,Open Play
Newcastle United,Aleksandar Mitrović,114.7,44.3,0.12616493,6.824954212300618,Blocked,Head,Open Play
Norwich City,Steven Naismith,97.9,32.6,0.043061297,23.306007809146546,Off T,Left Foot,Open Play
Newcastle United,Aleksandar Mitrović,108.0,39.9,0.7835,12.000416659433121,Goal,Right Foot,Penalty
Norwich City,Nathan Redmond,93.4,40.3,0.05456264,26.60169167553071,Blocked,Right Foot,Open Play
Newcastle United,Aleksandar Mitrović,112.1,34.1,0.059486896,9.860020283954798,Off T,Head,Open Play
Newcastle United,Papiss Demba Cissé,115.8,40.7,0.5432019,4.257933771208758,Saved,Head,Open Play
Newcastle United,Chancel Mbemba Mangulu,114.3,36.7,0.10872074,6.586349520030045,Off T,Head,Open Play
Norwich City,Martin Olsson,104.4,28.0,0.0746535,19.681463360228065,Goal,Left Foot,Open Play
Norwich City,Russell Martin,97.1,52.4,0.025076507,26.041697333315284,Off T,Right Foot,Open Play
West Ham United,Aaron Cresswell,96.0,22.7,0.01541059,29.58530040408581,Off T,Left Foot,Open Play
West Ham United,Enner Remberto Valencia Lastra,110.2,22.2,0.010720102,20.319448811422028,Saved,Left Foot,Open Play
West Ham United,Pedro Mba Obiang Avomo,96.3,51.0,0.028926473,26.128337107439503,Off T,Right Foot,Open Play
Norwich City,Robert Brady,99.6,29.1,0.07119894,23.12941849679754,Off T,Left Foot,Free Kick
Norwich City,Jonathan Howson,100.6,31.2,0.032347295,21.302582003128173,Off T,Left Foot,Open Play
West Ham United,James Collins,108.6,45.8,0.0708312,12.790621564255588,Off T,Head,Open Play
Norwich City,Steven Naismith,104.0,26.2,0.07704605,21.129126815843573,Off T,Left Foot,Open Play
Norwich City,Russell Martin,102.3,54.0,0.033600777,22.567454442182886,Off T,Right Foot,Open Play
Norwich City,Cameron Jerome,92.3,24.9,0.014867804,31.548375552474965,Off T,Right Foot,Open Play
Norwich City,Robert Brady,97.7,37.6,0.06443715,22.428776159211182,Goal,Right Foot,Open Play
Norwich City,Steven Naismith,100.7,31.3,0.054452535,21.170262161815565,Blocked,Right Foot,Open Play
Norwich City,Wes Hoolahan,110.7,36.7,0.44541427,9.868130522039113,Goal,Right Foot,Open Play
West Ham United,Michail Antonio,106.7,34.6,0.12377208,14.354441821262153,Saved,Left Foot,Open Play
West Ham United,Victor Moses,106.9,27.6,0.1325601,18.038015411901604,Saved,Right Foot,Open Play
West Ham United,Dimitri Payet,111.9,48.9,0.48353067,12.034118164618457,Goal,Right Foot,Open Play
West Ham United,Mark Noble,101.2,41.9,0.0830776,18.895766721676047,Goal,Right Foot,Open Play
Norwich City,Robert Brady,94.9,48.2,0.06080396,26.405491853021783,Off T,Left Foot,Free Kick
West Ham United,Victor Moses,101.0,27.3,0.052098274,22.85366491396949,Off T,Right Foot,Open Play
West Ham United,Emmanuel Emenike,105.5,37.0,0.13603722,14.807092894960848,Off T,Right Foot,Open Play
West Ham United,Emmanuel Emenike,113.8,38.2,0.49936458,6.4560049566275906,Wayward,Right Foot,Open Play
West Ham United,Dimitri Payet,89.7,44.0,0.034752887,30.56288598938261,Saved,Right Foot,Free Kick
Norwich City,Russell Martin,116.3,53.2,0.022812588,13.708756325794113,Saved,Right Foot,Open Play
Norwich City,Nathan Redmond,106.0,31.7,0.07923516,16.275441622272496,Blocked,Right Foot,Open Play
Norwich City,Sébastien Aymar Bassong Nguena,114.1,38.1,0.22498769,6.198386886924699,Blocked,Left Foot,Open Play
Manchester City,Jesús Navas González,100.9,33.9,0.026249664,20.050436404228208,Blocked,Right Foot,Open Play
Manchester City,Sergio Leonel Agüero del Castillo,113.5,49.8,0.16908962,11.759676866308869,Saved,Left Foot,Open Play
Manchester City,Wilfried Guemiand Bony,110.2,35.8,0.045360427,10.66208234820947,Off T,Head,Open Play
Manchester City,Wilfried Guemiand Bony,109.1,37.7,0.17428909,11.140017953306904,Off T,Right Foot,Open Play
Manchester City,Sergio Leonel Agüero del Castillo,105.4,33.0,0.12108269,16.191355718407273,Saved,Right Foot,Open Play
Manchester City,Fernando Luiz Rosa,90.4,42.1,0.023016313,29.674399741191053,Blocked,Right Foot,Open Play
Manchester City,Gnégnéri Yaya Touré,91.6,40.2,0.023870269,28.40070421662111,Off T,Right Foot,Open Play
Manchester City,Sergio Leonel Agüero del Castillo,105.5,32.4,0.11944885,16.37101096450674,Off T,Left Foot,Open Play
Aston Villa,Jordan Ayew,93.1,43.5,0.021132547,27.12673957555534,Wayward,Right Foot,Open Play
Aston Villa,Jordan Ayew,104.5,47.8,0.28285465,17.35194513592064,Saved,Right Foot,Open Play
Manchester City,Nicolás Hernán Otamendi,107.9,36.6,0.09550526,12.568611697399195,Wayward,Left Foot,Open Play
Manchester City,Wilfried Guemiand Bony,108.3,35.8,0.05479435,12.4310096130604,Off T,Head,Open Play
Manchester City,Nicolás Hernán Otamendi,108.5,44.3,0.060304508,12.277621919573837,Saved,Right Foot,Open Play
Manchester City,Wilfried Guemiand Bony,103.0,42.7,0.03618681,17.21307642462555,Saved,Head,Open Play
Manchester City,Sergio Leonel Agüero del Castillo,115.0,29.1,0.1099044,11.992080720208648,Off T,Left Foot,Open Play
Manchester City,Gnégnéri Yaya Touré,106.8,42.0,0.104108945,13.350655414622912,Goal,Right Foot,Open Play
Manchester City,Sergio Leonel Agüero del Castillo,108.4,35.4,0.61518365,12.478781991845192,Goal,Other,Open Play
Manchester City,Sergio Leonel Agüero del Castillo,100.3,40.6,0.05277308,19.70913493789111,Blocked,Right Foot,Open Play
Manchester City,Sergio Leonel Agüero del Castillo,112.0,29.1,0.17620043,13.520724832641184,Goal,Right Foot,Open Play
Manchester City,Raheem Sterling,103.9,28.5,0.07829203,19.785348114198037,Saved,Left Foot,Open Play
Manchester City,Raheem Sterling,112.7,34.5,0.3447106,9.14002188181188,Goal,Right Foot,Open Play
Manchester City,Sergio Leonel Agüero del Castillo,108.2,40.2,0.7835,11.80169479354554,Post,Right Foot,Penalty
Manchester City,Kelechi Promise Iheanacho,93.6,55.8,0.015335949,30.766865293688927,Off T,Left Foot,Open Play
Manchester City,Bacary Sagna,93.7,48.9,0.030730614,27.765085989422037,Off T,Right Foot,Open Play
Aston Villa,Rudy Gestede,103.3,32.5,0.14807628,18.306829326784037,Blocked,Right Foot,Open Play
Aston Villa,Jordan Veretout,81.8,52.6,0.007321767,40.22437072223754,Blocked,Right Foot,Open Play
Leicester City,Jamie Vardy,105.7,39.1,0.033173744,14.32829368766567,Off T,Head,Open Play
Leicester City,Marc Albrighton,98.4,17.5,0.008556728,31.189902212094218,Saved,Right Foot,Free Kick
Leicester City,Marc Albrighton,93.0,41.6,0.038088437,27.04736586065268,Blocked,Right Foot,Open Play
Aston Villa,Libor Kozák,109.5,53.2,0.14233197,16.86683135624472,Saved,Right Foot,Open Play
Aston Villa,Ashley Westwood,106.1,33.9,0.10850642,15.17959156235767,Off T,Right Foot,Open Play
Leicester City,Jamie Vardy,104.2,28.9,0.117790274,19.309324172533845,Saved,Right Foot,Open Play
Leicester City,Shinji Okazaki,118.3,44.0,0.7078735,4.346262762420147,Goal,Right Foot,Open Play
Leicester City,Riyad Mahrez,111.1,46.2,0.14937186,10.846658471621579,Blocked,Left Foot,Open Play
Leicester City,Riyad Mahrez,108.2,40.1,0.7835,11.800423721205943,Saved,Left Foot,Penalty
Aston Villa,Aly Cissokho,92.9,23.6,0.0087251235,31.6760161636529,Saved,Left Foot,Open Play
Aston Villa,Idrissa Gana Gueye,101.1,52.8,0.049086455,22.826519664635697,Off T,Right Foot,Open Play
Leicester City,Marc Albrighton,90.9,32.2,0.021337785,30.127230207903274,Off T,Right Foot,Open Play
Aston Villa,Aly Cissokho,105.3,24.0,0.03985851,21.72763217656264,Saved,Left Foot,Open Play
Aston Villa,Leandro Bacuna,105.3,53.6,0.0433478,20.02623279601034,Blocked,Right Foot,Open Play
Aston Villa,Idrissa Gana Gueye,89.5,49.9,0.01911636,32.066493416025395,Blocked,Right Foot,Open Play
Aston Villa,Jordan Ayew,106.2,43.9,0.04348758,14.34050208326054,Blocked,Right Foot,Open Play
Leicester City,Danny Drinkwater,95.4,38.8,0.040395472,24.629250902128547,Saved,Right Foot,Open Play
Aston Villa,Leandro Bacuna,105.9,51.3,0.0926743,18.069310999592645,Saved,Left Foot,Open Play
Leicester City,Danny Drinkwater,112.2,38.5,0.18304971,7.942921376924233,Off T,Right Foot,Open Play
Aston Villa,Libor Kozák,115.9,41.1,0.19225208,4.24499705535822,Off T,Head,Open Play
Aston Villa,Rudy Gestede,104.3,51.1,0.07806587,19.22758435165479,Goal,Left Foot,Open Play
Leicester City,Danny Drinkwater,98.8,27.3,0.023354506,24.712952069714376,Blocked,Left Foot,Open Play
Aston Villa,Idrissa Gana Gueye,92.7,51.1,0.021357313,29.470324056582747,Blocked,Right Foot,Open Play
Aston Villa,Libor Kozák,109.3,43.3,0.20208935,11.197321108193695,Off T,Right Foot,Open Play
Leicester City,Jamie Vardy,111.5,27.1,0.123834416,15.448624534242521,Off T,Left Foot,Open Play
Liverpool,Jordon Ibe,101.5,53.7,0.04495209,23.02042571283164,Off T,Right Foot,Open Play
West Ham United,Michail Antonio,95.7,53.5,0.024284594,27.7982013806649,Off T,Right Foot,Open Play
West Ham United,Michail Antonio,113.5,37.6,0.28996012,6.928924880528002,Goal,Head,Open Play
West Ham United,Andy Carroll,112.9,43.8,0.118122526,8.052949770115289,Saved,Head,Open Play
West Ham United,Manuel Lanzini,98.7,18.7,0.010072765,30.122748878546922,Post,Right Foot,Open Play
West Ham United,Michail Antonio,113.4,35.0,0.1606405,8.280096617793776,Off T,Head,Open Play
West Ham United,Enner Remberto Valencia Lastra,110.4,27.9,0.11725638,15.445711378890904,Blocked,Left Foot,Open Play
West Ham United,Michail Antonio,109.7,39.1,0.14225689,10.339245620450264,Saved,Left Foot,Open Play
Liverpool,Alberto Moreno Pérez,96.4,34.2,0.03256687,24.30226326908668,Blocked,Left Foot,Open Play
West Ham United,Enner Remberto Valencia Lastra,110.9,47.9,0.17149659,12.050726119201277,Wayward,Left Foot,Open Play
Liverpool,Roberto Firmino Barbosa de Oliveira,90.7,38.2,0.018513689,29.35523803344132,Blocked,Left Foot,Open Play
Liverpool,Philippe Coutinho Correia,98.3,27.0,0.029762836,25.29604712203075,Blocked,Right Foot,Open Play
Liverpool,Christian Benteke Liolo,108.5,34.2,0.0536739,12.87982919141399,Blocked,Head,Open Play
Liverpool,Roberto Firmino Barbosa de Oliveira,115.0,39.0,0.5918036,5.0990195135927845,Saved,Right Foot,Open Play
Liverpool,Roberto Firmino Barbosa de Oliveira,94.0,42.6,0.039558087,26.129676614914313,Off T,Right Foot,Open Play
Liverpool,Philippe Coutinho Correia,84.4,30.0,0.005986067,36.97783119654261,Blocked,Right Foot,Open Play
West Ham United,Aaron Cresswell,106.8,27.1,0.05482405,18.45670609832643,Blocked,Left Foot,Open Play
Liverpool,Alberto Moreno Pérez,92.0,31.0,0.027527265,29.410882339705484,Blocked,Left Foot,Open Play
Liverpool,Emre Can,100.0,49.1,0.041475493,21.972937900972642,Post,Right Foot,Open Play
Liverpool,Philippe Coutinho Correia,90.0,33.1,0.020403886,30.783274679604833,Blocked,Right Foot,Open Play
Liverpool,Philippe Coutinho Correia,91.3,39.1,0.023983886,28.71410803072246,Off T,Right Foot,Open Play
Liverpool,Christian Benteke Liolo,107.5,34.3,0.093787104,13.738267721950976,Wayward,Right Foot,Open Play
West Ham United,Andy Carroll,108.2,37.4,0.06702042,12.08304597359457,Saved,Head,Open Play
West Ham United,Andy Carroll,110.8,33.7,0.06529432,11.150336317797773,Goal,Head,Open Play
Liverpool,Philippe Coutinho Correia,98.0,33.4,0.03628007,22.968674319603213,Blocked,Right Foot,Open Play
Liverpool,Christian Benteke Liolo,104.8,31.9,0.111930534,17.22353041626484,Off T,Left Foot,Open Play
Liverpool,Dejan Lovren,87.0,38.1,0.020832445,33.054651715000716,Blocked,Right Foot,Free Kick
Liverpool,Jordon Ibe,93.5,59.0,0.0077340705,32.60751447136074,Off T,Right Foot,Open Play
West Ham United,Andy Carroll,112.8,40.8,0.10180538,7.244308110509936,Saved,Head,Open Play
West Ham United,Michail Antonio,115.1,41.0,0.51543957,5.00099990002,Saved,Left Foot,Open Play
West Ham United,Pedro Mba Obiang Avomo,102.5,38.5,0.04124022,17.564168070250297,Off T,Right Foot,Open Play
West Ham United,Andy Carroll,109.7,35.0,0.10136056,11.449454135459906,Saved,Left Foot,Open Play
Liverpool,Christian Benteke Liolo,105.2,38.2,0.14161034,14.909057649630304,Off T,Left Foot,Open Play
Liverpool,Lucas Pezzini Leiva,115.1,42.3,0.25403386,5.412947441089747,Blocked,Head,Open Play
Liverpool,Bradley Shaun Smith,103.7,30.9,0.026966754,18.668154702594467,Blocked,Left Foot,Open Play
Liverpool,Philippe Coutinho Correia,101.2,35.1,0.04678994,19.42807247258461,Blocked,Right Foot,Open Play
Liverpool,Christian Benteke Liolo,107.1,39.6,0.04566806,12.906200060436074,Blocked,Head,Open Play
West Ham United,Mark Noble,109.7,56.1,0.04658408,19.112822920751398,Saved,Right Foot,Open Play
West Ham United,Cheikhou Kouyaté,102.6,43.6,0.13431156,17.768511473953023,Saved,Right Foot,Open Play
Liverpool,Joe Allen,109.9,43.7,0.100121774,10.756393447619882,Off T,Head,Open Play
Everton,Tom Cleverley,97.1,32.4,0.04654247,24.128199269734164,Saved,Right Foot,Open Play
Everton,Romelu Lukaku Menama,94.7,49.0,0.05552568,26.853118999475644,Off T,Left Foot,Free Kick
Everton,Aaron Lennon,101.4,40.4,0.06501782,18.604300578092147,Goal,Right Foot,Open Play
Newcastle United,Jonjo Shelvey,95.5,34.2,0.034857135,25.177172200229318,Blocked,Left Foot,Open Play
Newcastle United,Paul Dummett,99.0,26.5,0.022792162,24.964975465639856,Wayward,Left Foot,Open Play
Everton,Ross Barkley,88.0,42.5,0.024100324,32.09750769140807,Off T,Right Foot,Open Play
Everton,Ross Barkley,87.2,53.2,0.007575234,35.35647041207592,Off T,Right Foot,Free Kick
Everton,Ross Barkley,116.0,25.4,0.019206407,15.13803157613301,Wayward,Left Foot,Open Play
Everton,Aaron Lennon,107.0,42.5,0.2139796,13.238202294873727,Blocked,Right Foot,Open Play
Everton,Romelu Lukaku Menama,107.2,44.3,0.08417224,13.502962637880618,Off T,Left Foot,Open Play
Newcastle United,Jonjo Shelvey,88.8,31.8,0.021358391,32.259572222830236,Saved,Right Foot,Open Play
Everton,Aaron Lennon,102.9,40.4,0.25493875,17.10467772277513,Saved,Left Foot,Open Play
Everton,Arouna Koné,107.5,46.0,0.09172668,13.865424623862047,Off T,Right Foot,Open Play
Everton,Arouna Koné,110.4,57.1,0.015447162,19.61045639448506,Off T,Right Foot,Open Play
Everton,Ross Barkley,96.2,42.3,0.050076615,23.910876186371752,Saved to Post,Right Foot,Open Play
Everton,José Ramiro Funes Mori,113.3,37.0,0.08661713,7.340980860893184,Off T,Head,Open Play
Everton,Tom Cleverley,96.9,18.1,0.008932786,31.831116851282484,Saved to Post,Right Foot,Free Kick
Everton,José Ramiro Funes Mori,111.6,23.3,0.013672137,18.693581786270926,Wayward,Right Foot,Open Play
Newcastle United,Jamaal Lascelles,110.9,34.8,0.25757632,10.480935072788112,Saved,Right Foot,Open Play
Newcastle United,Aleksandar Mitrović,111.2,39.1,0.19760126,8.845903006477064,Off T,Right Foot,Open Play
Newcastle United,Ayoze Pérez Gutiérrez,106.8,26.9,0.063100316,18.597042775667322,Saved,Right Foot,Open Play
Everton,Ross Barkley,100.5,34.9,0.07461616,20.15589243868899,Blocked,Left Foot,Open Play
Newcastle United,Daryl Janmaat,96.0,53.5,0.024824299,27.536339626028727,Blocked,Left Foot,Open Play
Everton,Ross Barkley,108.2,40.1,0.7835,11.800423721205943,Goal,Right Foot,Penalty
Everton,Ross Barkley,96.2,38.7,0.06422322,23.835477759004533,Blocked,Right Foot,Open Play
Everton,Arouna Koné,105.4,42.4,0.36369705,14.795945390545338,Off T,Right Foot,Open Play
Everton,Ross Barkley,108.0,40.1,0.7835,12.000416659433121,Goal,Right Foot,Penalty
Arsenal,Aaron Ramsey,83.7,35.4,0.0073143984,36.59029926086968,Blocked,Right Foot,Open Play
AFC Bournemouth,Harry Arter,86.4,43.4,0.017779708,33.771585689748115,Blocked,Left Foot,Open Play
Arsenal,Alexis Alejandro Sánchez Sánchez,113.2,26.3,0.06724642,15.294770348063416,Off T,Left Foot,Open Play
AFC Bournemouth,Matt Ritchie,102.0,49.8,0.034355707,20.494877408757535,Blocked,Left Foot,Open Play
AFC Bournemouth,Andrew Surman,90.9,38.2,0.026635429,29.155616954542392,Blocked,Left Foot,Open Play
Arsenal,Alex Oxlade-Chamberlain,90.4,48.7,0.03515684,30.852066381362523,Blocked,Right Foot,Open Play
Arsenal,Mesut Özil,108.3,38.3,0.11354268,11.822859214251013,Goal,Right Foot,Open Play
Arsenal,Alex Oxlade-Chamberlain,111.2,50.7,0.2123826,13.8538803228554,Goal,Right Foot,Open Play
AFC Bournemouth,Harry Arter,101.6,20.5,0.010351271,26.810632219326724,Saved,Left Foot,Open Play
Arsenal,Mathieu Flamini,89.2,27.5,0.013953762,33.23988567970714,Blocked,Right Foot,Open Play
AFC Bournemouth,Matt Ritchie,100.3,48.3,0.093361914,21.37709054104417,Off T,Left Foot,Open Play
AFC Bournemouth,Matt Ritchie,100.8,62.3,0.006268423,29.42668856667362,Blocked,Left Foot,Open Play
AFC Bournemouth,Matt Ritchie,95.5,53.1,0.015694115,27.782368509542163,Off T,Left Foot,Open Play
AFC Bournemouth,Adam Smith,111.4,50.3,0.056943372,13.418271125595869,Off T,Right Foot,Open Play
AFC Bournemouth,Marc Pugh,106.2,26.9,0.06117142,19.02761151589973,Wayward,Right Foot,Open Play
Arsenal,Alexis Alejandro Sánchez Sánchez,104.5,26.0,0.057645466,20.886598574205422,Saved,Right Foot,Open Play
Arsenal,Olivier Giroud,113.0,45.3,0.06911106,8.780091115700337,Saved,Head,Open Play
AFC Bournemouth,Dan Gosling,94.2,30.4,0.028299792,27.52816739269071,Off T,Left Foot,Open Play
AFC Bournemouth,Matt Ritchie,94.6,48.7,0.034870196,26.848649872945202,Off T,Left Foot,Open Play
AFC Bournemouth,Junior Stanislas,89.0,44.3,0.025601748,31.296804948748363,Blocked,Right Foot,Open Play
Arsenal,Aaron Ramsey,99.4,58.8,0.010082669,27.88906595782655,Off T,Right Foot,Open Play
AFC Bournemouth,Junior Stanislas,106.2,57.7,0.026192304,22.443930137121708,Blocked,Right Foot,Open Play
AFC Bournemouth,Harry Arter,96.6,27.5,0.027081033,26.529417634015267,Off T,Left Foot,Open Play
AFC Bournemouth,Joshua King,110.1,45.9,0.054553784,11.52475596270915,Saved,Right Foot,Open Play
Arsenal,Aaron Ramsey,114.6,28.8,0.17009999,12.433824833895644,Saved,Right Foot,Open Play
AFC Bournemouth,Joshua King,108.6,21.7,0.010987005,21.56038033059714,Blocked,Right Foot,Open Play
AFC Bournemouth,Steve Cook,109.4,37.7,0.10338652,10.846658471621566,Saved,Right Foot,Open Play
AFC Bournemouth,Harry Arter,101.9,54.0,0.031643253,22.882526084329058,Saved,Left Foot,Open Play
Crystal Palace,Damien Delaney,112.5,45.4,0.12840255,9.241753080449618,Saved,Head,Open Play
Manchester City,David Josué Jiménez Silva,92.3,31.5,0.023470825,28.97481665170636,Blocked,Left Foot,Open Play
Crystal Palace,Scott Dann,112.1,48.3,0.05838856,11.458621208504976,Wayward,Head,Open Play
Crystal Palace,Connor Wickham,113.0,49.5,0.11207048,11.800423721205947,Off T,Left Foot,Open Play
Manchester City,Kelechi Promise Iheanacho,99.7,60.9,0.010338096,29.135888522576412,Blocked,Left Foot,Open Play
Manchester City,David Josué Jiménez Silva,112.0,18.3,0.005959275,23.127689032845456,Off T,Left Foot,Open Play
Manchester City,Fabian Delph,87.4,49.9,0.013601406,34.07007484582327,Goal,Left Foot,Open Play
Crystal Palace,Scott Dann,106.4,47.3,0.021956101,15.435349040433126,Saved,Head,Open Play
Crystal Palace,Damien Delaney,100.8,36.6,0.47019944,19.498717906570167,Off T,Left Foot,Open Play
Manchester City,Fabian Delph,86.0,49.0,0.01056824,35.17101079013795,Off T,Left Foot,Open Play
Manchester City,David Josué Jiménez Silva,93.7,42.1,0.024233907,26.38370709358334,Blocked,Left Foot,Open Play
Crystal Palace,Yohan Cabaye,91.8,39.6,0.045950256,28.202836736753984,Saved,Right Foot,Free Kick
Manchester City,Sergio Leonel Agüero del Castillo,114.3,28.9,0.075123094,12.477980605851256,Off T,Left Foot,Open Play
Manchester City,Sergio Leonel Agüero del Castillo,95.1,27.1,0.022690423,28.04318098932431,Goal,Right Foot,Open Play
Manchester City,Sergio Leonel Agüero del Castillo,109.1,30.0,0.099071816,14.792227688891222,Blocked,Left Foot,Open Play
Manchester City,Nicolás Hernán Otamendi,106.2,39.5,0.0657824,13.809055000252549,Blocked,Left Foot,Open Play
Manchester City,Pablo Javier Zabaleta Girod,97.8,34.0,0.02665909,22.996521476084162,Blocked,Left Foot,Open Play
Manchester City,Fernando Francisco Reges,111.0,35.7,0.06561666,9.97446740432791,Wayward,Head,Open Play
Manchester City,Sergio Leonel Agüero del Castillo,106.7,57.2,0.032729033,21.742354978244652,Off T,Left Foot,Open Play
Crystal Palace,Joe Ledley,94.7,43.7,0.035157688,25.569122002915936,Blocked,Left Foot,Open Play
Crystal Palace,Joel Ward,101.9,54.1,0.05290879,22.94384449040744,Off T,Left Foot,Open Play
Manchester City,Sergio Leonel Agüero del Castillo,114.3,36.7,0.64138573,6.586349520030045,Goal,Right Foot,Open Play
Manchester City,David Josué Jiménez Silva,109.5,25.9,0.0343233,17.580102388780336,Off T,Left Foot,Open Play
Crystal Palace,Yohan Cabaye,85.2,44.2,0.012636748,35.05253200554847,Off T,Right Foot,Open Play
Manchester City,Gnégnéri Yaya Touré,94.3,50.1,0.047377393,27.613402542968153,Blocked,Right Foot,Free Kick
Manchester City,David Josué Jiménez Silva,112.0,36.3,0.67307466,8.814193099768126,Goal,Left Foot,Open Play
Arsenal,Alexis Alejandro Sánchez Sánchez,116.9,44.4,0.14793143,5.382378656319151,Off T,Head,Open Play
Leicester City,Jamie Vardy,114.3,37.4,0.18206537,6.2649820430708365,Saved,Head,Open Play
Leicester City,N'Golo Kanté,90.0,40.6,0.030439444,30.005999400119972,Off T,Right Foot,Open Play
Arsenal,Alexis Alejandro Sánchez Sánchez,106.3,41.2,0.09682274,13.752454326410254,Blocked,Right Foot,Open Play
Arsenal,Olivier Giroud,115.0,40.8,0.12143231,5.0635955604688645,Off T,Head,Open Play
Arsenal,Olivier Giroud,113.3,42.2,0.09223452,7.051950084905596,Blocked,Head,Open Play
Leicester City,N'Golo Kanté,102.1,18.1,0.008433883,28.284624798642817,Saved,Right Foot,Open Play
Leicester City,Robert Huth,110.2,40.9,0.05331437,9.84123975929862,Wayward,Head,Open Play
Leicester City,Jamie Vardy,108.1,40.1,0.7835,11.900420160649796,Goal,Right Foot,Penalty
Arsenal,Mesut Özil,105.9,34.8,0.04587268,15.028306624500308,Blocked,Left Foot,Open Play
Arsenal,Aaron Ramsey,100.1,41.5,0.053782523,19.956452590578323,Off T,Right Foot,Open Play
Arsenal,Olivier Giroud,113.6,45.1,0.08587,8.183520025025912,Off T,Head,Open Play
Arsenal,Olivier Giroud,110.2,35.7,0.05088333,10.70186899564744,Blocked,Head,Open Play
Arsenal,Alexis Alejandro Sánchez Sánchez,107.8,45.2,0.073448025,13.261975720080326,Off T,Right Foot,Open Play
Leicester City,Jamie Vardy,95.5,57.1,0.021539835,29.877416220282505,Saved,Right Foot,Open Play
Arsenal,Alexis Alejandro Sánchez Sánchez,105.8,26.8,0.025033154,19.38762491900439,Blocked,Right Foot,Open Play
Arsenal,Theo Walcott,114.9,48.5,0.13295656,9.912618221237008,Goal,Right Foot,Open Play
Arsenal,Olivier Giroud,110.7,40.0,0.084658444,9.299999999999997,Blocked,Left Foot,Open Play
Arsenal,Aaron Ramsey,107.8,35.7,0.122962445,12.935609765295181,Off T,Right Foot,Open Play
Arsenal,Alexis Alejandro Sánchez Sánchez,105.6,27.5,0.10192066,19.0685605120051,Off T,Right Foot,Open Play
Leicester City,N'Golo Kanté,101.6,22.2,0.021655604,25.600781238079442,Off T,Right Foot,Open Play
Arsenal,Alexis Alejandro Sánchez Sánchez,105.0,37.9,0.12547317,15.146286673637205,Wayward,Right Foot,Open Play
Arsenal,Aaron Ramsey,95.6,29.9,0.023425415,26.40776400985135,Off T,Right Foot,Open Play
Arsenal,Olivier Giroud,107.7,38.7,0.056168295,12.368508398347794,Saved,Head,Open Play
Arsenal,Per Mertesacker,115.7,33.6,0.129137,7.710382610480492,Blocked,Head,Open Play
Arsenal,Per Mertesacker,110.2,36.9,0.15138869,10.278618584226187,Off T,Head,Open Play
Arsenal,Daniel Nii Tackie Mensah Welbeck,114.5,42.4,0.3739208,6.000833275470998,Saved,Right Foot,Open Play
Arsenal,Olivier Giroud,109.4,42.9,0.11055306,10.989540481748993,Saved,Left Foot,Open Play
Arsenal,Olivier Giroud,112.2,42.3,0.11797575,8.132035415564786,Saved,Head,Open Play
Arsenal,Aaron Ramsey,107.5,38.4,0.079598874,12.601983970788092,Off T,Right Foot,Open Play
Arsenal,Theo Walcott,109.1,42.0,0.14706698,11.081967334368032,Off T,Right Foot,Open Play
Arsenal,Daniel Nii Tackie Mensah Welbeck,112.9,42.3,0.19556941,7.46324326281811,Goal,Head,Open Play
Aston Villa,Idrissa Gana Gueye,101.7,39.4,0.1052825,18.30983342360055,Off T,Right Foot,Open Play
AFC Bournemouth,Lewis Grabban,96.7,44.6,0.07588574,23.749736840647305,Saved,Right Foot,Open Play
AFC Bournemouth,Max-Alain Gradel,97.5,46.3,0.031074584,23.365358974344904,Blocked,Right Foot,Open Play
AFC Bournemouth,Charlie Daniels,104.1,27.9,0.048393,19.9804904844701,Blocked,Left Foot,Open Play
Aston Villa,Ashley Westwood,94.1,44.4,0.026319666,26.27108676853701,Off T,Right Foot,Open Play
AFC Bournemouth,Dan Gosling,96.4,46.6,0.045352228,24.505509584581173,Off T,Right Foot,Open Play
Aston Villa,Kieran Richardson,100.6,28.3,0.036155682,22.655021518418387,Off T,Left Foot,Open Play
AFC Bournemouth,Tommy Elphick,110.1,44.6,0.04777041,10.916501271011704,Blocked,Head,Open Play
AFC Bournemouth,Joshua King,109.8,42.2,0.06461911,10.434557968596469,Wayward,Right Foot,Open Play
AFC Bournemouth,Steve Cook,114.8,46.7,0.16809697,8.481155581640987,Goal,Right Foot,Open Play
Aston Villa,Ciaran Clark,110.6,47.6,0.03158191,12.088010589009265,Off T,Head,Open Play
AFC Bournemouth,Matt Ritchie,110.7,39.1,0.06720483,9.34344690143846,Off T,Left Foot,Open Play
AFC Bournemouth,Andrew Surman,98.9,50.5,0.07214366,23.568198912941988,Blocked,Left Foot,Free Kick
AFC Bournemouth,Andrew Surman,97.6,37.3,0.034104597,22.562136423663436,Wayward,Left Foot,Open Play
AFC Bournemouth,Joshua King,108.2,52.1,0.25482243,16.90118339052032,Goal,Right Foot,Open Play
Aston Villa,Ciaran Clark,114.5,46.8,0.09432655,8.745856161634489,Off T,Head,Open Play
AFC Bournemouth,Steve Cook,113.6,40.6,0.10828865,6.4280634719952845,Off T,Head,Open Play
Aston Villa,Jordan Ayew,101.3,40.7,0.108730584,18.713097017864257,Goal,Right Foot,Open Play
Aston Villa,Rudy Gestede,109.3,45.0,0.040830065,11.810588469674153,Blocked,Head,Open Play
Chelsea,Nemanja Matić,98.4,52.5,0.025694937,24.95616156383028,Off T,Left Foot,Open Play
Chelsea,Diego da Silva Costa,112.7,50.1,0.11089865,12.461942063739503,Goal,Right Foot,Open Play
Chelsea,Pedro Eliezer Rodríguez Ledesma,98.6,39.3,0.21196997,21.41144553737557,Goal,Left Foot,Open Play
Newcastle United,Jonjo Shelvey,92.6,32.3,0.028058482,28.46137733842128,Blocked,Right Foot,Open Play
Newcastle United,Andros Townsend,98.5,28.1,0.037344325,24.57356303021603,Saved,Right Foot,Open Play
Newcastle United,Moussa Sissoko,109.6,45.2,0.037311804,11.627553482998913,Saved Off Target,Head,Open Play
Chelsea,Willian Borges da Silva,113.5,33.2,0.35864905,9.406912352095132,Goal,Left Foot,Open Play
Chelsea,Branislav Ivanović,105.4,44.0,0.15745965,15.138031576133002,Blocked,Left Foot,Open Play
Chelsea,Branislav Ivanović,113.5,33.9,0.05482941,8.914033879226622,Wayward,Head,Open Play
Chelsea,John Terry,114.1,49.1,0.06409552,10.845275469069474,Blocked,Head,Open Play
Newcastle United,Georginio Wijnaldum,108.3,41.1,0.11567017,11.751595636338076,Saved,Right Foot,Open Play
Chelsea,Pedro Eliezer Rodríguez Ledesma,101.6,43.1,0.29557475,18.659314028120118,Saved,Left Foot,Open Play
Newcastle United,Jonjo Shelvey,93.8,30.5,0.022936994,27.8691585807681,Blocked,Left Foot,Open Play
Chelsea,Willian Borges da Silva,96.5,25.1,0.03903947,27.825527847643787,Saved,Right Foot,Free Kick
Newcastle United,Aleksandar Mitrović,111.3,44.5,0.10428674,9.794896630388708,Blocked,Right Foot,Open Play
Newcastle United,Jonjo Shelvey,110.2,38.7,0.12220436,9.885848471426211,Blocked,Right Foot,Open Play
Newcastle United,Jonjo Shelvey,100.5,44.5,0.05411111,20.0124960961895,Blocked,Right Foot,Open Play
Newcastle United,Aleksandar Mitrović,106.7,52.4,0.04541247,18.183783984638616,Off T,Right Foot,Open Play
Chelsea,Pedro Eliezer Rodríguez Ledesma,104.0,33.6,0.35209903,17.232527382830412,Goal,Right Foot,Open Play
Chelsea,Bertrand Isidore Traoré,98.3,40.1,0.05164867,21.700230413523265,Blocked,Left Foot,Open Play
Chelsea,Francesc Fàbregas i Soler,96.4,38.7,0.0465094,23.635777964771957,Blocked,Right Foot,Open Play
Chelsea,Abdul Rahman Baba,96.3,28.3,0.033304937,26.430664009820113,Off T,Right Foot,Open Play
Chelsea,Bertrand Isidore Traoré,113.0,43.4,0.43902954,7.782030583337487,Goal,Left Foot,Open Play
Newcastle United,Andros Townsend,98.0,44.5,0.08442599,22.45551157288562,Goal,Left Foot,Open Play
Aston Villa,Jordan Ayew,89.1,38.6,0.023874225,30.93169895107607,Off T,Right Foot,Open Play
Manchester United,Chris Smalling,112.5,34.7,0.07973881,9.183681179135084,Wayward,Head,Open Play
Manchester United,Faustino Marcos Alberto Rojo,115.5,47.5,0.07614128,8.74642784226795,Off T,Head,Open Play
Manchester United,Marouane Fellaini-Bakkioui,112.7,37.2,0.09494225,7.818567643756747,Off T,Head,Open Play
Manchester United,Faustino Marcos Alberto Rojo,113.1,33.2,0.06488803,9.687620966986685,Blocked,Left Foot,Open Play
Manchester United,Juan Manuel Mata García,109.7,51.8,0.0821064,15.663013758533186,Wayward,Left Foot,Open Play
Aston Villa,Kieran Richardson,96.2,30.6,0.028275497,25.589060162499127,Off T,Left Foot,Open Play
Manchester United,Marcus Rashford,110.8,47.1,0.21557319,11.62110149684616,Goal,Right Foot,Open Play
Manchester United,Wayne Mark Rooney,95.0,27.0,0.024919877,28.178005607210743,Saved,Right Foot,Open Play
Manchester United,Memphis Depay,84.8,32.2,0.008094286,36.05384861564713,Blocked,Right Foot,Free Kick
Aston Villa,Jordan Ayew,107.3,31.2,0.09624084,15.45088994200658,Blocked,Right Foot,Open Play
Manchester United,Marcus Rashford,108.4,33.3,0.28467768,13.395894893585867,Off T,Right Foot,Open Play
Manchester United,Memphis Depay,98.6,25.3,0.022710025,25.962472917655596,Off T,Right Foot,Open Play
Manchester United,Juan Manuel Mata García,115.9,29.1,0.063020356,11.645600027478185,Saved,Left Foot,Open Play
Manchester United,Memphis Depay,88.0,39.0,0.024381848,32.01562118716424,Off T,Right Foot,Free Kick
Manchester United,Juan Manuel Mata García,118.0,29.7,0.01734269,10.49237818609299,Wayward,Left Foot,Open Play
Aston Villa,Leandro Bacuna,101.1,42.9,0.05699446,19.121192431435865,Blocked,Left Foot,Open Play
Aston Villa,Rudy Gestede,109.2,44.2,0.06411064,11.587924749496779,Post,Right Foot,Open Play
Aston Villa,Ciaran Clark,108.3,37.1,0.03506404,12.054044964243333,Saved,Head,Open Play
Aston Villa,Rudy Gestede,104.5,40.3,0.04257926,15.50290295396317,Off T,Head,Open Play
Manchester United,Memphis Depay,108.2,30.3,0.2906161,15.27514320718467,Saved to Post,Left Foot,Open Play
Newcastle United,Georginio Wijnaldum,107.2,44.3,0.11552891,13.502962637880618,Blocked,Right Foot,Open Play
Newcastle United,Rolando Aarons,102.7,30.3,0.0819443,19.833809518093087,Off T,Left Foot,Open Play
Watford,Craig Cathcart,111.7,40.3,0.07237682,8.305419917138444,Wayward,Head,Open Play
Newcastle United,Aleksandar Mitrović,105.2,45.8,0.05197831,15.895911424010889,Wayward,Head,Open Play
Watford,Troy Deeney,104.1,35.2,0.077029444,16.608732642799694,Blocked,Left Foot,Open Play
Watford,Troy Deeney,105.3,34.4,0.06125405,15.730543537970966,Saved,Right Foot,Open Play
Watford,Etienne Capoue,115.9,48.8,0.25643995,9.708243919473794,Saved,Right Foot,Open Play
Watford,Juan Carlos Paredes Reasco,99.8,59.1,0.009516898,27.80017985553331,Off T,Right Foot,Open Play
Newcastle United,Aleksandar Mitrović,100.0,45.4,0.16398695,20.71617725353787,Saved,Right Foot,Open Play
Watford,José Manuel Jurado Marín,97.2,46.2,0.036568366,23.627949551325862,Off T,Left Foot,Open Play
Watford,Odion Jude Ighalo,114.7,47.2,0.7475957,8.94035793466906,Goal,Right Foot,Open Play
Newcastle United,Aleksandar Mitrović,110.9,29.4,0.059857853,13.970325694127533,Off T,Left Foot,Open Play
Watford,Troy Deeney,102.1,52.4,0.034258205,21.77544488638522,Off T,Right Foot,Open Play
Watford,Craig Cathcart,111.0,41.1,0.3089024,9.066973034039531,Goal,Left Foot,Open Play
Newcastle United,Yoan Gouffran,110.0,35.9,0.097004674,10.807867504739315,Off T,Head,Open Play
Newcastle United,Ayoze Pérez Gutiérrez,111.2,46.2,0.11297944,10.764757312638311,Off T,Head,Open Play
Watford,Odion Jude Ighalo,111.9,39.6,0.2855871,8.109870529176154,Wayward,Head,Open Play
Newcastle United,Chancel Mbemba Mangulu,104.3,37.2,0.023178024,15.947727110782905,Off T,Head,Open Play
Newcastle United,Jamaal Lascelles,110.6,43.9,0.060335927,10.176934705499496,Goal,Head,Open Play
Newcastle United,Ayoze Pérez Gutiérrez,106.5,58.5,0.01550046,22.901964981197573,Off T,Right Foot,Open Play
Watford,Odion Jude Ighalo,115.8,23.6,0.01249703,16.92926460304759,Saved,Left Foot,Open Play
Watford,Troy Deeney,98.3,26.2,0.027862836,25.716337219751964,Off T,Right Foot,Open Play
Watford,Etienne Capoue,113.1,29.1,0.19263147,12.90038759107648,Off T,Right Foot,Open Play
Newcastle United,Aleksandar Mitrović,109.8,36.0,0.039079912,10.956276739841874,Off T,Head,Open Play
Newcastle United,Emmanuel Rivière,112.3,47.6,0.054151427,10.818964830333819,Off T,Head,Open Play
Swansea City,Leon Britton,95.6,42.0,0.031077221,24.481829996958975,Off T,Right Foot,Open Play
Swansea City,Bafétimbi Gomis,103.8,53.5,0.028707914,21.08767412494797,Blocked,Right Foot,Open Play
Stoke City,Marko Arnautović,91.9,29.5,0.021414042,29.997666575918863,Blocked,Right Foot,Open Play
Stoke City,Ibrahim Afellay,115.2,41.3,0.3019929,4.972926703662539,Goal,Head,Open Play
Swansea City,Àngel Rangel Zaragoza,108.4,49.1,0.068298034,14.743473132203276,Blocked,Right Foot,Open Play
Stoke City,José Luis Sanmartín Mato,109.7,34.9,0.06396358,11.493476410555683,Saved,Head,Open Play
Stoke City,Ibrahim Afellay,108.0,54.5,0.0731405,18.82153022471871,Off T,Right Foot,Open Play
Swansea City,Leroy Fer,90.9,40.5,0.02896413,29.10429521565502,Off T,Left Foot,Open Play
Swansea City,Bafétimbi Gomis,94.1,48.3,0.028620312,27.19742634882941,Off T,Right Foot,Open Play
Stoke City,Glenn Whelan,89.4,39.7,0.019304456,30.6014705528999,Blocked,Right Foot,Open Play
Swansea City,Jack Frank Porteous Cork,103.6,49.7,0.054252923,19.053870997778912,Saved,Left Foot,Open Play
Stoke City,José Luis Sanmartín Mato,109.9,45.9,0.06315645,11.697008164483766,Off T,Head,Open Play
Stoke City,Bojan Krkíc Pérez,101.5,31.6,0.09067552,20.31772625073977,Goal,Left Foot,Open Play
Stoke City,Gilbert Gianelli Imbula Wanga,96.2,31.5,0.03861679,25.272316870441458,Saved,Left Foot,Open Play
Swansea City,Gylfi Þór Sigurðsson,90.2,37.4,0.026535587,29.913207785190806,Blocked,Right Foot,Open Play
Swansea City,Àngel Rangel Zaragoza,108.2,52.4,0.034441132,17.117242768623687,Blocked,Left Foot,Open Play
Swansea City,Gylfi Þór Sigurðsson,98.8,44.5,0.03508593,21.672332592501437,Goal,Right Foot,Open Play
Swansea City,Alberto Paloschi,110.9,27.9,0.05121658,15.140013210033864,Blocked,Left Foot,Open Play
Swansea City,Alberto Paloschi,101.5,30.1,0.049479388,20.982373554962745,Goal,Right Foot,Open Play
Stoke City,Marko Arnautović,95.6,52.7,0.046987,27.507271765844035,Off T,Right Foot,Free Kick
Stoke City,José Luis Sanmartín Mato,107.8,36.1,0.09213575,12.808200498118385,Off T,Right Foot,Open Play
Stoke City,Ibrahim Afellay,94.5,47.9,0.02269182,26.69569253643741,Off T,Left Foot,Open Play
Swansea City,Jefferson Antonio Montero Vite,102.6,27.2,0.057989,21.600925906080978,Off T,Right Foot,Open Play
Stoke City,José Luis Sanmartín Mato,101.4,29.3,0.03886266,21.458098704218877,Saved,Right Foot,Open Play
Stoke City,Gilbert Gianelli Imbula Wanga,98.5,23.6,0.023865895,27.040894955603818,Goal,Left Foot,Open Play
Stoke City,Jonathan Walters,105.1,23.8,0.028606754,22.010224896624752,Off T,Right Foot,Open Play
Stoke City,Xherdan Shaqiri,94.7,49.0,0.029596556,26.853118999475644,Saved,Left Foot,Open Play
AFC Bournemouth,Simon Francis,84.2,53.9,0.0050757583,38.40377585602749,Blocked,Right Foot,Open Play
AFC Bournemouth,Charlie Daniels,113.4,50.1,0.049838405,12.065239326262864,Blocked,Head,Open Play
Stoke City,Jonathan Walters,98.2,21.1,0.012995366,28.852209620755215,Saved,Left Foot,Open Play
Stoke City,Mame Biram Diouf,107.7,35.0,0.06762592,13.27742444904131,Blocked,Right Foot,Open Play
Stoke City,Xherdan Shaqiri,97.8,31.7,0.083241366,23.7008438668331,Off T,Left Foot,Open Play
AFC Bournemouth,Joshua King,112.7,41.3,0.27033526,7.414849964766647,Saved,Right Foot,Open Play
AFC Bournemouth,Matt Ritchie,111.5,48.8,0.08158219,12.234786471369247,Blocked,Left Foot,Open Play
Stoke City,Mame Biram Diouf,95.3,44.1,0.04318488,25.037971163814376,Off T,Right Foot,Open Play
Stoke City,Ibrahim Afellay,100.8,44.5,0.0969497,19.720294115453758,Goal,Right Foot,Open Play
Stoke City,José Luis Sanmartín Mato,114.9,44.6,0.12025274,6.868041933477107,Goal,Head,Open Play
AFC Bournemouth,Matt Ritchie,102.5,36.3,0.062373105,17.886866690396058,Goal,Left Foot,Open Play
AFC Bournemouth,Benik Afobe,113.1,44.8,0.16382256,8.405355435673142,Off T,Right Foot,Open Play
AFC Bournemouth,Matt Ritchie,113.8,39.3,0.42984185,6.2393909959226015,Wayward,Right Foot,Open Play
AFC Bournemouth,Junior Stanislas,92.3,38.1,0.023526458,27.765085989422044,Blocked,Right Foot,Open Play
AFC Bournemouth,Junior Stanislas,117.3,31.4,0.090036996,9.013878188659975,Off T,Left Foot,Open Play
AFC Bournemouth,Harry Arter,92.6,29.3,0.013156018,29.41513216016546,Off T,Left Foot,Open Play
AFC Bournemouth,Steve Cook,99.2,44.2,0.042535067,21.219802072592476,Blocked,Right Foot,Open Play
Stoke City,Jonathan Walters,103.2,49.5,0.16188751,19.299999999999997,Saved,Right Foot,Open Play
Stoke City,Xherdan Shaqiri,35.4,56.2,0.0036501586,38.930707674020006,Wayward,Left Foot,Open Play
Leicester City,Riyad Mahrez,97.4,42.7,0.064388916,22.760711763914586,Off T,Left Foot,Open Play
Liverpool,Emre Can,95.4,26.7,0.022771848,27.96515689210414,Off T,Right Foot,Open Play
Leicester City,Shinji Okazaki,115.5,40.0,0.35564327,4.5,Saved,Head,Open Play
Leicester City,Riyad Mahrez,97.5,47.4,0.02587776,23.68564966387876,Saved,Left Foot,Open Play
Liverpool,James Philip Milner,99.1,23.0,0.025373021,26.94086115921316,Blocked,Right Foot,Open Play
Liverpool,Alberto Moreno Pérez,93.1,24.8,0.016335577,30.89741089476593,Blocked,Left Foot,Open Play
Leicester City,Danny Simpson,96.7,45.1,0.02899028,23.851624682608097,Blocked,Right Foot,Open Play
Leicester City,Christian Fuchs,87.4,42.2,0.022558311,32.67414880299102,Saved,Left Foot,Free Kick
Leicester City,Robert Huth,112.9,36.7,0.07461783,7.829431652425347,Off T,Head,Open Play
Leicester City,Riyad Mahrez,95.3,29.6,0.056241043,26.800186566514796,Blocked,Left Foot,Free Kick
Liverpool,Dejan Lovren,112.1,43.9,0.06513115,8.810221336606707,Blocked,Head,Open Play
Leicester City,Riyad Mahrez,92.4,54.9,0.018920086,31.36510800236466,Saved,Left Foot,Open Play
Liverpool,Alberto Moreno Pérez,110.7,23.4,0.017051015,19.02761151589973,Off T,Left Foot,Open Play
Liverpool,Emre Can,100.2,27.0,0.036997546,23.686282950264694,Blocked,Right Foot,Open Play
Liverpool,Emre Can,96.2,39.7,0.02826002,23.801890681204295,Blocked,Right Foot,Open Play
Liverpool,Emre Can,107.4,29.4,0.044087347,16.465721970202214,Blocked,Right Foot,Open Play
Leicester City,Shinji Okazaki,101.4,53.1,0.049055018,22.75016483456768,Off T,Right Foot,Open Play
Liverpool,Lucas Pezzini Leiva,93.7,36.1,0.024545837,26.587591090582084,Off T,Right Foot,Open Play
Liverpool,Roberto Firmino Barbosa de Oliveira,100.6,49.1,0.047356986,21.42825237857722,Off T,Left Foot,Open Play
Leicester City,Jamie Vardy,96.9,59.9,0.014999832,30.489670381950667,Goal,Right Foot,Open Play
Liverpool,Emre Can,112.8,50.8,0.051646493,12.97998459167036,Saved,Right Foot,Open Play
Leicester City,Shinji Okazaki,95.7,51.1,0.019614836,26.71516423307182,Blocked,Right Foot,Open Play
Leicester City,Jamie Vardy,112.2,34.9,0.44739434,9.319334740205438,Goal,Left Foot,Open Play
Liverpool,Adam David Lallana,92.2,29.6,0.026199657,29.681644159311656,Off T,Right Foot,Open Play
Liverpool,Roberto Firmino Barbosa de Oliveira,91.7,50.0,0.0234176,30.014829668015775,Blocked,Right Foot,Open Play
Liverpool,Nathaniel Edwin Clyne,104.2,55.3,0.02598127,21.99386278033033,Blocked,Right Foot,Open Play
Leicester City,Riyad Mahrez,95.6,50.0,0.029881397,26.36967955815922,Blocked,Left Foot,Open Play
Everton,James McCarthy,97.0,41.8,0.03255885,23.07032726252491,Saved,Left Foot,Open Play
Everton,Kevin Mirallas,109.1,46.9,0.08617739,12.900387591076482,Blocked,Left Foot,Open Play
West Ham United,Dimitri Payet,96.6,43.9,0.053273614,23.722773868163063,Off T,Right Foot,Open Play
Everton,Romelu Lukaku Menama,111.5,27.7,0.05039248,14.951254127998762,Goal,Left Foot,Open Play
West Ham United,Michail Antonio,96.4,51.2,0.026233165,26.122786987609107,Blocked,Right Foot,Open Play
West Ham United,Cheikhou Kouyaté,106.9,36.7,0.03457668,13.509256086106289,Saved,Head,Open Play
West Ham United,Mark Noble,97.2,34.5,0.049655203,23.45399752707414,Wayward,Right Foot,Open Play
Everton,Romelu Lukaku Menama,98.6,39.1,0.040567186,21.41891687270858,Blocked,Right Foot,Open Play
West Ham United,Michail Antonio,95.1,40.4,0.03600138,24.903212644154976,Off T,Left Foot,Open Play
Everton,John Stones,108.3,38.2,0.036775537,11.837651794169316,Wayward,Head,Open Play
Everton,Ross Barkley,103.2,55.5,0.025422512,22.85804016095868,Saved,Left Foot,Open Play
Everton,Kevin Mirallas,97.5,36.2,0.044888362,22.818632737304835,Blocked,Right Foot,Open Play
West Ham United,Angelo Obinze Ogbonna,111.8,36.8,0.20482937,8.80227243386616,Off T,Right Foot,Open Play
Everton,Romelu Lukaku Menama,98.9,52.3,0.04830362,24.42334948363962,Saved,Left Foot,Open Play
West Ham United,Emmanuel Emenike,111.9,37.5,0.24213645,8.477027781009092,Saved,Right Foot,Open Play
West Ham United,Emmanuel Emenike,104.7,56.1,0.020963874,22.210357943986402,Blocked,Right Foot,Open Play
West Ham United,Dimitri Payet,99.4,28.9,0.078435324,23.400213674238103,Off T,Right Foot,Free Kick
Everton,Romelu Lukaku Menama,110.4,33.6,0.058087047,11.537764081484761,Blocked,Head,Open Play
West Ham United,Michail Antonio,112.3,41.4,0.10198669,7.826237921249266,Off T,Head,Open Play
Everton,Bryan Oviedo,89.6,26.0,0.0066881445,33.46879143321432,Blocked,Left Foot,Open Play
Everton,Aaron Lennon,108.0,40.0,0.20781437,12.0,Goal,Right Foot,Open Play
West Ham United,Michail Antonio,99.5,51.7,0.057734687,23.603813251252436,Off T,Left Foot,Open Play
Everton,Romelu Lukaku Menama,108.1,40.2,0.7835,11.901680553602509,Saved,Left Foot,Penalty
Everton,Romelu Lukaku Menama,103.2,40.7,0.2321207,16.814577009250037,Saved,Left Foot,Open Play
West Ham United,Manuel Lanzini,91.6,27.9,0.021514619,30.870212179380957,Blocked,Right Foot,Open Play
West Ham United,Dimitri Payet,108.2,22.2,0.011001522,21.35602959353634,Blocked,Right Foot,Open Play
West Ham United,Michail Antonio,114.6,41.4,0.24387372,5.5785302723925465,Goal,Head,Open Play
Everton,Ross Barkley,88.7,49.0,0.028354615,32.56823605908063,Saved,Right Foot,Free Kick
West Ham United,Diafra Sakho,115.1,43.9,0.16502742,6.2625873247404735,Goal,Head,Open Play
Everton,Muhamed Bešić,94.9,47.1,0.03332106,26.084861510078976,Blocked,Right Foot,Open Play
West Ham United,Andy Carroll,103.0,39.4,0.11963802,17.010584939971935,Blocked,Left Foot,Open Play
West Ham United,Dimitri Payet,112.3,44.0,0.2188132,8.676981041814027,Goal,Right Foot,Open Play
Chelsea,Robert Kenedy Nunes do Nascimento,99.1,30.0,0.056259364,23.169160537231384,Goal,Left Foot,Open Play
Chelsea,Oscar dos Santos Emboaba Júnior,98.7,31.4,0.033155013,22.970633426181347,Blocked,Right Foot,Open Play
Norwich City,Jonathan Howson,97.3,46.7,0.044460665,23.668122020980036,Blocked,Right Foot,Open Play
Norwich City,Cameron Jerome,107.3,45.8,0.059720725,13.961733416735905,Off T,Head,Open Play
Chelsea,Bertrand Isidore Traoré,106.5,54.6,0.039093442,19.884918908559825,Blocked,Left Foot,Open Play
Chelsea,Francesc Fàbregas i Soler,112.4,49.3,0.08400795,12.010412149464308,Off T,Head,Open Play
Chelsea,Bertrand Isidore Traoré,101.9,47.9,0.08609023,19.748924021323283,Blocked,Left Foot,Open Play
Chelsea,Diego da Silva Costa,107.5,48.6,0.36398044,15.172672803431833,Goal,Right Foot,Open Play
Norwich City,Cameron Jerome,112.3,33.1,0.11456732,10.339245620450267,Off T,Left Foot,Open Play
Norwich City,Cameron Jerome,114.6,42.8,0.30842608,6.082762530298223,Post,Left Foot,Open Play
Chelsea,Nemanja Matić,94.7,41.7,0.03670885,25.357050301641944,Blocked,Left Foot,Open Play
Chelsea,Bertrand Isidore Traoré,115.2,26.2,0.018806318,14.610954794263105,Off T,Left Foot,Open Play
Norwich City,Jonathan Howson,93.7,21.0,0.0077821272,32.44518454254806,Blocked,Right Foot,Open Play
Norwich City,Cameron Jerome,111.7,39.2,0.12468371,8.338465086573185,Off T,Head,Open Play
Norwich City,Nathan Redmond,112.5,52.5,0.0931346,14.577379737113251,Goal,Right Foot,Open Play
Norwich City,Robert Brady,93.2,28.9,0.01684013,29.0077575831018,Wayward,Left Foot,Open Play
Norwich City,Cameron Jerome,103.6,36.9,0.15520829,16.69041641182149,Saved,Right Foot,Open Play
Norwich City,Gary O''Neil,97.6,51.8,0.024063457,25.31797780234433,Blocked,Right Foot,Open Play
Chelsea,Nemanja Matić,112.7,43.8,0.097602785,8.22982381342395,Off T,Left Foot,Open Play
Norwich City,Nathan Redmond,102.3,56.4,0.039381918,24.12985702402731,Off T,Left Foot,Open Play
Chelsea,Diego da Silva Costa,106.4,45.8,0.1741467,14.785127662620969,Off T,Right Foot,Open Play
Norwich City,Nathan Redmond,102.2,46.1,0.060606215,18.816216410320113,Blocked,Left Foot,Open Play
Norwich City,Timm Klose,100.2,49.4,0.033219136,21.91802910847597,Off T,Left Foot,Open Play
Manchester United,Cameron Borthwick-Jackson,89.1,31.7,0.018527634,31.99531215662695,Saved,Left Foot,Open Play
Manchester United,Michael Carrick,92.2,27.3,0.020916162,30.563540370840546,Saved,Right Foot,Open Play
Chelsea,Oscar dos Santos Emboaba Júnior,100.6,28.2,0.0514337,22.70682716717596,Blocked,Right Foot,Open Play
Manchester United,Anthony Martial,107.2,21.2,0.0104215685,22.7437903613272,Saved,Right Foot,Open Play
Manchester United,Chris Smalling,112.0,31.6,0.036785226,11.6,Blocked,Head,Open Play
Manchester United,Chris Smalling,109.5,50.8,0.04538171,15.062868252759829,Blocked,Right Foot,Open Play
Chelsea,Diego da Silva Costa,115.7,33.5,0.08652017,7.7935871073594845,Blocked,Head,Open Play
Chelsea,Nemanja Matić,112.1,48.1,0.047901627,11.314592347937248,Saved,Head,Open Play
Chelsea,Diego da Silva Costa,108.1,52.5,0.11426484,17.258621034138276,Off T,Right Foot,Open Play
Chelsea,Oscar dos Santos Emboaba Júnior,113.1,26.8,0.07206245,14.894629904767692,Off T,Left Foot,Open Play
Manchester United,Marouane Fellaini-Bakkioui,113.8,38.7,0.11839388,6.334824385884744,Off T,Head,Open Play
Manchester United,Jesse Lingard,100.4,42.6,0.039739713,19.771696942852422,Blocked,Right Foot,Open Play
Chelsea,John Terry,112.2,41.5,0.30222672,7.942921376924233,Blocked,Right Foot,Open Play
Manchester United,Wayne Mark Rooney,111.9,37.7,0.1948049,8.420213774008348,Wayward,Head,Open Play
Chelsea,Nemanja Matić,89.0,30.8,0.017790178,32.33635724691326,Blocked,Left Foot,Open Play
Chelsea,Kurt Happy Zouma,85.6,41.6,0.018373616,34.43718920004942,Off T,Right Foot,Open Play
Manchester United,Wayne Mark Rooney,93.6,26.4,0.026789695,29.697137909232943,Saved,Right Foot,Open Play
Manchester United,Anthony Martial,107.7,26.8,0.058773894,18.042449944505872,Off T,Right Foot,Open Play
Manchester United,Jesse Lingard,99.6,56.0,0.016549326,25.92604867695809,Blocked,Right Foot,Open Play
Manchester United,Jesse Lingard,99.5,37.5,0.055455167,20.65187642806338,Saved,Right Foot,Open Play
Manchester United,Jesse Lingard,107.9,40.0,0.081078805,12.099999999999994,Goal,Right Foot,Open Play
Manchester United,Jesse Lingard,101.5,21.2,0.010626736,26.37593600234881,Off T,Right Foot,Open Play
Chelsea,César Azpilicueta Tanco,113.1,30.1,0.054196786,12.067311216671262,Wayward,Head,Open Play
Chelsea,Branislav Ivanović,108.9,32.1,0.06501664,13.624243098242188,Saved,Left Foot,Open Play
Chelsea,Francesc Fàbregas i Soler,111.7,52.5,0.08818341,15.004665940966495,Saved,Right Foot,Open Play
Chelsea,John Terry,112.8,33.6,0.050565824,9.633275663033837,Blocked,Head,Open Play
Manchester United,Wayne Mark Rooney,107.9,44.3,0.06022499,12.841339493993601,Off T,Right Foot,Open Play
Chelsea,Pedro Eliezer Rodríguez Ledesma,99.2,55.5,0.02350108,25.940123361310366,Blocked,Right Foot,Open Play
Chelsea,Diego da Silva Costa,115.3,35.6,0.13088214,6.43816744112795,Off T,Head,Open Play
Chelsea,Diego da Silva Costa,107.5,36.6,0.14011566,12.95414991421668,Blocked,Right Foot,Open Play
Chelsea,Diego da Silva Costa,117.3,31.5,0.44264454,8.91852005660132,Goal,Left Foot,Open Play
Manchester United,Wayne Mark Rooney,111.1,22.1,0.012705877,19.990497742677647,Off T,Right Foot,Open Play
Chelsea,Diego da Silva Costa,110.0,28.4,0.1536092,15.315351775261318,Saved,Right Foot,Open Play
Southampton,Shane Long,105.3,31.7,0.3143399,16.881350656863926,Post,Right Foot,Open Play
Southampton,Dušan Tadić,103.9,51.3,0.062405653,19.669773765857087,Off T,Left Foot,Open Play
Aston Villa,Leandro Bacuna,95.8,43.3,0.07188982,24.42396364229197,Blocked,Right Foot,Free Kick
Aston Villa,Jordan Ayew,103.3,29.4,0.073919736,19.780040444852485,Saved,Right Foot,Open Play
Southampton,Shane Long,111.1,36.3,0.08456827,9.638464608017198,Off T,Head,Open Play
Aston Villa,Jordan Ayew,108.5,59.2,0.015144733,22.38057193192346,Off T,Right Foot,Open Play
Southampton,Shane Long,113.1,38.4,0.23712109,7.083078426785918,Goal,Head,Open Play
Southampton,Jay Rodriguez,99.5,59.0,0.008952184,27.95084971874737,Blocked,Right Foot,Open Play
Aston Villa,Leandro Bacuna,110.8,37.4,0.08996416,9.5603347221737,Off T,Head,Open Play
Southampton,Shane Long,107.0,40.9,0.034111444,13.031116606031887,Saved,Head,Open Play
Southampton,Dušan Tadić,96.1,49.4,0.035070203,25.682094930125935,Blocked,Left Foot,Open Play
Southampton,Victor Wanyama,107.6,38.1,0.07937782,12.544720004846665,Blocked,Right Foot,Open Play
Southampton,Virgil van Dijk,107.5,30.9,0.06920147,15.46156525064652,Post,Right Foot,Open Play
Aston Villa,Scott Sinclair,93.1,27.6,0.022273747,29.620432137293346,Off T,Right Foot,Open Play
Aston Villa,Ashley Westwood,110.3,38.8,0.3677229,9.773944955850737,Saved,Right Foot,Open Play
Southampton,Dušan Tadić,107.5,37.8,0.54276973,12.69212354178764,Goal,Right Foot,Open Play
Aston Villa,Jordan Ayew,114.0,36.6,0.11091638,6.896375859826666,Off T,Head,Open Play
Aston Villa,Idrissa Gana Gueye,106.5,38.4,0.06165799,13.594484175576504,Blocked,Right Foot,Open Play
Aston Villa,Ashley Westwood,108.3,41.8,0.08110862,11.837651794169316,Goal,Right Foot,Open Play
Southampton,Jay Rodriguez,114.7,41.0,0.35475358,5.393514624064718,Blocked,Right Foot,Open Play
Southampton,Shane Long,104.5,35.2,0.4048923,16.22621335986927,Saved,Right Foot,Open Play
Southampton,Steven Davis,111.9,16.3,0.0074712224,25.045957757690157,Saved,Right Foot,Free Kick
Aston Villa,Idrissa Gana Gueye,94.5,38.9,0.034325585,25.52371446322028,Saved,Right Foot,Open Play
Southampton,Jay Rodriguez,93.2,45.9,0.042225126,27.44175650354765,Saved,Right Foot,Open Play
Aston Villa,Rudy Gestede,111.0,36.5,0.11368898,9.656603957913983,Off T,Head,Open Play
Southampton,Dušan Tadić,101.0,42.9,0.06801389,19.22004162326398,Goal,Left Foot,Open Play
Southampton,Oriol Romeu Vidal,115.3,48.0,0.070422284,9.278469701410897,Blocked,Head,Open Play
Southampton,Shane Long,113.1,37.8,0.28686526,7.242237223399969,Off T,Right Foot,Open Play
Aston Villa,Alan Hutton,113.5,55.7,0.013860897,16.992351220475644,Saved,Right Foot,Open Play
Aston Villa,Ashley Westwood,103.3,31.6,0.10081033,18.693581786270926,Goal,Right Foot,Open Play
Southampton,Shane Long,111.9,51.8,0.1655003,14.312581877495054,Off T,Right Foot,Open Play
Southampton,Sadio Mané,112.3,41.6,0.14697038,7.864477096412707,Goal,Head,Open Play
Aston Villa,Scott Sinclair,104.3,36.1,0.13077748,16.177144370994533,Saved,Left Foot,Open Play
Aston Villa,Alan Hutton,112.2,34.2,0.078222744,9.72008230417829,Blocked,Head,Open Play
Aston Villa,Ashley Westwood,96.8,49.8,0.021651529,25.18491612056709,Off T,Right Foot,Open Play
Arsenal,Alexis Alejandro Sánchez Sánchez,95.7,37.8,0.046170585,24.399385238157127,Goal,Right Foot,Open Play
Arsenal,Mesut Özil,112.6,33.5,0.19212104,9.849365461794992,Blocked,Left Foot,Open Play
Arsenal,Aaron Ramsey,98.7,41.4,0.042195555,21.345959805077865,Off T,Right Foot,Open Play
Arsenal,Héctor Bellerín Moruno,105.5,58.5,0.013342857,23.50531854708632,Off T,Right Foot,Open Play
West Bromwich Albion,Darren Fletcher,106.8,47.5,0.07752864,15.181897114655996,Blocked,Right Foot,Open Play
West Bromwich Albion,Gareth McAuley,114.0,45.3,0.1032529,8.005623023850172,Post,Head,Open Play
Arsenal,Héctor Bellerín Moruno,96.8,48.4,0.043529708,24.673872821265817,Off T,Right Foot,Open Play
Arsenal,Mesut Özil,101.0,33.8,0.057353742,19.985995096567,Saved,Left Foot,Open Play
Arsenal,Mohamed Naser Elsayed Elneny,94.2,48.0,0.026224963,27.011849251763564,Off T,Right Foot,Open Play
Arsenal,Alexis Alejandro Sánchez Sánchez,98.9,40.6,0.07946672,21.108529081866404,Goal,Right Foot,Free Kick
Arsenal,Olivier Giroud,103.2,25.0,0.052076627,22.52198925494815,Saved,Left Foot,Open Play
West Bromwich Albion,José Salomón Rondón Giménez,93.0,52.7,0.016825767,29.837727795527595,Blocked,Right Foot,Open Play
West Bromwich Albion,James McClean,109.9,34.2,0.066696025,11.646887996370527,Saved,Head,Open Play
Arsenal,Olivier Giroud,108.3,32.2,0.06769325,14.061649974309558,Blocked,Left Foot,Open Play
Arsenal,Mesut Özil,114.0,48.8,0.19575864,10.650821564555477,Saved,Right Foot,Open Play
Arsenal,Mesut Özil,110.8,51.9,0.061449982,15.041608956491324,Blocked,Left Foot,Open Play
Arsenal,Alex Iwobi,101.1,46.9,0.04631327,20.120139164528663,Saved,Right Foot,Open Play
West Bromwich Albion,José Salomón Rondón Giménez,117.1,43.8,0.41806892,4.780167361086849,Wayward,Right Foot,Open Play
West Bromwich Albion,Jonathan Grant Evans,90.0,38.5,0.0147392955,30.03747659175118,Off T,Left Foot,Open Play
West Bromwich Albion,Craig Gardner,95.3,33.1,0.023112345,25.645662401271686,Blocked,Right Foot,Open Play
West Bromwich Albion,Claudio Ariel Yacob,86.7,39.3,0.013881913,33.3073565447635,Off T,Right Foot,Open Play
Arsenal,Joel Nathaniel Campbell Samuels,108.3,27.4,0.06600665,17.194475857088523,Off T,Left Foot,Open Play
Arsenal,Olivier Giroud,111.0,31.3,0.21855956,12.51758762701504,Saved,Left Foot,Open Play
Arsenal,Olivier Giroud,112.5,32.5,0.11030775,10.606601717798213,Wayward,Right Foot,Open Play
Watford,José Holebas,106.0,27.9,0.040556747,18.504323819042945,Saved,Right Foot,Open Play
Leicester City,Jamie Vardy,115.0,23.9,0.029593997,16.85852899869974,Blocked,Left Foot,Open Play
Leicester City,Christian Fuchs,99.5,30.5,0.054414358,22.594247055390007,Saved,Left Foot,Open Play
Watford,Nathan Aké,117.0,34.3,0.15991788,6.4412731660751685,Post,Head,Open Play
Leicester City,Jamie Vardy,111.0,21.9,0.01849921,20.21410398706804,Off T,Left Foot,Open Play
Leicester City,Jamie Vardy,112.8,45.1,0.60810095,8.823264701911649,Off T,Right Foot,Open Play
Watford,Nordin Amrabat,108.9,42.8,0.078117855,11.447707194019241,Blocked,Right Foot,Open Play
Watford,Troy Deeney,106.4,34.7,0.08714799,14.596232390586271,Saved,Right Foot,Open Play
Leicester City,Shinji Okazaki,119.0,32.8,0.03398052,7.269112738154502,Saved,Left Foot,Open Play
Leicester City,Wes Morgan,109.8,41.3,0.0783553,10.282509421342635,Saved,Head,Open Play
Watford,Troy Deeney,96.5,52.1,0.043833584,26.43217736017977,Off T,Right Foot,Open Play
Watford,Mario Suárez Mata,94.8,45.5,0.033550367,25.793216162394334,Saved,Right Foot,Open Play
Leicester City,Danny Drinkwater,93.7,46.3,0.035715885,27.044038160008572,Off T,Right Foot,Open Play
Leicester City,Riyad Mahrez,102.7,32.7,0.054877695,18.77711372921834,Goal,Left Foot,Open Play
Watford,Troy Deeney,99.6,37.8,0.042901743,20.518284528683196,Blocked,Right Foot,Open Play
Leicester City,Robert Huth,116.5,39.2,0.21526384,3.5902646142032477,Saved,Head,Open Play
Watford,Nordin Amrabat,110.1,53.1,0.034877572,16.42010962204577,Saved,Right Foot,Open Play
Leicester City,Riyad Mahrez,98.7,47.9,0.06592135,22.717834403833475,Saved,Left Foot,Open Play
Leicester City,Robert Huth,111.3,47.6,0.06113705,11.552056094046637,Off T,Head,Open Play
Leicester City,Robert Huth,116.2,37.2,0.18834977,4.720169488482375,Off T,Head,Open Play
Watford,Odion Jude Ighalo,113.2,40.2,0.38726464,6.802940540677977,Saved,Head,Open Play
Watford,Almen Abdi,97.8,31.3,0.037539426,23.84386713601634,Off T,Right Foot,Open Play
Leicester City,Jeffrey Schlupp,105.2,27.1,0.06055582,19.632880583347923,Off T,Left Foot,Open Play
Watford,Nathan Aké,87.3,31.1,0.012435545,33.88952640566109,Off T,Left Foot,Open Play
Leicester City,Danny Simpson,97.2,52.7,0.03259151,26.098467387952113,Off T,Left Foot,Open Play
Leicester City,Robert Huth,113.1,39.6,0.13685594,6.911584478250995,Goal,Right Foot,Open Play
Leicester City,Jamie Vardy,110.5,34.7,0.25467023,10.87841900277793,Saved,Right Foot,Open Play
Leicester City,Danny Drinkwater,116.8,28.4,0.03667143,12.03328716519306,Saved,Left Foot,Open Play
Leicester City,Robert Huth,107.3,39.6,0.10752062,12.706297651164956,Wayward,Left Foot,Open Play
Manchester City,David Josué Jiménez Silva,107.5,31.9,0.086794555,14.894965592440958,Off T,Right Foot,Open Play
Leicester City,Shinji Okazaki,114.4,35.6,0.25852212,7.121797525905937,Off T,Right Foot,Open Play
Manchester City,Aleksandar Kolarov,106.8,62.8,0.009466459,26.345398080120177,Blocked,Left Foot,Free Kick
Manchester City,Gnégnéri Yaya Touré,112.1,28.3,0.102942385,14.117365193264643,Off T,Left Foot,Open Play
Manchester City,Sergio Leonel Agüero del Castillo,106.5,57.7,0.027349032,22.26072775090698,Saved,Right Foot,Open Play
Manchester City,Aleksandar Kolarov,95.9,20.3,0.010467185,31.12715855968867,Off T,Left Foot,Open Play
Leicester City,Marc Albrighton,97.5,21.1,0.009397321,29.38468989116611,Saved,Right Foot,Open Play
Manchester City,Aleksandar Kolarov,105.2,24.1,0.030711338,21.722108553268946,Blocked,Left Foot,Open Play
Manchester City,Aleksandar Kolarov,113.5,23.5,0.010436312,17.7341478509682,Off T,Left Foot,Open Play
Manchester City,Nicolás Hernán Otamendi,110.3,34.2,0.047441408,11.3017697729161,Wayward,Head,Open Play
Leicester City,Riyad Mahrez,104.3,32.7,0.31686345,17.31415605797753,Goal,Right Foot,Open Play
Manchester City,Fernando Luiz Rosa,116.2,49.4,0.048688497,10.139033484509259,Off T,Head,Open Play
Manchester City,Fernando Francisco Reges,115.6,43.7,0.24456543,5.7489129407219295,Saved,Head,Open Play
Manchester City,Fernando Luiz Rosa,118.8,49.6,0.013867567,9.67470929795826,Off T,Right Foot,Open Play
Manchester City,Raheem Sterling,108.3,29.4,0.07546014,15.787653403846948,Off T,Left Foot,Open Play
Leicester City,Robert Huth,111.3,44.3,0.049993988,9.704638066409279,Goal,Head,Open Play
Manchester City,Fernando Luiz Rosa,100.5,31.1,0.044989575,21.43501807790234,Blocked,Right Foot,Open Play
Leicester City,Jamie Vardy,111.2,47.3,0.23223847,11.433722053644644,Saved,Right Foot,Open Play
Leicester City,Jamie Vardy,113.6,29.9,0.07110692,11.95700631429122,Wayward,Head,Open Play
Manchester City,Sergio Leonel Agüero del Castillo,109.6,30.0,0.080974,14.427751037497151,Blocked,Right Foot,Open Play
Manchester City,Sergio Leonel Agüero del Castillo,96.4,25.4,0.020133132,27.75103601669674,Saved,Right Foot,Open Play
Leicester City,Jamie Vardy,107.7,51.0,0.15858613,16.501212076693033,Off T,Right Foot,Open Play
Leicester City,Danny Drinkwater,93.0,56.7,0.007954071,31.74728334834337,Wayward,Right Foot,Open Play
Manchester City,Sergio Leonel Agüero del Castillo,113.2,46.8,0.077200666,9.616652224137042,Goal,Head,Open Play
Manchester City,Sergio Leonel Agüero del Castillo,116.3,27.9,0.04896859,12.65306287030931,Off T,Left Foot,Open Play
Manchester City,Fernando Luiz Rosa,89.6,37.8,0.021896413,30.479501308256346,Off T,Right Foot,Open Play
Manchester City,Pablo Javier Zabaleta Girod,107.6,51.9,0.057589423,17.186331778480252,Blocked,Right Foot,Open Play
Manchester City,Martín Gastón Demichelis,107.7,39.2,0.034212247,12.325988804148734,Off T,Head,Open Play
Newcastle United,Jonjo Shelvey,88.5,44.9,0.026913973,31.87883310285996,Blocked,Right Foot,Open Play
Newcastle United,Daryl Janmaat,102.2,52.1,0.04020626,21.523243250030884,Blocked,Left Foot,Open Play
Newcastle United,Andros Townsend,98.7,35.1,0.03846471,21.856349191939625,Saved,Right Foot,Open Play
Newcastle United,Aleksandar Mitrović,117.6,47.8,0.15232381,8.160882305241264,Saved,Left Foot,Open Play
West Bromwich Albion,Craig Gardner,100.4,48.2,0.07399487,21.24617612654098,Blocked,Right Foot,Free Kick
Newcastle United,Jonjo Shelvey,88.8,32.2,0.021413576,32.16022387981776,Saved,Right Foot,Open Play
Newcastle United,Daryl Janmaat,84.5,49.1,0.0061233067,36.6477830161662,Blocked,Right Foot,Open Play
Newcastle United,Cheik Ismaël Tioté,87.4,36.3,0.018633988,32.809297462761975,Wayward,Right Foot,Open Play
Newcastle United,Aleksandar Mitrović,98.2,32.5,0.14733559,23.0540668863435,Goal,Right Foot,Open Play
Newcastle United,Cheik Ismaël Tioté,92.0,43.0,0.027235169,28.160255680657446,Blocked,Right Foot,Open Play
West Bromwich Albion,James McClean,109.2,42.8,0.10186685,11.157060544785079,Blocked,Right Foot,Open Play
West Bromwich Albion,Darren Fletcher,92.7,35.0,0.017585218,27.754098796394018,Blocked,Right Foot,Open Play
Newcastle United,Moussa Sissoko,107.2,53.4,0.09205992,18.531055015837598,Blocked,Right Foot,Open Play
Newcastle United,Moussa Sissoko,113.1,39.0,0.19405137,6.972087205421349,Off T,Head,Open Play
Newcastle United,Jonjo Shelvey,89.2,37.5,0.029087916,30.901294471267704,Blocked,Right Foot,Open Play
Newcastle United,Andros Townsend,95.3,40.7,0.03284162,24.709917037497316,Blocked,Right Foot,Open Play
West Bromwich Albion,Alex Pritchard,97.0,42.8,0.04308043,23.169807940507404,Off T,Right Foot,Open Play
West Bromwich Albion,Saido Berahino,105.3,35.8,0.19188674,15.288230767489091,Blocked,Right Foot,Open Play
Newcastle United,Georginio Wijnaldum,113.8,40.9,0.28438446,6.2649820430708365,Off T,Head,Open Play
Newcastle United,Aleksandar Mitrović,106.6,38.7,0.03378767,13.462912017836265,Saved,Head,Open Play
Newcastle United,Andros Townsend,103.0,39.7,0.070587635,17.00264685276972,Post,Right Foot,Open Play
Newcastle United,Moussa Sissoko,112.6,27.5,0.103371225,14.526183256451093,Off T,Right Foot,Open Play
Newcastle United,Moussa Sissoko,92.5,35.6,0.03159831,27.849775582578758,Saved,Right Foot,Open Play
Newcastle United,Jonjo Shelvey,95.9,46.8,0.048895285,25.04096643502402,Off T,Right Foot,Open Play
West Bromwich Albion,Alex Pritchard,92.1,43.5,0.050282247,28.11867706703145,Off T,Right Foot,Free Kick
Newcastle United,Georginio Wijnaldum,103.2,35.2,0.12707065,17.47226373427324,Saved,Right Foot,Open Play
West Bromwich Albion,Craig Dawson,107.7,57.8,0.01137767,21.636312070221205,Off T,Right Foot,Open Play
Liverpool,Adam David Lallana,107.9,49.8,0.37282974,15.570806016388484,Saved,Left Foot,Open Play
Liverpool,Philippe Coutinho Correia,107.1,51.8,0.042819567,17.48284873812046,Blocked,Left Foot,Open Play
Everton,Kevin Mirallas,96.3,46.8,0.054436885,24.656236533583144,Off T,Right Foot,Open Play
Everton,Kevin Mirallas,101.0,25.6,0.041289583,23.840302011509834,Off T,Right Foot,Open Play
Liverpool,Philippe Coutinho Correia,93.4,47.8,0.028222688,27.72002886001383,Off T,Right Foot,Open Play
Liverpool,Adam David Lallana,108.3,28.5,0.041945208,16.40548688701436,Blocked,Left Foot,Open Play
Liverpool,Lucas Pezzini Leiva,95.1,35.9,0.032409463,25.235292746469188,Saved,Right Foot,Open Play
Liverpool,Adam David Lallana,109.9,43.8,0.07035015,10.791200118615162,Off T,Head,Open Play
Liverpool,Philippe Coutinho Correia,96.5,44.5,0.07506165,23.926972228010797,Off T,Right Foot,Free Kick
Liverpool,Mamadou Sakho,109.0,39.8,0.053041186,11.001818031580054,Wayward,Head,Open Play
Liverpool,Dejan Lovren,93.8,22.0,0.008364246,31.787418894902434,Off T,Right Foot,Open Play
Liverpool,Roberto Firmino Barbosa de Oliveira,107.8,52.8,0.16560315,17.682759965570984,Saved,Right Foot,Open Play
Everton,Ross Barkley,91.3,34.0,0.02754523,29.320470664707962,Blocked,Right Foot,Open Play
Liverpool,Adam David Lallana,106.4,26.5,0.041670628,19.162724232217084,Blocked,Left Foot,Open Play
Liverpool,Philippe Coutinho Correia,105.6,19.3,0.008566358,25.21606630701942,Blocked,Right Foot,Open Play
Liverpool,Dejan Lovren,101.9,35.2,0.049831215,18.7256508565123,Blocked,Left Foot,Open Play
Liverpool,Roberto Firmino Barbosa de Oliveira,101.6,29.5,0.027649783,21.1851362988299,Blocked,Right Foot,Open Play
Liverpool,Divock Okoth Origi,100.2,30.6,0.048486818,21.91802910847597,Saved,Right Foot,Open Play
Liverpool,Nathaniel Edwin Clyne,101.3,52.3,0.03473743,22.38258251408894,Blocked,Right Foot,Open Play
Liverpool,Divock Okoth Origi,115.6,35.4,0.14268468,6.365532185135825,Goal,Head,Open Play
Liverpool,Mamadou Sakho,116.7,41.5,0.38747752,3.624913792078369,Goal,Head,Open Play
Liverpool,Daniel Andre Sturridge,95.9,63.5,0.006676333,33.6609566114809,Saved,Left Foot,Open Play
Liverpool,Daniel Andre Sturridge,111.7,41.3,0.5470756,8.401190391843286,Goal,Left Foot,Open Play
Liverpool,Philippe Coutinho Correia,109.0,32.2,0.119678095,13.484806264830057,Blocked,Right Foot,Open Play
Liverpool,Philippe Coutinho Correia,99.2,35.8,0.056476895,21.219802072592476,Blocked,Right Foot,Open Play
Liverpool,Alberto Moreno Pérez,94.4,22.2,0.008876875,31.180121872757326,Saved,Left Foot,Open Play
Liverpool,Philippe Coutinho Correia,96.1,40.1,0.033380132,23.900209204105312,Off T,Right Foot,Open Play
Liverpool,Alberto Moreno Pérez,101.7,26.9,0.031832885,22.505554869853796,Wayward,Left Foot,Open Play
Liverpool,Joe Allen,111.5,39.6,0.22511162,8.509406559801922,Blocked,Head,Open Play
Liverpool,Joe Allen,109.5,43.6,0.18596356,11.1,Blocked,Right Foot,Open Play
Liverpool,Nathaniel Edwin Clyne,106.2,56.4,0.05256674,21.433618453261687,Off T,Right Foot,Open Play
Liverpool,Daniel Andre Sturridge,110.0,46.4,0.07735247,11.872657663724663,Off T,Head,Open Play
Liverpool,Philippe Coutinho Correia,100.3,30.7,0.05933378,21.784857125994655,Goal,Right Foot,Open Play
Liverpool,Philippe Coutinho Correia,95.7,35.3,0.05938125,24.750353532828576,Saved,Right Foot,Open Play
Liverpool,Alberto Moreno Pérez,96.8,39.5,0.04021886,23.20538730553748,Off T,Left Foot,Open Play
Liverpool,Alberto Moreno Pérez,95.5,28.0,0.027890055,27.28094573140748,Off T,Left Foot,Open Play
Liverpool,Jordon Ibe,97.9,51.5,0.03748536,24.913048789740685,Saved,Left Foot,Open Play
Liverpool,Nathaniel Edwin Clyne,104.2,38.8,0.269845,15.845504094221802,Off T,Right Foot,Open Play
Liverpool,Lucas Pezzini Leiva,90.8,39.7,0.029145684,29.201541055225153,Off T,Right Foot,Open Play
Liverpool,Daniel Andre Sturridge,98.3,53.4,0.02903087,25.503921267130668,Saved,Left Foot,Open Play
Crystal Palace,Scott Dann,114.6,40.4,0.121335834,5.414794548272359,Off T,Head,Open Play
Crystal Palace,Damien Delaney,111.9,47.2,0.09131171,10.837435120913064,Blocked,Left Foot,Open Play
AFC Bournemouth,Harry Arter,97.5,42.5,0.034405503,22.638462845343543,Saved,Right Foot,Open Play
Crystal Palace,Fraizer Campbell,101.4,43.5,0.07124108,18.926436537288254,Off T,Left Foot,Open Play
AFC Bournemouth,Glenn Murray,112.5,42.5,0.13947113,7.905694150420948,Off T,Head,Open Play
AFC Bournemouth,Dan Gosling,102.2,32.7,0.05906785,19.238762953994726,Saved,Right Foot,Open Play
AFC Bournemouth,Andrew Surman,114.5,33.2,0.1879601,8.745856161634489,Off T,Left Foot,Open Play
AFC Bournemouth,Junior Stanislas,103.3,36.5,0.0917757,17.06282508847817,Off T,Left Foot,Open Play
Crystal Palace,Jordon Mutch,108.8,29.5,0.098123536,15.352198539622918,Off T,Right Foot,Open Play
AFC Bournemouth,Eunan O''Kane,99.2,39.8,0.07833483,20.800961516237653,Saved,Right Foot,Open Play
AFC Bournemouth,Glenn Murray,105.6,35.7,0.09508452,15.028306624500317,Saved,Right Foot,Open Play
Crystal Palace,Scott Dann,102.2,49.7,0.03922226,20.271408436514715,Blocked,Right Foot,Open Play
Crystal Palace,Scott Dann,103.3,49.4,0.052509513,19.1637678967368,Blocked,Right Foot,Open Play
AFC Bournemouth,Dan Gosling,90.6,43.1,0.022135805,29.562983611266308,Blocked,Right Foot,Open Play
AFC Bournemouth,Junior Stanislas,81.1,26.3,0.0063905036,41.241968915171846,Off T,Right Foot,Free Kick
Crystal Palace,James McArthur,109.0,42.5,0.089545354,11.280514172678478,Blocked,Head,Open Play
AFC Bournemouth,Tokelo Anthony Rantie,109.7,46.2,0.11557082,12.022063050907692,Blocked,Left Foot,Open Play
Manchester United,Marcus Rashford,108.4,33.2,0.042504773,13.446189051177281,Blocked,Right Foot,Open Play
Manchester United,Anthony Martial,103.3,52.6,0.035378177,20.920086041888073,Off T,Right Foot,Open Play
Everton,Leighton Baines,97.3,56.5,0.03747367,28.063143088399777,Blocked,Left Foot,Free Kick
Manchester United,Faustino Marcos Alberto Rojo,100.3,18.6,0.007573968,29.086938649503836,Off T,Left Foot,Open Play
Manchester United,Anthony Martial,113.6,37.4,0.12809375,6.9079664156682234,Blocked,Head,Open Play
Manchester United,Anthony Martial,99.3,27.4,0.038210485,24.233241632105273,Blocked,Right Foot,Open Play
Manchester United,Morgan Schneiderlin,102.3,46.4,0.024716424,18.821530224718714,Off T,Head,Open Play
Manchester United,Jesse Lingard,99.5,55.9,0.026122056,25.9433999313891,Blocked,Left Foot,Open Play
Everton,Romelu Lukaku Menama,112.2,35.6,0.098772615,8.955445270895241,Blocked,Left Foot,Open Play
Everton,Tom Cleverley,101.8,32.3,0.039187554,19.76183189889035,Blocked,Left Foot,Open Play
Manchester United,Anthony Martial,112.6,35.8,0.47182107,8.508818954473066,Goal,Left Foot,Open Play
Everton,Phil Jagielka,111.7,41.3,0.1935495,8.401190391843286,Post,Head,Open Play
Everton,Kevin Mirallas,103.3,53.5,0.024925329,21.474170531128788,Blocked,Right Foot,Open Play
Everton,Phil Jagielka,113.3,35.7,0.12073459,7.961155694998058,Saved,Right Foot,Open Play
Everton,Tom Cleverley,103.0,43.1,0.06030838,17.280335644888382,Blocked,Right Foot,Open Play
Manchester United,Marcus Rashford,103.5,49.2,0.05936888,18.891532494744837,Saved,Left Foot,Open Play
Manchester United,Juan Manuel Mata García,96.1,48.5,0.030361524,25.366513359151277,Blocked,Left Foot,Open Play
Crystal Palace,Chung-Yong Lee,103.3,25.6,0.025674041,22.05107707119995,Off T,Right Foot,Open Play
Crystal Palace,Yohan Cabaye,95.7,37.9,0.03153955,24.39057194901341,Blocked,Right Foot,Open Play
Swansea City,Alberto Paloschi,108.4,46.6,0.0998061,13.346160496562293,Blocked,Right Foot,Open Play
Swansea City,Gylfi Þór Sigurðsson,97.5,32.4,0.074464574,23.748894711122873,Goal,Right Foot,Free Kick
Swansea City,André Ayew Pelé,109.6,43.1,0.13546737,10.852188719332158,Blocked,Right Foot,Open Play
Crystal Palace,Emmanuel Adebayor,114.5,33.4,0.08845696,8.591274643497322,Off T,Head,Open Play
Swansea City,André Ayew Pelé,119.3,44.7,0.2352145,4.751841748206692,Off T,Left Foot,Open Play
Swansea City,Wayne Routledge,109.3,51.2,0.07104577,15.489673979784085,Off T,Right Foot,Open Play
Crystal Palace,Emmanuel Adebayor,105.4,47.4,0.07000979,16.368261972488092,Blocked,Right Foot,Open Play
Crystal Palace,Yohan Cabaye,99.7,22.3,0.020986166,26.932879534130766,Off T,Right Foot,Open Play
Crystal Palace,Scott Dann,103.8,35.2,0.049460545,16.896153408394472,Off T,Head,Open Play
Crystal Palace,Jordon Mutch,111.0,33.6,0.076239355,11.043550153822817,Blocked,Left Foot,Open Play
Crystal Palace,Scott Dann,115.5,42.3,0.2917514,5.05371150739731,Goal,Left Foot,Open Play
Crystal Palace,Yohan Cabaye,98.5,41.4,0.053375483,21.545533179756774,Off T,Right Foot,Open Play
Crystal Palace,Emmanuel Adebayor,99.5,42.8,0.06860325,20.69033590834136,Saved,Right Foot,Open Play
Swansea City,Gylfi Þór Sigurðsson,96.7,53.3,0.046809446,26.828715958837833,Off T,Right Foot,Free Kick
Swansea City,Federico Fernández,111.3,38.4,0.06376155,8.84590300647707,Blocked,Head,Open Play
Swansea City,Àngel Rangel Zaragoza,105.1,55.6,0.030246444,21.57243611648903,Wayward,Right Foot,Open Play
Swansea City,André Ayew Pelé,97.5,21.7,0.0067972257,29.00241369265669,Blocked,Left Foot,Open Play
Swansea City,Federico Fernández,114.5,42.6,0.114378765,6.0835844697020525,Off T,Head,Open Play
Swansea City,Ashley Williams,116.4,42.5,0.4656813,4.38292140016222,Saved,Right Foot,Open Play
Swansea City,Modou Barrow,102.4,44.1,0.03441691,18.071247881648898,Blocked,Left Foot,Open Play
Swansea City,André Ayew Pelé,101.7,31.5,0.053757954,20.177710474679724,Saved,Left Foot,Open Play
Swansea City,Modou Barrow,99.8,52.0,0.055790197,23.49553149005147,Off T,Left Foot,Open Play
Crystal Palace,Hiram Boateng,95.3,35.4,0.03874645,25.12468905280223,Blocked,Left Foot,Open Play
Crystal Palace,Scott Dann,111.9,45.0,0.077681586,9.518928511129806,Wayward,Head,Open Play
Swansea City,Gylfi Þór Sigurðsson,99.6,32.0,0.05791019,21.912553479683748,Blocked,Right Foot,Open Play
Swansea City,Gylfi Þór Sigurðsson,97.1,46.7,0.07848686,23.860008382228205,Saved,Right Foot,Free Kick
Swansea City,Federico Fernández,111.2,40.2,0.08273946,8.802272433866152,Off T,Head,Open Play
Swansea City,Ashley Williams,108.7,40.9,0.06942015,11.33578404875463,Blocked,Right Foot,Open Play
Swansea City,André Ayew Pelé,107.1,43.2,0.05109396,13.290974381135499,Blocked,Right Foot,Open Play
Liverpool,Nathaniel Edwin Clyne,97.0,55.9,0.020007897,27.960865508778515,Blocked,Right Foot,Open Play
Liverpool,Emre Can,102.3,23.3,0.02530917,24.334748817277735,Saved,Right Foot,Open Play
Liverpool,Roberto Firmino Barbosa de Oliveira,108.2,46.7,0.16703731,13.569450983735488,Goal,Left Foot,Open Play
Arsenal,Aaron Ramsey,109.1,49.9,0.092175364,14.724808997063429,Goal,Right Foot,Open Play
Liverpool,Roberto Firmino Barbosa de Oliveira,96.4,35.9,0.052989922,23.953496613229554,Goal,Right Foot,Open Play
Liverpool,James Philip Milner,112.6,50.3,0.14621271,12.68266533501535,Saved,Right Foot,Open Play
Arsenal,Aaron Ramsey,111.3,34.3,0.18507257,10.400961494015833,Blocked,Right Foot,Open Play
Arsenal,Olivier Giroud,117.4,33.7,0.08096793,6.81542368455549,Goal,Left Foot,Open Play
Arsenal,Olivier Giroud,115.8,38.4,0.75795543,4.49444101084885,Wayward,Left Foot,Open Play
Arsenal,Joel Nathaniel Campbell Samuels,102.9,53.5,0.054296046,21.786693186438363,Saved,Left Foot,Open Play
Liverpool,Emre Can,101.1,28.7,0.058626376,22.02044504545719,Off T,Right Foot,Open Play
Arsenal,Joel Nathaniel Campbell Samuels,102.4,58.9,0.012089435,25.825762331439506,Blocked,Left Foot,Open Play
Arsenal,Theo Walcott,99.3,35.6,0.06674444,21.162466774929623,Blocked,Right Foot,Open Play
Liverpool,Emre Can,93.3,32.0,0.028769102,27.87274654568509,Saved,Right Foot,Open Play
Liverpool,Roberto Firmino Barbosa de Oliveira,106.4,44.9,0.0959336,14.455794685869048,Post,Left Foot,Open Play
Arsenal,Joel Nathaniel Campbell Samuels,111.5,47.6,0.14332543,11.402192771568108,Off T,Right Foot,Open Play
Liverpool,Alberto Moreno Pérez,109.4,29.8,0.06759334,14.710540438746628,Off T,Left Foot,Open Play
Arsenal,Theo Walcott,93.9,43.7,0.040260118,26.36095597659538,Off T,Right Foot,Open Play
Arsenal,Olivier Giroud,107.2,34.6,0.03149853,13.892443989449802,Off T,Head,Open Play
Arsenal,Olivier Giroud,107.6,43.3,0.13048053,12.831601614763455,Goal,Left Foot,Open Play
Arsenal,Mesut Özil,90.1,45.5,0.039013248,30.401644692351766,Blocked,Left Foot,Free Kick
Arsenal,Theo Walcott,106.1,29.3,0.090500586,17.54137964927503,Wayward,Right Foot,Open Play
Liverpool,Jordon Ibe,107.4,54.2,0.0324165,18.984203960134856,Blocked,Right Foot,Open Play
Liverpool,James Philip Milner,105.8,21.9,0.011643557,23.005434140654685,Blocked,Right Foot,Open Play
Arsenal,Olivier Giroud,103.7,36.9,0.042896602,16.592166826548,Blocked,Left Foot,Open Play
Liverpool,Jordan Brian Henderson,93.7,40.2,0.029845646,26.300760445279902,Off T,Right Foot,Open Play
Liverpool,Roberto Firmino Barbosa de Oliveira,111.2,44.7,0.062444057,9.976472322419383,Blocked,Head,Open Play
Liverpool,Alberto Moreno Pérez,90.2,30.5,0.014140655,31.277627787285912,Blocked,Left Foot,Open Play
Liverpool,Roberto Firmino Barbosa de Oliveira,107.4,39.0,0.040247437,12.639620247459963,Off T,Head,Open Play
Liverpool,Alberto Moreno Pérez,95.6,32.8,0.030412152,25.44012578585256,Blocked,Left Foot,Open Play
Liverpool,Christian Benteke Liolo,108.7,21.4,0.011442327,21.7635015565051,Saved,Right Foot,Open Play
Liverpool,Alberto Moreno Pérez,102.1,21.5,0.014345219,25.742183279589945,Off T,Left Foot,Open Play
Liverpool,Adam David Lallana,107.3,29.9,0.055269107,16.226521500309303,Blocked,Right Foot,Open Play
Liverpool,Christian Benteke Liolo,103.0,30.5,0.05182489,19.474342094150447,Blocked,Right Foot,Open Play
Liverpool,Jordon Ibe,98.8,50.6,0.03859527,23.702320561497775,Blocked,Left Foot,Open Play
Liverpool,Alberto Moreno Pérez,93.1,49.2,0.049464904,28.429737951659007,Blocked,Left Foot,Free Kick
Liverpool,Joe Allen,107.8,38.1,0.08532134,12.347064428438042,Goal,Right Foot,Open Play
Aston Villa,Carles Gil de Pareja Vicent,105.3,34.0,0.073490515,15.877342346879093,Blocked,Left Foot,Open Play
Aston Villa,Ashley Westwood,93.3,33.3,0.016420651,27.527804126010487,Blocked,Right Foot,Open Play
Aston Villa,Gabriel Imuetinyan Agbonlahor,107.9,40.0,0.21447395,12.099999999999994,Off T,Right Foot,Open Play
Norwich City,Dieumerci Mbokani Bezua,96.9,24.3,0.02071648,27.930270317345656,Saved,Right Foot,Open Play
Norwich City,Steven Naismith,94.5,27.5,0.028966732,28.398943642325854,Off T,Right Foot,Open Play
Norwich City,Sébastien Aymar Bassong Nguena,110.8,33.5,0.1255592,11.264546151532251,Off T,Head,Open Play
Aston Villa,Carles Gil de Pareja Vicent,91.9,53.2,0.03591769,31.045933711196376,Off T,Left Foot,Free Kick
Norwich City,Robert Brady,99.5,18.1,0.009505931,29.997666575918867,Saved,Right Foot,Open Play
Aston Villa,Joleon Lescott,108.4,30.6,0.024656639,14.930505684671228,Goal,Head,Open Play
Aston Villa,Gabriel Imuetinyan Agbonlahor,97.6,32.4,0.06655974,23.654175107156036,Saved,Right Foot,Open Play
Aston Villa,Gabriel Imuetinyan Agbonlahor,103.1,20.7,0.051977605,25.65345980564805,Goal,Left Foot,Open Play
Aston Villa,Leandro Bacuna,111.4,53.0,0.053031668,15.587174214718969,Off T,Right Foot,Open Play
Aston Villa,Gabriel Imuetinyan Agbonlahor,103.3,36.0,0.0503359,17.172361514946047,Blocked,Left Foot,Open Play
Norwich City,Gary O''Neil,104.8,37.6,0.19670913,15.388307249337078,Off T,Right Foot,Open Play
Aston Villa,Leandro Bacuna,109.6,51.9,0.15458117,15.804113388608679,Off T,Right Foot,Open Play
Norwich City,Robert Brady,103.0,21.9,0.022495493,24.83163305141247,Off T,Left Foot,Open Play
Norwich City,Russell Martin,116.6,49.5,0.03953243,10.090094152187087,Blocked,Head,Open Play
Norwich City,Dieumerci Mbokani Bezua,113.6,30.2,0.044329576,11.70469991071963,Blocked,Head,Open Play
Norwich City,Dieumerci Mbokani Bezua,106.0,42.8,0.04208151,14.277254638059796,Saved,Head,Open Play
Norwich City,Dieumerci Mbokani Bezua,103.9,35.5,0.13611232,16.71705715728698,Blocked,Right Foot,Open Play
Norwich City,Dieumerci Mbokani Bezua,118.0,33.2,0.19811423,7.088018058667737,Blocked,Left Foot,Open Play
Norwich City,Nathan Redmond,95.6,45.3,0.035844523,24.968980756130197,Blocked,Left Foot,Open Play
Norwich City,Patrick Bamford,116.0,38.0,0.24635679,4.47213595499958,Off T,Right Foot,Open Play
Manchester City,Kelechi Promise Iheanacho,100.9,46.3,0.060191132,20.112185361118758,Off T,Left Foot,Open Play
Stoke City,Glenn Whelan,92.1,62.6,0.007530437,35.905013577493605,Saved,Right Foot,Free Kick
Stoke City,Ryan Shawcross,108.3,37.0,0.19456725,12.07849328351844,Off T,Right Foot,Open Play
Manchester City,Aleksandar Kolarov,100.5,27.4,0.038652755,23.216588896735026,Blocked,Left Foot,Open Play
Stoke City,Gilbert Gianelli Imbula Wanga,94.3,43.2,0.026798952,25.898455552406983,Off T,Left Foot,Open Play
Stoke City,José Luis Sanmartín Mato,110.7,40.8,0.1708826,9.33434518324665,Off T,Head,Open Play
Stoke City,Gilbert Gianelli Imbula Wanga,86.4,35.5,0.017946206,33.89999999999999,Off T,Left Foot,Open Play
Manchester City,Fernando Francisco Reges,115.4,46.4,0.13337107,7.881624198095207,Goal,Head,Open Play
Manchester City,Sergio Leonel Agüero del Castillo,108.0,40.0,0.7835,12.0,Goal,Right Foot,Penalty
Stoke City,Glenn Whelan,94.8,46.7,0.03652546,26.075467397536716,Off T,Right Foot,Open Play
Manchester City,Nicolás Hernán Otamendi,79.2,39.4,0.0054480345,40.80441152620633,Off T,Right Foot,Open Play
Stoke City,Phil Bardsley,90.3,40.9,0.03427669,29.71363323459452,Off T,Right Foot,Free Kick
Stoke City,José Luis Sanmartín Mato,107.8,34.1,0.24628662,13.551752654177246,Off T,Right Foot,Open Play
Manchester City,Kelechi Promise Iheanacho,93.3,51.7,0.025420308,29.150986261188493,Saved,Left Foot,Open Play
Stoke City,Mame Biram Diouf,111.4,46.6,0.06759372,10.840664186294118,Off T,Head,Open Play
Manchester City,Gnégnéri Yaya Touré,103.4,39.3,0.14155486,16.614752480852665,Saved,Right Foot,Open Play
Stoke City,Marko Arnautović,109.5,27.2,0.12932946,16.555663683464942,Saved,Right Foot,Open Play
Manchester City,Kelechi Promise Iheanacho,115.0,36.3,0.3083344,6.2201286160335965,Wayward,Left Foot,Open Play
Manchester City,Kelechi Promise Iheanacho,109.9,40.7,0.51302606,10.124228365658288,Goal,Left Foot,Open Play
Stoke City,Gilbert Gianelli Imbula Wanga,95.1,18.5,0.009877221,32.89772028575841,Off T,Left Foot,Open Play
Manchester City,Nicolás Hernán Otamendi,113.2,50.8,0.03546008,12.76244490683505,Blocked,Head,Open Play
Manchester City,Kelechi Promise Iheanacho,109.6,31.6,0.92961997,13.368619973654726,Goal,Left Foot,Open Play
Stoke City,Gilbert Gianelli Imbula Wanga,89.8,37.5,0.036467902,30.303300150313664,Off T,Left Foot,Free Kick
Stoke City,Marc Muniesa Martínez,104.5,29.7,0.025463888,18.610212250267324,Wayward,Left Foot,Open Play
Stoke City,Mame Biram Diouf,117.2,51.4,0.019718358,11.73882447266335,Blocked,Right Foot,Open Play
Watford,Almen Abdi,102.4,47.4,0.12576102,19.092406867652905,Off T,Right Foot,Open Play
Watford,Troy Deeney,93.8,32.0,0.02930542,27.394159961568455,Blocked,Right Foot,Open Play
Watford,Almen Abdi,96.9,40.8,0.04567162,23.113848662652437,Off T,Left Foot,Open Play
Watford,Sebastian Prödl,109.6,39.5,0.06570991,10.41201229350024,Wayward,Head,Open Play
Watford,Almen Abdi,98.7,38.7,0.03895103,21.339634486091835,Wayward,Left Foot,Open Play
Watford,Almen Abdi,100.7,35.9,0.051369715,19.73068675946177,Saved,Right Foot,Open Play
Watford,Odion Jude Ighalo,110.3,25.5,0.04600584,17.445343218177165,Blocked,Left Foot,Open Play
Watford,José Manuel Jurado Marín,89.4,31.7,0.026629835,31.705677724975374,Saved,Right Foot,Open Play
Watford,Odion Jude Ighalo,103.2,49.9,0.09367104,19.499999999999996,Off T,Right Foot,Open Play
Watford,Almen Abdi,101.4,44.2,0.066835135,19.06829829848484,Blocked,Left Foot,Open Play
Watford,Nathan Aké,99.4,30.4,0.040801864,22.72707636278806,Saved,Left Foot,Open Play
Sunderland,Jack Rodwell,97.0,27.2,0.024360102,26.32185403804223,Off T,Right Foot,Open Play
Sunderland,Jeremain Lens,100.1,41.1,0.15652321,19.93037882229036,Saved,Right Foot,Open Play
Sunderland,Jack Rodwell,116.4,32.2,0.3308948,8.590692637965807,Goal,Left Foot,Open Play
Sunderland,Dame N''Doye,101.9,41.5,0.07661738,18.16204834262919,Blocked,Right Foot,Open Play
Watford,Sebastian Prödl,111.4,40.1,0.079874724,8.600581375697804,Goal,Head,Open Play
Sunderland,Jeremain Lens,107.4,46.2,0.33118328,14.042791745233561,Goal,Left Foot,Open Play
Watford,Nathan Aké,101.5,29.1,0.042180266,21.472307747422025,Saved,Right Foot,Open Play
Watford,Miguel Ángel Britos Cabrera,112.3,44.0,0.06994894,8.676981041814027,Off T,Head,Open Play
Watford,José Manuel Jurado Marín,99.0,23.3,0.033223778,26.83076592272386,Off T,Right Foot,Open Play
Watford,Adlène Guédioura,99.5,32.9,0.046786487,21.69469981354893,Off T,Right Foot,Open Play
Watford,Troy Deeney,108.0,40.0,0.7835,12.0,Goal,Right Foot,Penalty
Watford,Mario Suárez Mata,99.3,55.9,0.01685919,26.10172408098745,Off T,Right Foot,Open Play
Sunderland,Duncan Watmore,112.4,27.5,0.14369719,14.629080627298487,Saved,Left Foot,Open Play
Watford,Odion Jude Ighalo,107.2,45.5,0.15845345,13.931618714277244,Blocked,Right Foot,Open Play
Watford,Juan Carlos Paredes Reasco,94.4,39.2,0.018938597,25.612496949731387,Blocked,Right Foot,Open Play
Watford,Mario Suárez Mata,113.6,34.9,0.14064257,8.183520025025912,Wayward,Head,Open Play
Watford,Adlène Guédioura,113.5,57.6,0.012650314,18.761929538296428,Off T,Right Foot,Open Play
Manchester United,Juan Manuel Mata García,96.6,28.8,0.04372277,25.9422435421457,Saved,Left Foot,Open Play
Crystal Palace,Emmanuel Adebayor,105.7,37.3,0.12302865,14.552662986546482,Off T,Right Foot,Open Play
Manchester United,Marcus Rashford,100.5,50.6,0.042594247,22.194819215303376,Blocked,Left Foot,Open Play
Manchester United,Anthony Martial,103.1,23.5,0.034273833,23.619060099843097,Saved,Right Foot,Open Play
Manchester United,Wayne Mark Rooney,95.2,39.8,0.045340247,24.800806438501144,Saved,Right Foot,Open Play
Manchester United,Marcus Rashford,107.5,55.5,0.06340333,19.912307751739878,Saved,Right Foot,Open Play
Manchester United,Jesse Lingard,107.0,52.5,0.060497064,18.034688796871432,Saved,Left Foot,Open Play
Manchester United,Anthony Martial,104.9,28.4,0.12033714,19.041270965983333,Saved,Left Foot,Open Play
Crystal Palace,Wilfried Zaha,102.6,48.9,0.037294954,19.544052803858268,Blocked,Right Foot,Open Play
Manchester United,Wayne Mark Rooney,101.5,33.3,0.087386966,19.67587355112855,Blocked,Left Foot,Open Play
Manchester United,Juan Manuel Mata García,111.6,28.2,0.11642312,14.48447444679993,Saved,Left Foot,Open Play
Manchester United,Matteo Darmian,101.6,41.4,0.047036063,18.453184007102955,Goal,Left Foot,Open Play
Manchester United,Wayne Mark Rooney,94.8,46.9,0.021051006,26.12757164376361,Off T,Right Foot,Open Play
Manchester United,Jesse Lingard,108.7,37.9,0.39888942,11.493476410555683,Saved,Right Foot,Open Play
Manchester United,Marcus Rashford,107.0,37.9,0.15865718,13.168523075880605,Saved,Left Foot,Open Play
Crystal Palace,Bakary Sako,86.8,48.5,0.02002928,34.27083308004053,Blocked,Left Foot,Free Kick
Manchester United,Chris Smalling,109.9,38.8,0.09052634,10.17103731189695,Off T,Head,Open Play
Manchester United,Memphis Depay,98.8,29.0,0.033249363,23.88388578100306,Blocked,Right Foot,Open Play
Crystal Palace,Bakary Sako,94.6,28.1,0.026160775,28.0494206713793,Blocked,Right Foot,Open Play
Crystal Palace,Bakary Sako,88.2,29.9,0.014420888,33.36540124140574,Blocked,Left Foot,Open Play
Manchester United,Matteo Darmian,96.9,27.2,0.027476845,26.409278672466613,Off T,Right Foot,Open Play
Manchester City,Vincent Kompany,114.2,49.7,0.0812523,11.3017697729161,Saved,Head,Open Play
Manchester City,Sergio Leonel Agüero del Castillo,111.7,25.5,0.043330256,16.70748335327616,Blocked,Right Foot,Open Play
Norwich City,Martin Olsson,87.1,37.8,0.012003629,32.9734741875951,Off T,Left Foot,Open Play
Manchester City,Wilfried Guemiand Bony,95.1,44.8,0.030861653,25.358430550805,Blocked,Right Foot,Open Play
Manchester City,Sergio Leonel Agüero del Castillo,91.8,40.3,0.04655729,28.201595699534455,Saved,Right Foot,Free Kick
Manchester City,Vincent Kompany,107.8,41.5,0.024975806,12.291867230002122,Blocked,Head,Open Play
Manchester City,Sergio Leonel Agüero del Castillo,96.2,33.5,0.03661159,24.67164364204379,Off T,Left Foot,Open Play
Manchester City,Fernando Luiz Rosa,96.8,39.5,0.041729327,23.20538730553748,Blocked,Right Foot,Open Play
Manchester City,Sergio Leonel Agüero del Castillo,103.2,52.2,0.04040689,20.7624661348309,Saved,Right Foot,Open Play
Norwich City,Ryan Bennett,111.8,41.7,0.064565465,8.374365647617738,Wayward,Head,Open Play
Norwich City,Patrick Bamford,93.1,38.4,0.021491364,26.947541631844647,Post,Left Foot,Open Play
Norwich City,Matt Jarvis,103.4,56.0,0.03310004,23.055585006674626,Off T,Left Foot,Open Play
Manchester City,Nicolás Hernán Otamendi,110.7,47.5,0.040291592,11.947384651043924,Off T,Head,Open Play
Manchester City,David Josué Jiménez Silva,101.4,51.7,0.07401199,21.973848092675983,Blocked,Left Foot,Free Kick
Manchester City,David Josué Jiménez Silva,99.0,53.4,0.03314006,24.9110417285187,Off T,Left Foot,Open Play
Manchester City,Vincent Kompany,96.4,37.2,0.039933015,23.76552124402071,Blocked,Right Foot,Open Play
Manchester City,David Josué Jiménez Silva,116.7,45.1,0.13930854,6.074537019394976,Blocked,Head,Open Play
Norwich City,Graham Dorrans,100.2,34.3,0.086577356,20.604125800431326,Off T,Right Foot,Open Play
Manchester City,Kelechi Promise Iheanacho,101.3,46.3,0.05654639,19.7327139542436,Blocked,Left Foot,Open Play
Manchester City,Sergio Leonel Agüero del Castillo,99.9,31.2,0.046900023,21.941968918034675,Off T,Right Foot,Open Play
Manchester City,Sergio Leonel Agüero del Castillo,102.4,48.8,0.047355834,19.677398201998145,Goal,Left Foot,Open Play
Arsenal,Olivier Giroud,114.4,42.2,0.19883229,6.016643582596525,Goal,Head,Open Play
Manchester City,Sergio Leonel Agüero del Castillo,105.7,33.8,0.08361632,15.586211855354717,Blocked,Right Foot,Open Play
Manchester City,Kelechi Promise Iheanacho,92.7,42.8,0.027651394,27.44321409747772,Blocked,Left Foot,Open Play
Manchester City,Jesús Navas González,106.3,53.6,0.030466082,19.304144632694815,Off T,Left Foot,Open Play
Manchester City,Eliaquim Mangala,116.3,33.0,0.077731945,7.917701686727027,Off T,Head,Open Play
Manchester City,Kevin De Bruyne,91.8,55.7,0.009188405,32.275842359263066,Off T,Right Foot,Open Play
Manchester City,Fernando Luiz Rosa,112.5,53.1,0.07948527,15.095032295427528,Off T,Right Foot,Open Play
Manchester City,Kevin De Bruyne,98.7,32.4,0.057106588,22.615260334561704,Goal,Right Foot,Open Play
Arsenal,Aaron Ramsey,96.5,54.5,0.021355988,27.613402542968153,Blocked,Right Foot,Open Play
Manchester City,Kelechi Promise Iheanacho,98.7,41.3,0.058794696,21.339634486091835,Off T,Left Foot,Open Play
Arsenal,Olivier Giroud,101.8,51.6,0.048510678,21.58240023723034,Off T,Left Foot,Open Play
Arsenal,Theo Walcott,109.2,49.3,0.3265438,14.25236822426364,Off T,Right Foot,Open Play
Arsenal,Alexis Alejandro Sánchez Sánchez,102.2,39.2,0.2921997,17.817968458833906,Goal,Right Foot,Open Play
Manchester City,Kevin De Bruyne,106.6,17.6,0.009487784,26.102107194630857,Saved,Right Foot,Free Kick
Manchester City,Sergio Leonel Agüero del Castillo,112.6,48.4,0.098293476,11.194641575325226,Off T,Left Foot,Open Play
Manchester City,Sergio Leonel Agüero del Castillo,109.4,26.5,0.06477877,17.164206943520576,Off T,Left Foot,Open Play
Manchester City,Wilfried Guemiand Bony,108.2,42.9,0.06177874,12.15113163454334,Post,Right Foot,Open Play
Manchester City,Wilfried Guemiand Bony,104.7,40.8,0.03255686,15.320900756809303,Off T,Head,Open Play
Sunderland,Patrick van Aanholt,91.5,27.0,0.024560666,31.32491021535417,Off T,Left Foot,Open Play
Liverpool,Alberto Moreno Pérez,111.0,27.0,0.11838586,15.811388300841896,Saved,Left Foot,Open Play
Liverpool,Jordan Brian Henderson,97.2,34.3,0.042300127,23.501702066020663,Blocked,Right Foot,Open Play
Liverpool,Roberto Firmino Barbosa de Oliveira,100.5,21.9,0.016603429,26.605638500137523,Off T,Right Foot,Open Play
Liverpool,Roberto Firmino Barbosa de Oliveira,103.8,53.6,0.021160819,21.15183207195065,Blocked,Left Foot,Open Play
Liverpool,Roberto Firmino Barbosa de Oliveira,94.7,46.2,0.030898808,26.04860840812806,Off T,Left Foot,Open Play
Liverpool,Alberto Moreno Pérez,111.6,36.7,0.25036833,9.0249653738948,Off T,Head,Open Play
Sunderland,Patrick van Aanholt,86.6,36.2,0.019287786,33.61547262794323,Off T,Left Foot,Open Play
Liverpool,Jordan Brian Henderson,92.7,46.0,0.027834339,27.951565251341467,Blocked,Left Foot,Open Play
Liverpool,Jordon Ibe,103.5,55.7,0.03691366,22.77586441828279,Blocked,Right Foot,Open Play
Liverpool,Roberto Firmino Barbosa de Oliveira,94.7,44.0,0.045270897,25.614253844295362,Off T,Right Foot,Open Play
Sunderland,Jermain Defoe,99.6,32.1,0.08501144,21.87624282183758,Off T,Right Foot,Open Play
Liverpool,Roberto Firmino Barbosa de Oliveira,114.5,46.3,0.13530204,8.363013810822027,Goal,Head,Open Play
Liverpool,Jordon Ibe,109.3,52.1,0.06363159,16.152399202595262,Blocked,Left Foot,Open Play
Liverpool,Adam David Lallana,108.7,31.5,0.07276425,14.140014144264494,Saved,Right Foot,Open Play
Liverpool,Jordon Ibe,110.1,56.8,0.012028061,19.5,Saved,Right Foot,Open Play
Liverpool,Jordan Brian Henderson,90.2,45.2,0.020290969,30.2502892548154,Off T,Right Foot,Open Play
Sunderland,Patrick van Aanholt,107.3,28.2,0.14561306,17.33580110638098,Off T,Left Foot,Open Play
Liverpool,Adam David Lallana,111.8,41.1,0.8677086,8.273451516749226,Goal,Right Foot,Open Play
Liverpool,Nathaniel Edwin Clyne,107.9,56.4,0.03322027,20.38062805705457,Blocked,Right Foot,Open Play
Liverpool,Adam David Lallana,106.9,57.3,0.017000077,21.700230413523258,Off T,Right Foot,Open Play
Sunderland,Adam Johnson,96.6,56.7,0.03264223,28.748043411682826,Goal,Left Foot,Free Kick
Sunderland,Jermain Defoe,106.6,35.4,0.18213816,14.167568598739877,Goal,Right Foot,Open Play
Liverpool,Jordon Ibe,97.2,19.7,0.009625689,30.52752856030111,Off T,Right Foot,Open Play
Sunderland,Adam Johnson,95.1,43.5,0.051837746,25.144780770569472,Blocked,Right Foot,Open Play
Tottenham Hotspur,Toby Alderweireld,100.0,45.3,0.045446225,20.69033590834136,Blocked,Left Foot,Open Play
Tottenham Hotspur,Christian Dannemann Eriksen,105.6,26.1,0.06435122,20.014244927051337,Saved to Post,Right Foot,Open Play
Tottenham Hotspur,Bamidele Alli,113.7,42.1,0.5862307,6.640783086353594,Goal,Right Foot,Open Play
Tottenham Hotspur,Eric Dier,112.1,48.5,0.05861931,11.60430954430293,Off T,Right Foot,Open Play
Norwich City,Alexander Banor Tettey,102.5,32.9,0.052934706,18.885444130334875,Off T,Left Foot,Open Play
Tottenham Hotspur,Toby Alderweireld,111.0,38.6,0.07352333,9.10823802938856,Off T,Head,Open Play
Tottenham Hotspur,Eric Dier,99.3,50.8,0.03822316,23.34801918793113,Blocked,Right Foot,Open Play
Norwich City,Dieumerci Mbokani Bezua,105.1,54.9,0.042222165,21.071782079359117,Saved,Right Foot,Open Play
Tottenham Hotspur,Heung-Min Son,95.6,55.1,0.027149076,28.694424545545434,Off T,Left Foot,Open Play
Tottenham Hotspur,Heung-Min Son,116.0,33.9,0.07342251,7.294518489934755,Off T,Left Foot,Open Play
Norwich City,Matt Jarvis,100.3,31.5,0.04512023,21.455535416297586,Off T,Right Foot,Open Play
Tottenham Hotspur,Harry Kane,100.1,42.4,0.1288793,20.04420115644423,Saved,Left Foot,Open Play
Tottenham Hotspur,Harry Kane,108.1,40.1,0.7835,11.900420160649796,Goal,Right Foot,Penalty
Tottenham Hotspur,Harry Kane,113.0,24.9,0.016605726,16.64361739526597,Post,Left Foot,Open Play
Tottenham Hotspur,Bamidele Alli,110.4,40.8,0.07674103,9.633275663033832,Off T,Head,Open Play
Tottenham Hotspur,Christian Dannemann Eriksen,98.8,58.4,0.01084004,28.071337695236398,Saved,Right Foot,Open Play
Norwich City,Alexander Banor Tettey,91.4,45.5,0.025321353,29.124045048722195,Off T,Right Foot,Open Play
Norwich City,Steven Naismith,108.6,35.2,0.044499606,12.369316876852984,Off T,Head,Open Play
Tottenham Hotspur,Harry Kane,103.0,26.0,0.062994234,22.02271554554524,Off T,Left Foot,Open Play
Norwich City,Steven Naismith,114.9,42.6,0.46478197,5.724508712544679,Saved,Right Foot,Open Play
Norwich City,Steven Naismith,115.3,42.5,0.27492476,5.323532661682469,Blocked,Left Foot,Open Play
Tottenham Hotspur,Christian Dannemann Eriksen,103.6,60.7,0.010548792,26.40927867246662,Wayward,Left Foot,Open Play
Norwich City,Steven Naismith,94.9,59.9,0.008304964,32.031546949843055,Off T,Right Foot,Open Play
Norwich City,Jonathan Howson,105.6,52.7,0.090666056,19.200260414900633,Blocked,Left Foot,Open Play
Norwich City,Youssouf Chafiq Mulumbu Ngangu,110.6,42.7,0.063992776,9.780081799248928,Blocked,Head,Open Play
Tottenham Hotspur,Harry Kane,104.2,52.1,0.11734863,19.901004999748128,Post,Right Foot,Open Play
Norwich City,Youssouf Chafiq Mulumbu Ngangu,99.4,36.2,0.062368684,20.947553556441854,Off T,Right Foot,Open Play
Tottenham Hotspur,Harry Kane,104.4,48.9,0.34337014,17.960233851484222,Goal,Left Foot,Open Play
Tottenham Hotspur,Harry Kane,96.4,24.0,0.020598222,28.512453419514774,Saved,Right Foot,Open Play
Tottenham Hotspur,Harry Kane,108.4,22.6,0.0101465,20.912197397691134,Saved,Right Foot,Open Play
Tottenham Hotspur,Harry Kane,99.8,56.9,0.02037976,26.33723599772763,Blocked,Right Foot,Open Play
Tottenham Hotspur,Bamidele Alli,104.6,26.6,0.027627474,20.41372087592069,Blocked,Right Foot,Open Play
Arsenal,Daniel Nii Tackie Mensah Welbeck,101.7,54.2,0.021510862,23.163117234085743,Blocked,Left Foot,Open Play
Tottenham Hotspur,Erik Lamela,93.4,58.6,0.008786465,32.45797282641046,Blocked,Left Foot,Free Kick
Tottenham Hotspur,Christian Dannemann Eriksen,88.7,51.1,0.015874894,33.20993827154757,Blocked,Right Foot,Open Play
Tottenham Hotspur,Erik Lamela,110.5,45.6,0.22386387,11.027692415006868,Saved,Left Foot,Open Play
Tottenham Hotspur,Christian Dannemann Eriksen,114.7,14.4,0.0072457553,26.14287665885298,Saved,Right Foot,Free Kick
Arsenal,Mesut Özil,59.3,39.7,0.0047524814,59.300758848432956,Wayward,Left Foot,Open Play
Arsenal,Daniel Nii Tackie Mensah Welbeck,115.3,25.2,0.00930028,15.528361149844502,Blocked,Left Foot,Open Play
Arsenal,Aaron Ramsey,110.6,40.4,0.2949577,9.408506789071266,Goal,Right Foot,Open Play
Arsenal,Daniel Nii Tackie Mensah Welbeck,109.6,32.1,0.09718332,13.060245020672472,Saved,Head,Open Play
Tottenham Hotspur,Danny Rose,92.8,20.3,0.0070228167,33.58466912149054,Off T,Left Foot,Open Play
Tottenham Hotspur,Kyle Walker,98.5,51.7,0.0443216,24.477336456403915,Saved,Right Foot,Open Play
Tottenham Hotspur,Danny Rose,93.0,28.9,0.022840785,29.192636057745798,Blocked,Left Foot,Open Play
Tottenham Hotspur,Bamidele Alli,101.5,39.4,0.04699755,18.509727172489605,Blocked,Right Foot,Open Play
Tottenham Hotspur,Harry Kane,115.8,33.0,0.10678657,8.163332652783422,Saved,Right Foot,Open Play
Tottenham Hotspur,Eric Dier,106.2,40.2,0.044527054,13.801449199268891,Saved Off Target,Head,Open Play
Tottenham Hotspur,Toby Alderweireld,115.9,35.6,0.26375267,6.014149981501953,Goal,Left Foot,Open Play
Tottenham Hotspur,Harry Kane,108.7,18.1,0.008060916,24.643457549621562,Goal,Right Foot,Open Play
Arsenal,Aaron Ramsey,92.2,42.1,0.030254314,27.879203718901294,Blocked,Right Foot,Open Play
Tottenham Hotspur,Eric Dier,105.2,55.4,0.044398446,21.35883891975404,Saved,Right Foot,Open Play
Arsenal,Alexis Alejandro Sánchez Sánchez,88.6,54.8,0.005948593,34.713109915419565,Off T,Right Foot,Open Play
Tottenham Hotspur,Danny Rose,94.2,25.2,0.022368655,29.74357073385776,Off T,Left Foot,Open Play
Tottenham Hotspur,Harry Kane,106.8,49.9,0.06995504,16.5,Off T,Right Foot,Open Play
Tottenham Hotspur,Harry Kane,112.3,53.2,0.04500808,15.28168838839479,Off T,Right Foot,Open Play
Arsenal,Héctor Bellerín Moruno,107.6,54.5,0.02378201,19.079046097748183,Blocked,Right Foot,Open Play
Arsenal,Alexis Alejandro Sánchez Sánchez,106.2,50.1,0.092866585,17.101169550647697,Goal,Right Foot,Open Play
Tottenham Hotspur,Bamidele Alli,95.9,36.1,0.059445754,24.413520843991343,Saved,Right Foot,Open Play
Tottenham Hotspur,Ryan Mason,92.6,40.1,0.02951731,27.400182481144178,Blocked,Right Foot,Open Play
Tottenham Hotspur,Christian Dannemann Eriksen,97.2,57.8,0.01502442,28.925421345245773,Saved,Right Foot,Open Play
Arsenal,Alexis Alejandro Sánchez Sánchez,89.2,43.3,0.03567827,30.97628124872319,Saved,Right Foot,Free Kick
Tottenham Hotspur,Harry Kane,112.5,27.3,0.0364401,14.749237268414934,Off T,Left Foot,Open Play
Arsenal,Aaron Ramsey,109.0,33.4,0.11652837,12.82809416865966,Blocked,Left Foot,Open Play
Tottenham Hotspur,Christian Dannemann Eriksen,105.3,25.6,0.04772964,20.577900767571023,Off T,Left Foot,Open Play
Manchester United,Ander Herrera Agüera,105.6,49.0,0.15064491,16.98116603770189,Blocked,Right Foot,Open Play
Manchester United,Anthony Martial,110.2,30.1,0.050904408,13.930183056945085,Blocked,Left Foot,Open Play
Manchester United,Wayne Mark Rooney,96.8,25.8,0.04447662,27.200735284179363,Blocked,Right Foot,Free Kick
Manchester United,Wayne Mark Rooney,109.9,27.6,0.039852906,15.992810884894496,Off T,Right Foot,Open Play
Swansea City,Wayne Routledge,103.9,26.6,0.05432877,20.946837470128987,Saved,Right Foot,Open Play
Swansea City,Gylfi Þór Sigurðsson,107.5,49.6,0.08031859,15.761027885261798,Blocked,Right Foot,Open Play
Manchester United,Juan Manuel Mata García,107.9,45.0,0.12536518,13.09236418680751,Blocked,Right Foot,Open Play
Manchester United,Juan Manuel Mata García,105.4,46.8,0.11439304,16.105899540230585,Saved,Left Foot,Open Play
Swansea City,Sung-Yeung Ki,103.0,22.0,0.015527422,24.758836806279895,Off T,Right Foot,Open Play
Manchester United,Wayne Mark Rooney,113.7,33.3,0.06893101,9.196738552334734,Blocked,Head,Open Play
Manchester United,Juan Manuel Mata García,108.9,51.1,0.06009219,15.697770542341352,Saved,Left Foot,Open Play
Manchester United,Wayne Mark Rooney,109.3,43.4,0.06321169,11.22719911643149,Saved,Head,Open Play
Manchester United,Wayne Mark Rooney,103.7,31.6,0.0919612,18.337120820892245,Blocked,Left Foot,Open Play
Manchester United,Anthony Martial,110.7,40.0,0.11421252,9.299999999999997,Goal,Head,Open Play
Manchester United,Wayne Mark Rooney,101.9,36.6,0.051130693,18.416568627190024,Saved,Right Foot,Open Play
Manchester United,Anthony Martial,107.3,23.3,0.04492048,20.980467106334885,Wayward,Right Foot,Open Play
Manchester United,Ashley Young,108.1,53.9,0.05510547,18.298087331740444,Blocked,Left Foot,Open Play
Manchester United,Ander Herrera Agüera,102.4,51.3,0.061497577,20.91530540059121,Off T,Right Foot,Open Play
Swansea City,André Ayew Pelé,108.5,42.4,0.13094056,11.747765745025731,Post,Head,Open Play
Manchester United,Juan Manuel Mata García,106.2,58.0,0.01500557,22.68126980572296,Off T,Left Foot,Open Play
Manchester United,Anthony Martial,113.3,28.7,0.11207795,13.136970731489054,Off T,Right Foot,Open Play
Swansea City,Gylfi Þór Sigurðsson,111.4,44.5,0.056862827,9.70618359603814,Goal,Head,Open Play
Swansea City,Gylfi Þór Sigurðsson,104.9,45.2,0.10001442,15.97028490666337,Blocked,Left Foot,Open Play
Manchester United,Wayne Mark Rooney,90.3,35.3,0.020794287,30.069585963228697,Blocked,Right Foot,Open Play
Manchester United,Wayne Mark Rooney,115.6,35.3,0.22642188,6.438167441127955,Goal,Left Foot,Open Play
Swansea City,Modou Barrow,105.8,56.2,0.04476258,21.542516101885596,Saved,Left Foot,Open Play
Swansea City,Ashley Williams,101.1,34.8,0.035232168,19.602295783912666,Saved,Right Foot,Open Play
Swansea City,Łukasz Fabiański,111.8,40.7,0.10419701,8.229823813423959,Off T,Head,Open Play
Southampton,Sadio Mané,99.1,50.5,0.06955543,23.38931379925457,Saved,Left Foot,Open Play
Southampton,Sadio Mané,96.3,43.5,0.054033466,23.957044892891112,Off T,Left Foot,Open Play
Southampton,José Miguel da Rocha Fonte,114.7,50.1,0.04829349,11.406138698087096,Off T,Head,Open Play
Southampton,Shane Long,99.7,57.5,0.024292402,26.801865606707306,Off T,Right Foot,Open Play
Manchester City,Raheem Sterling,109.7,36.1,0.31483424,11.01362792180669,Saved,Right Foot,Open Play
Southampton,Shane Long,113.9,44.8,0.19021542,7.762087348130006,Goal,Right Foot,Open Play
Southampton,Sadio Mané,108.5,52.4,0.15010636,16.911830178901393,Goal,Right Foot,Open Play
Southampton,Steven Davis,94.0,38.3,0.05168198,26.055517649818434,Off T,Right Foot,Open Play
Manchester City,Fabian Delph,94.9,28.3,0.02908185,27.69295939404093,Saved,Right Foot,Open Play
Southampton,Jordy Clasie,103.8,47.9,0.068528876,18.023595645708436,Blocked,Right Foot,Open Play
Southampton,José Miguel da Rocha Fonte,114.7,34.8,0.1267407,7.424957912338629,Off T,Head,Open Play
Manchester City,Kelechi Promise Iheanacho,112.9,39.7,0.19456267,7.106335201775941,Goal,Head,Open Play
Manchester City,Kelechi Promise Iheanacho,103.2,41.5,0.11583721,16.866831356244713,Saved,Left Foot,Open Play
Southampton,Virgil van Dijk,114.6,36.4,0.10815141,6.489992295835186,Saved to Post,Head,Open Play
Southampton,José Miguel da Rocha Fonte,118.5,39.7,0.8925031,1.5297058540778348,Wayward,Head,Open Play
Southampton,Sadio Mané,119.0,42.6,0.8089487,2.7856776554368254,Goal,Left Foot,Open Play
Southampton,Virgil van Dijk,110.5,38.2,0.066159695,9.669022701390249,Saved,Right Foot,Open Play
Southampton,Sadio Mané,106.8,47.9,0.33071893,15.383432646844463,Goal,Right Foot,Open Play
Manchester City,Jesús Navas González,104.2,54.6,0.038918298,21.51278689523977,Off T,Right Foot,Open Play
Manchester City,Kelechi Promise Iheanacho,101.8,51.8,0.06262724,21.69055093813894,Goal,Left Foot,Open Play
Southampton,James Ward-Prowse,94.7,48.4,0.04392011,26.65801943130809,Blocked,Right Foot,Open Play
Stoke City,Marko Arnautović,112.8,27.1,0.048812453,14.773286702694158,Blocked,Right Foot,Open Play
Stoke City,Jonathan Walters,113.0,34.8,0.0701217,8.720091742636658,Off T,Head,Open Play
Stoke City,Xherdan Shaqiri,91.9,51.3,0.03782644,30.28696089078598,Off T,Left Foot,Free Kick
Aston Villa,Carles Gil de Pareja Vicent,88.9,38.0,0.022711385,31.164242329952444,Off T,Left Foot,Open Play
Stoke City,Geoff Cameron,111.1,34.6,0.07676973,10.410091258005382,Off T,Right Foot,Open Play
Aston Villa,Ashley Westwood,87.5,39.1,0.016162705,32.51245915030113,Off T,Right Foot,Open Play
Aston Villa,Jordan Veretout,103.0,47.6,0.045351148,18.62149295840696,Off T,Right Foot,Open Play
Stoke City,Ibrahim Afellay,100.3,44.9,0.06274323,20.300246303924492,Blocked,Left Foot,Open Play
Stoke City,Marko Arnautović,107.7,39.9,0.7835,12.30040649734796,Goal,Right Foot,Penalty
Stoke City,Marko Arnautović,118.1,42.3,0.6333187,2.983286778035261,Goal,Other,Open Play
Stoke City,Marko Arnautović,118.0,39.6,0.8104217,2.0396078054371136,Off T,Right Foot,Open Play
Stoke City,Gilbert Gianelli Imbula Wanga,112.1,49.8,0.0383794,12.587692401707313,Wayward,Head,Open Play
Stoke City,Gilbert Gianelli Imbula Wanga,93.6,54.0,0.021848088,29.882436312991622,Off T,Left Foot,Open Play
Stoke City,Phil Bardsley,87.2,52.0,0.0065123877,34.92620792470892,Saved,Right Foot,Open Play
Aston Villa,Leandro Bacuna,105.9,51.9,0.066349626,18.45047424864737,Goal,Right Foot,Open Play
Aston Villa,Rudy Gestede,106.7,39.8,0.032031756,13.301503674397114,Off T,Head,Open Play
Manchester City,Sergio Leonel Agüero del Castillo,111.3,43.9,0.18959886,9.534149149242424,Blocked,Right Foot,Open Play
Chelsea,Pedro Eliezer Rodríguez Ledesma,102.5,30.0,0.085660055,20.155644370746373,Blocked,Left Foot,Open Play
Manchester City,Kevin De Bruyne,103.7,54.8,0.05154953,22.01658465793457,Saved,Right Foot,Open Play
Chelsea,Diego da Silva Costa,99.8,54.4,0.02988016,24.807257002740148,Blocked,Right Foot,Open Play
Chelsea,Ruben Loftus-Cheek,110.1,23.4,0.022765106,19.327959023135374,Saved,Left Foot,Open Play
Chelsea,Gary Cahill,108.4,43.6,0.06585347,12.145781160551175,Blocked,Right Foot,Open Play
Manchester City,Kevin De Bruyne,102.6,34.1,0.14674002,18.37307813078691,Saved,Left Foot,Open Play
Manchester City,Samir Nasri,105.1,45.7,0.40350288,15.953056133543823,Saved,Right Foot,Open Play
Chelsea,Pedro Eliezer Rodríguez Ledesma,110.0,29.0,0.04743042,14.866068747318506,Blocked,Left Foot,Open Play
Manchester City,Sergio Leonel Agüero del Castillo,98.7,40.3,0.061696727,21.302112571292074,Goal,Right Foot,Open Play
Manchester City,Aleksandar Kolarov,112.7,30.9,0.0836586,11.666190466471907,Wayward,Left Foot,Open Play
Chelsea,Willian Borges da Silva,95.6,50.8,0.061127614,26.683328128252672,Off T,Right Foot,Free Kick
Chelsea,Ruben Loftus-Cheek,113.7,38.3,0.38953182,6.525335240430178,Wayward,Right Foot,Open Play
Chelsea,Ruben Loftus-Cheek,98.1,46.0,0.07785809,22.707047364199518,Off T,Right Foot,Open Play
Manchester City,Sergio Leonel Agüero del Castillo,107.3,51.4,0.22483937,17.066048165876015,Goal,Right Foot,Open Play
Manchester City,Samir Nasri,109.4,28.7,0.04984486,15.49354704385022,Blocked,Right Foot,Open Play
Manchester City,Gnégnéri Yaya Touré,97.2,24.3,0.043295234,27.682666056577713,Blocked,Right Foot,Free Kick
Manchester City,Samir Nasri,111.5,28.6,0.21703854,14.220056258679147,Saved,Right Foot,Open Play
Chelsea,Robert Kenedy Nunes do Nascimento,100.3,45.1,0.06355228,20.349447166937978,Blocked,Right Foot,Open Play
Manchester City,Sergio Leonel Agüero del Castillo,108.3,39.9,0.7835,11.700427342623007,Goal,Right Foot,Penalty
Chelsea,Bertrand Isidore Traoré,92.6,42.3,0.030078294,27.49636339591111,Saved,Left Foot,Open Play
Chelsea,Francesc Fàbregas i Soler,93.0,48.4,0.0327974,28.276492003075628,Saved,Right Foot,Open Play
Manchester City,Kevin De Bruyne,97.7,49.3,0.07073928,24.161539686038218,Off T,Right Foot,Open Play
Chelsea,Diego da Silva Costa,100.4,28.8,0.07861998,22.574321695235934,Saved,Right Foot,Open Play
Swansea City,Gylfi Þór Sigurðsson,110.6,43.2,0.36295095,9.929753269845135,Saved,Right Foot,Open Play
Tottenham Hotspur,Erik Lamela,112.6,35.2,0.148236,8.820430828479981,Off T,Left Foot,Open Play
Tottenham Hotspur,Kyle Walker,104.9,51.5,0.05135897,18.980516325959098,Blocked,Left Foot,Open Play
Tottenham Hotspur,Harry Kane,117.3,45.2,0.318764,5.859180830116105,Saved,Right Foot,Open Play
Swansea City,André Ayew Pelé,113.8,38.3,0.11402243,6.428841264178176,Blocked,Head,Open Play
Swansea City,Àngel Rangel Zaragoza,97.7,52.2,0.035569105,25.419087316424243,Blocked,Right Foot,Open Play
Swansea City,Alberto Paloschi,114.0,42.7,0.5129962,6.579513659838394,Goal,Right Foot,Open Play
Tottenham Hotspur,Eric Dier,112.6,47.1,0.07157667,10.25524256173398,Off T,Head,Open Play
Tottenham Hotspur,Christian Dannemann Eriksen,96.0,24.1,0.036596943,28.78906042232014,Saved,Right Foot,Free Kick
Tottenham Hotspur,Erik Lamela,108.8,48.6,0.0733537,14.120906486483086,Saved,Right Foot,Open Play
Tottenham Hotspur,Harry Kane,105.8,54.1,0.05007326,20.011246837716037,Saved,Left Foot,Open Play
Tottenham Hotspur,Heung-Min Son,104.8,29.2,0.16614231,18.646179233290667,Saved,Left Foot,Open Play
Swansea City,Gylfi Þór Sigurðsson,88.6,37.6,0.030036034,31.49158617789838,Off T,Right Foot,Free Kick
Swansea City,Alberto Paloschi,108.8,46.2,0.16960324,12.801562404644212,Blocked,Right Foot,Open Play
Tottenham Hotspur,Harry Kane,106.0,38.6,0.20548455,14.069825869569247,Wayward,Right Foot,Open Play
Tottenham Hotspur,Eric Dier,111.8,41.6,0.50330645,8.354639429682173,Saved,Right Foot,Open Play
Tottenham Hotspur,Harry Kane,116.2,34.5,0.2730165,6.685057965343305,Off T,Left Foot,Open Play
Tottenham Hotspur,Bamidele Alli,98.5,30.6,0.054012455,23.465080438813757,Saved,Left Foot,Open Play
Tottenham Hotspur,Christian Dannemann Eriksen,96.6,21.7,0.010923333,29.706059987820673,Saved,Right Foot,Free Kick
Tottenham Hotspur,Harry Kane,93.3,58.9,0.008413471,32.71238297648155,Saved,Right Foot,Open Play
Tottenham Hotspur,Harry Kane,116.8,31.0,0.06927359,9.551963149007644,Saved,Head,Open Play
Tottenham Hotspur,Bamidele Alli,100.6,26.5,0.034279257,23.634931774811626,Blocked,Right Foot,Open Play
Tottenham Hotspur,Christian Dannemann Eriksen,98.3,26.5,0.058414232,25.556603843233948,Off T,Right Foot,Free Kick
Tottenham Hotspur,Christian Dannemann Eriksen,93.6,40.4,0.041973222,26.403030129134805,Saved,Right Foot,Open Play
Tottenham Hotspur,Eric Dier,94.5,51.3,0.022862649,27.891575789115965,Off T,Right Foot,Open Play
Tottenham Hotspur,Nacer Chadli,110.0,46.5,0.08554505,11.926860441876563,Blocked,Left Foot,Open Play
Tottenham Hotspur,Bamidele Alli,88.7,34.9,0.02119957,31.712773451718157,Blocked,Right Foot,Open Play
Tottenham Hotspur,Danny Rose,93.8,32.5,0.02432959,27.252339349127446,Blocked,Left Foot,Open Play
Tottenham Hotspur,Christian Dannemann Eriksen,97.3,30.6,0.025229821,24.56928977402481,Off T,Right Foot,Open Play
Tottenham Hotspur,Danny Rose,83.8,15.9,0.005456042,43.488504228129074,Saved,Left Foot,Open Play
Tottenham Hotspur,Kyle Walker,105.4,53.4,0.044634204,19.817164277464116,Wayward,Right Foot,Open Play
Tottenham Hotspur,Nacer Chadli,113.0,38.5,0.23883265,7.158910531638177,Goal,Left Foot,Open Play
Swansea City,André Ayew Pelé,102.7,53.9,0.023558669,22.192341021172144,Blocked,Left Foot,Open Play
Swansea City,Jack Frank Porteous Cork,98.3,34.4,0.042653598,22.410934831014973,Wayward,Left Foot,Open Play
Tottenham Hotspur,Christian Dannemann Eriksen,87.3,55.3,0.0060755266,36.10235449385539,Saved,Right Foot,Open Play
Tottenham Hotspur,Bamidele Alli,107.1,27.7,0.07075443,17.824140933015542,Blocked,Right Foot,Open Play
Tottenham Hotspur,Nacer Chadli,112.7,42.2,0.2778234,7.624303246854756,Off T,Left Foot,Open Play
Tottenham Hotspur,Harry Kane,112.0,41.2,0.09066761,8.089499366462675,Wayward,Head,Open Play
Tottenham Hotspur,Danny Rose,103.1,33.0,0.046572473,18.292348127017487,Goal,Left Foot,Open Play
Swansea City,Alberto Paloschi,115.5,52.1,0.033934567,12.90968628588627,Saved,Right Foot,Open Play
Swansea City,André Ayew Pelé,96.6,55.8,0.02260364,28.234730386529286,Saved,Left Foot,Open Play
Tottenham Hotspur,Nacer Chadli,85.9,26.8,0.0057664188,36.56569430490825,Off T,Right Foot,Open Play
Tottenham Hotspur,Ryan Mason,98.4,38.4,0.036140226,21.65917819308941,Off T,Right Foot,Open Play
Swansea City,Gylfi Þór Sigurðsson,89.6,50.2,0.027064458,32.065557846387144,Blocked,Right Foot,Free Kick
Tottenham Hotspur,Josh Onomah,103.0,32.3,0.041418668,18.662529303392937,Off T,Right Foot,Open Play
Crystal Palace,Yohan Cabaye,107.2,60.4,0.009765535,24.083189157584588,Off T,Right Foot,Open Play
Crystal Palace,Mile Jedinak,107.0,40.1,0.046267677,13.000384609695207,Off T,Head,Open Play
Crystal Palace,Yohan Cabaye,87.7,40.1,0.029067177,32.30015479839067,Off T,Right Foot,Open Play
Crystal Palace,Brede Hangeland,110.0,37.3,0.10085034,10.358088626768938,Saved,Head,Open Play
Swansea City,Bafétimbi Gomis,108.4,52.7,0.06168309,17.200290695217912,Blocked,Left Foot,Open Play
Crystal Palace,Scott Dann,109.0,35.3,0.04097202,11.962023240238251,Off T,Head,Open Play
Swansea City,Modou Barrow,96.7,52.5,0.028248161,26.44125564340695,Saved,Left Foot,Open Play
Swansea City,Matt Grimes,97.8,43.6,0.04053711,22.48999777678958,Blocked,Left Foot,Open Play
Crystal Palace,James McArthur,99.7,34.3,0.03132807,21.085065804972007,Blocked,Right Foot,Open Play
Crystal Palace,Patrick Bamford,107.1,40.3,0.23269138,12.903487900563945,Saved,Right Foot,Open Play
Crystal Palace,Jordon Mutch,93.5,32.6,0.029339792,27.5138147118861,Off T,Right Foot,Open Play
Crystal Palace,Yohan Cabaye,88.4,43.3,0.022949891,31.771842880135228,Blocked,Right Foot,Free Kick
Crystal Palace,Wilfried Zaha,110.6,27.9,0.10438086,15.322206107476827,Off T,Right Foot,Open Play
Swansea City,Gylfi Þór Sigurðsson,87.2,47.9,0.019421495,33.737960815674676,Saved,Left Foot,Open Play
Swansea City,Gylfi Þór Sigurðsson,90.3,38.5,0.036289774,29.737854663711033,Saved,Right Foot,Free Kick
Everton,José Ramiro Funes Mori,116.4,46.1,0.08506048,7.083078426785911,Goal,Head,Open Play
Aston Villa,Jordan Ayew,94.0,37.4,0.029584274,26.129676614914313,Blocked,Right Foot,Open Play
Aston Villa,Idrissa Gana Gueye,96.4,43.4,0.023254063,23.84365743756607,Blocked,Right Foot,Open Play
Aston Villa,Ashley Westwood,95.2,44.5,0.03836198,25.204959829366913,Saved,Right Foot,Open Play
Aston Villa,Micah Richards,104.5,36.6,0.03629089,15.868522300453813,Off T,Right Foot,Open Play
Aston Villa,Leandro Bacuna,99.1,22.2,0.021995788,27.452686571627197,Saved,Right Foot,Open Play
Everton,Aaron Lennon,109.2,37.1,0.19531968,11.182575731914358,Goal,Right Foot,Open Play
Aston Villa,Aly Cissokho,107.1,19.7,0.009244653,24.05202694161139,Saved,Right Foot,Open Play
Everton,Kevin Mirallas,111.7,24.1,0.016488716,17.93599732381782,Saved,Right Foot,Open Play
Everton,Bryan Oviedo,116.4,28.8,0.07743322,11.764352935882192,Blocked,Left Foot,Open Play
Everton,Romelu Lukaku Menama,108.9,41.2,0.08509804,11.164676439557033,Saved,Head,Open Play
Everton,Romelu Lukaku Menama,116.5,39.5,0.8469478,3.5355339059327378,Goal,Right Foot,Open Play
Aston Villa,Ashley Westwood,108.5,47.7,0.09388591,13.839797686382559,Blocked,Right Foot,Open Play
Aston Villa,Ashley Westwood,104.2,40.2,0.06295151,15.80126577208294,Off T,Right Foot,Open Play
Everton,Romelu Lukaku Menama,112.8,32.2,0.08939238,10.61508360777248,Off T,Left Foot,Open Play
Aston Villa,Idrissa Gana Gueye,95.0,46.2,0.022672527,25.75732905407702,Off T,Left Foot,Open Play
Aston Villa,Rudy Gestede,113.5,39.1,0.110444166,6.562011886609167,Goal,Head,Open Play
Aston Villa,Leandro Bacuna,97.9,24.4,0.024365293,27.05124766069025,Blocked,Left Foot,Open Play
Aston Villa,Rudy Gestede,103.9,55.0,0.018734373,22.004772209682148,Blocked,Right Foot,Open Play
Everton,Kevin Mirallas,107.3,32.2,0.10272287,14.904026301640776,Blocked,Right Foot,Open Play
Aston Villa,Jordan Ayew,100.2,44.0,0.051323984,20.2,Saved,Right Foot,Open Play
Aston Villa,Alan Hutton,112.6,42.2,0.085672334,7.720103626247519,Off T,Head,Open Play
Everton,James McCarthy,98.1,51.6,0.036950063,24.782453470146983,Blocked,Left Foot,Open Play
Everton,José Ramiro Funes Mori,114.1,36.3,0.335594,6.964194138592066,Saved,Left Foot,Open Play
West Ham United,Mark Noble,93.1,47.3,0.030330244,27.87292593180702,Saved,Right Foot,Open Play
West Ham United,Emmanuel Emenike,116.7,45.5,0.12349746,6.4140470843298285,Off T,Head,Open Play
Sunderland,Wahbi Khazri,96.0,63.0,0.008323914,33.24154027718932,Post,Right Foot,Free Kick
West Ham United,Michail Antonio,106.2,58.3,0.013405217,22.920078533896863,Goal,Left Foot,Open Play
Sunderland,Wahbi Khazri,63.5,37.5,0.004644519,56.555282688710875,Off T,Right Foot,Open Play
Sunderland,Jermain Defoe,98.0,33.5,0.021427596,22.940139493908923,Blocked,Right Foot,Open Play
West Ham United,Manuel Lanzini,94.5,37.6,0.032864507,25.61269216618979,Off T,Left Foot,Open Play
West Ham United,Michail Antonio,95.6,56.4,0.014629989,29.39931972002074,Saved,Left Foot,Open Play
Sunderland,Jermain Defoe,99.1,45.3,0.11757874,21.561539833694628,Off T,Left Foot,Open Play
Sunderland,Patrick van Aanholt,106.4,29.8,0.116945244,16.999999999999996,Off T,Left Foot,Open Play
Sunderland,Dame N''Doye,98.7,26.2,0.056776427,25.379716310471238,Blocked,Right Foot,Free Kick
Sunderland,Yann Gérard M''Vila,93.1,37.2,0.030051991,27.045332314467878,Off T,Right Foot,Open Play
West Ham United,Dimitri Payet,101.9,48.8,0.07832068,20.125854019146608,Off T,Right Foot,Open Play
West Ham United,Victor Moses,103.2,26.2,0.042186644,21.741205118392127,Saved Off Target,Right Foot,Open Play
Sunderland,Wahbi Khazri,99.2,29.2,0.07978171,23.4367233204644,Saved,Right Foot,Free Kick
Sunderland,Jack Rodwell,108.0,41.6,0.4175524,12.106196760337244,Saved,Left Foot,Open Play
West Ham United,Andy Carroll,114.9,37.6,0.4532167,5.636488268416775,Post,Right Foot,Open Play
Sunderland,Jack Rodwell,110.9,43.4,0.1081663,9.714422267947791,Blocked,Right Foot,Open Play
Sunderland,John O''Shea,116.1,50.0,0.043983135,10.733592129385206,Off T,Head,Open Play
Sunderland,Dame N''Doye,109.2,22.1,0.018101756,20.9057408383439,Saved,Right Foot,Open Play
Sunderland,Jack Rodwell,113.5,43.8,0.107285775,7.529276193632425,Saved,Head,Open Play
West Ham United,Dimitri Payet,99.8,34.3,0.07651186,20.98880654063018,Off T,Left Foot,Open Play
Tottenham Hotspur,Christian Dannemann Eriksen,96.7,21.0,0.010337393,30.0647634283059,Blocked,Right Foot,Open Play
Tottenham Hotspur,Christian Dannemann Eriksen,92.6,23.3,0.009005744,32.088159810123116,Saved,Right Foot,Free Kick
Tottenham Hotspur,Jan Vertonghen,112.7,38.7,0.1391504,7.414849964766647,Blocked,Left Foot,Open Play
Tottenham Hotspur,Toby Alderweireld,108.4,49.3,0.10466224,14.867750334196488,Off T,Right Foot,Open Play
Tottenham Hotspur,Harry Kane,111.1,48.7,0.071406186,12.445882853377665,Saved to Post,Right Foot,Open Play
Tottenham Hotspur,Christian Dannemann Eriksen,100.7,24.3,0.050144736,24.879308672067236,Post,Right Foot,Free Kick
Tottenham Hotspur,Toby Alderweireld,93.3,59.1,0.009410541,32.828341414089145,Blocked,Right Foot,Open Play
Tottenham Hotspur,Harry Kane,97.0,29.2,0.03199372,25.40944706206729,Saved,Right Foot,Open Play
Tottenham Hotspur,Eric Dier,117.1,34.4,0.15080604,6.306346010171029,Off T,Head,Open Play
West Bromwich Albion,Craig Gardner,104.1,45.3,0.073627844,16.760071598892416,Off T,Right Foot,Open Play
Tottenham Hotspur,Harry Kane,111.4,50.9,0.04788368,13.884163640637482,Blocked,Right Foot,Open Play
West Bromwich Albion,José Salomón Rondón Giménez,91.7,51.0,0.0110490015,30.36264151881387,Blocked,Right Foot,Open Play
West Bromwich Albion,Claudio Ariel Yacob,95.4,27.5,0.015857702,27.593658691808155,Blocked,Left Foot,Open Play
West Bromwich Albion,Claudio Ariel Yacob,99.6,57.4,0.016147949,26.812683565805198,Blocked,Right Foot,Open Play
West Bromwich Albion,Claudio Ariel Yacob,101.6,52.3,0.038150057,22.13255520720552,Blocked,Right Foot,Open Play
West Bromwich Albion,James McClean,101.1,55.6,0.013492581,24.506529742091193,Blocked,Left Foot,Open Play
West Bromwich Albion,Stéphane Sessègnon,89.2,52.1,0.015483217,33.09153970428091,Blocked,Right Foot,Open Play
West Bromwich Albion,Jonas Olsson,116.3,35.4,0.1612157,5.90338885725818,Off T,Head,Open Play
West Bromwich Albion,Craig Gardner,91.8,34.4,0.04842184,28.750652166516154,Saved,Right Foot,Free Kick
Tottenham Hotspur,Christian Dannemann Eriksen,111.6,20.1,0.00842032,21.600231480241135,Blocked,Right Foot,Open Play
Tottenham Hotspur,Erik Lamela,108.9,32.1,0.23053691,13.624243098242188,Post,Left Foot,Open Play
West Bromwich Albion,José Salomón Rondón Giménez,114.1,38.6,0.19226517,6.0638271743182175,Off T,Head,Open Play
Tottenham Hotspur,Christian Dannemann Eriksen,97.1,37.7,0.053620942,23.01521236052364,Off T,Right Foot,Open Play
West Bromwich Albion,Craig Dawson,102.6,56.6,0.017042896,24.048284762119735,Off T,Right Foot,Open Play
Tottenham Hotspur,Erik Lamela,105.1,33.9,0.08259969,16.10031055601103,Blocked,Left Foot,Open Play
Tottenham Hotspur,Mousa Sidi Yaya Dembélé,89.1,28.4,0.015301626,33.005605584506405,Off T,Left Foot,Open Play
Tottenham Hotspur,Harry Kane,91.8,26.0,0.017216036,31.4839641722576,Off T,Right Foot,Open Play
West Bromwich Albion,Craig Gardner,98.9,32.9,0.059711993,22.26252456483765,Blocked,Left Foot,Open Play
West Bromwich Albion,José Salomón Rondón Giménez,108.7,52.8,0.044545867,17.07424961747953,Saved,Right Foot,Open Play
West Bromwich Albion,Craig Dawson,114.8,41.4,0.10818191,5.385164807134506,Goal,Head,Open Play
Tottenham Hotspur,Christian Dannemann Eriksen,87.7,34.4,0.027807985,32.781854737034024,Off T,Right Foot,Free Kick
West Bromwich Albion,Stéphane Sessègnon,102.5,53.1,0.037692584,21.860009149128917,Off T,Left Foot,Open Play
West Bromwich Albion,Stéphane Sessègnon,110.1,54.5,0.05062045,17.557334649655683,Off T,Right Foot,Open Play
Tottenham Hotspur,Kyle Walker,105.4,56.3,0.029931623,21.882641522448786,Blocked,Right Foot,Open Play
Tottenham Hotspur,Christian Dannemann Eriksen,91.4,37.9,0.03191205,28.676994263695065,Off T,Left Foot,Open Play
Tottenham Hotspur,Harry Kane,108.7,53.8,0.04566687,17.836199146679203,Off T,Right Foot,Open Play
Newcastle United,Jack Colback,96.8,40.2,0.046130627,23.200862052949674,Blocked,Left Foot,Open Play
Newcastle United,Aleksandar Mitrović,110.4,40.2,0.115629025,9.602083107326239,Saved,Head,Open Play
Newcastle United,Aleksandar Mitrović,104.5,29.5,0.07572306,18.721645226849056,Blocked,Right Foot,Open Play
Newcastle United,Andros Townsend,94.9,35.1,0.04030117,25.573814733042855,Off T,Left Foot,Open Play
Newcastle United,Moussa Sissoko,97.1,22.0,0.009579714,29.127478435319464,Blocked,Right Foot,Open Play
Newcastle United,Aleksandar Mitrović,98.1,46.2,0.03937957,22.760711763914596,Blocked,Right Foot,Open Play
Newcastle United,Georginio Wijnaldum,108.6,36.3,0.06965216,11.985407794480759,Goal,Right Foot,Open Play
Tottenham Hotspur,Jan Vertonghen,98.0,42.5,0.048136957,22.14158982548453,Blocked,Right Foot,Open Play
Newcastle United,Jack Colback,111.5,59.2,0.008028006,20.997380789041287,Off T,Right Foot,Open Play
Newcastle United,Aleksandar Mitrović,98.7,35.3,0.056536254,21.81238180483736,Saved,Right Foot,Open Play
Tottenham Hotspur,Toby Alderweireld,92.5,56.4,0.008878553,32.01890066819909,Saved,Right Foot,Open Play
Newcastle United,Daryl Janmaat,95.8,57.5,0.01046716,29.86452745315084,Blocked,Right Foot,Open Play
Tottenham Hotspur,Kyle Walker,86.7,40.1,0.017231485,33.300150149811635,Off T,Right Foot,Open Play
Newcastle United,Aleksandar Mitrović,109.0,39.7,0.07935242,11.00409014866745,Goal,Head,Open Play
Tottenham Hotspur,Christian Dannemann Eriksen,115.3,52.0,0.062767506,12.88759093081403,Saved,Right Foot,Open Play
Tottenham Hotspur,Eric Dier,101.1,41.6,0.06224052,18.96760396043739,Blocked,Right Foot,Open Play
Tottenham Hotspur,Christian Dannemann Eriksen,97.7,34.2,0.07805993,23.04191832291747,Blocked,Right Foot,Free Kick
Tottenham Hotspur,Erik Lamela,107.1,34.5,0.13770917,14.023551618616453,Saved,Right Foot,Open Play
Tottenham Hotspur,Erik Lamela,114.8,23.8,0.014149173,17.014111789923092,Goal,Left Foot,Open Play
Newcastle United,Aleksandar Mitrović,107.1,22.3,0.018111834,21.90205469813278,Blocked,Left Foot,Open Play
Tottenham Hotspur,Josh Onomah,107.6,51.8,0.10796983,17.11724276862369,Saved,Left Foot,Open Play
Tottenham Hotspur,Christian Dannemann Eriksen,92.5,39.4,0.033257212,27.50654467576762,Off T,Right Foot,Open Play
Newcastle United,Georginio Wijnaldum,108.0,40.0,0.7835,12.0,Goal,Right Foot,Penalty
Tottenham Hotspur,Harry Kane,99.1,28.9,0.034444682,23.664741705752892,Blocked,Right Foot,Open Play
Tottenham Hotspur,Tom Carroll,98.8,25.6,0.03288187,25.628109567426154,Off T,Left Foot,Open Play
Newcastle United,Moussa Sissoko,100.5,23.9,0.026060479,25.287546342023777,Saved,Right Foot,Open Play
Newcastle United,Andros Townsend,105.5,47.0,0.16833536,16.101242188104617,Saved,Left Foot,Open Play
Newcastle United,Moussa Sissoko,100.0,45.7,0.047292795,20.79639391817726,Off T,Left Foot,Open Play
Newcastle United,Moussa Sissoko,102.1,40.6,0.27993307,17.9100530429142,Saved,Right Foot,Open Play
Newcastle United,Andros Townsend,108.4,22.5,0.011853751,20.9954757031128,Post,Right Foot,Open Play
Newcastle United,Rolando Aarons,115.5,30.9,0.06907039,10.151847122568386,Goal,Left Foot,Open Play
Newcastle United,Daryl Janmaat,111.9,52.2,0.123548135,14.644111444536332,Goal,Right Foot,Open Play
Tottenham Hotspur,Harry Kane,100.0,37.4,0.03478626,20.16829194552677,Blocked,Left Foot,Open Play
Tottenham Hotspur,Harry Kane,112.6,29.7,0.090332195,12.682665335015354,Post,Right Foot,Open Play
AFC Bournemouth,Matt Ritchie,111.4,54.5,0.04640351,16.858528998699736,Saved,Right Foot,Open Play
AFC Bournemouth,Joshua King,114.0,44.6,0.11075141,7.56042326857432,Blocked,Right Foot,Open Play
Southampton,Charlie Austin,110.4,45.2,0.12493382,10.917875251164942,Off T,Right Foot,Open Play
Southampton,Virgil van Dijk,84.9,54.5,0.0062765433,37.977098362039186,Blocked,Right Foot,Open Play
AFC Bournemouth,Joshua King,100.6,32.7,0.036409307,20.728000385951372,Blocked,Right Foot,Open Play
Southampton,Sadio Mané,113.1,27.9,0.12473906,13.929106216839617,Off T,Left Foot,Open Play
Southampton,Shane Long,109.8,34.1,0.039083835,11.783462988442746,Blocked,Head,Open Play
AFC Bournemouth,Matt Ritchie,97.2,41.8,0.04303623,22.8709422630551,Blocked,Left Foot,Open Play
AFC Bournemouth,Matt Ritchie,111.9,63.5,0.0063906065,24.85678981686895,Saved,Left Foot,Free Kick
AFC Bournemouth,Steve Cook,114.6,37.4,0.23967046,5.993329625508684,Goal,Right Foot,Open Play
AFC Bournemouth,Max-Alain Gradel,97.0,30.3,0.03298586,24.961770770520268,Off T,Right Foot,Open Play
Southampton,Graziano Pellè,88.2,46.9,0.02407298,32.539975414864706,Off T,Right Foot,Open Play
AFC Bournemouth,Benik Afobe,114.8,42.6,0.1559692,5.813776741499456,Goal,Head,Open Play
AFC Bournemouth,Lewis Grabban,95.1,28.5,0.020507013,27.42735860413832,Saved,Right Foot,Open Play
Southampton,Sadio Mané,112.9,49.4,0.2133037,11.780067911519012,Saved,Right Foot,Open Play
AFC Bournemouth,Dan Gosling,93.9,48.6,0.017482353,27.480356620684525,Off T,Right Foot,Open Play
Newcastle United,Ayoze Pérez Gutiérrez,105.3,29.5,0.12303992,18.06488306078952,Saved,Right Foot,Open Play
Newcastle United,Ayoze Pérez Gutiérrez,97.5,42.6,0.07557898,22.649724060129298,Goal,Right Foot,Open Play
Newcastle United,Aleksandar Mitrović,101.3,14.3,0.007577704,31.783328963467625,Saved,Right Foot,Open Play
West Ham United,Mark Noble,99.4,45.2,0.043477137,21.246176126540977,Off T,Right Foot,Open Play
Newcastle United,Georginio Wijnaldum,113.0,39.8,0.6528431,7.002856560004639,Goal,Right Foot,Open Play
Newcastle United,Aleksandar Mitrović,106.1,38.1,0.34776527,14.029255147726131,Saved,Left Foot,Open Play
West Ham United,Enner Remberto Valencia Lastra,113.7,36.9,0.1609933,7.021395872616781,Off T,Head,Open Play
Newcastle United,Paul Dummett,110.4,26.3,0.053372603,16.728717822953435,Blocked,Left Foot,Open Play
Newcastle United,Moussa Sissoko,108.5,45.5,0.12963128,12.747548783981962,Blocked,Right Foot,Open Play
Newcastle United,Moussa Sissoko,110.6,41.9,0.09088661,9.590099061010793,Blocked,Right Foot,Open Play
West Ham United,Cheikhou Kouyaté,111.6,44.9,0.24338673,9.724710792614868,Off T,Other,Open Play
West Ham United,Cheikhou Kouyaté,105.3,46.2,0.13662024,15.953996364547665,Saved,Right Foot,Open Play
West Ham United,Pedro Mba Obiang Avomo,92.4,24.5,0.01159792,31.654541538300624,Blocked,Right Foot,Open Play
West Ham United,Michail Antonio,101.4,56.9,0.032993965,25.131056483960233,Off T,Left Foot,Open Play
Newcastle United,Georginio Wijnaldum,103.7,44.4,0.1170625,16.883423823383687,Off T,Right Foot,Open Play
West Ham United,Nikica Jelavić,115.2,31.7,0.7133282,9.588013350011565,Goal,Left Foot,Open Play
Newcastle United,Georginio Wijnaldum,98.9,21.2,0.009459445,28.260396317107794,Off T,Right Foot,Open Play
Newcastle United,Aleksandar Mitrović,105.4,42.8,0.11284583,14.866068747318499,Saved Off Target,Left Foot,Open Play
Newcastle United,Jonjo Shelvey,93.2,45.9,0.030745652,27.44175650354765,Blocked,Left Foot,Open Play
Newcastle United,Aleksandar Mitrović,108.8,52.4,0.10155209,16.70927885936434,Saved,Right Foot,Open Play
Newcastle United,Georginio Wijnaldum,97.9,39.3,0.04109978,22.11108319372888,Blocked,Right Foot,Open Play
West Ham United,Aaron Cresswell,106.0,22.9,0.023728952,22.1,Blocked,Left Foot,Open Play
Newcastle United,Aleksandar Mitrović,108.0,30.5,0.2223208,15.305227865013967,Saved,Right Foot,Open Play
Newcastle United,Jonjo Shelvey,87.8,43.8,0.02730137,32.42344830520036,Saved,Right Foot,Open Play
Newcastle United,Jonjo Shelvey,87.4,33.1,0.022990294,33.32221481234402,Off T,Right Foot,Open Play
West Ham United,Cheikhou Kouyaté,115.8,43.1,0.17353116,5.220153254455279,Saved,Head,Open Play
Newcastle United,Aleksandar Mitrović,102.9,43.7,0.06233877,17.49571376080438,Blocked,Right Foot,Open Play
Newcastle United,Moussa Sissoko,105.7,55.0,0.06303599,20.724140512938042,Off T,Right Foot,Open Play
West Ham United,Nikica Jelavić,100.2,26.9,0.035019748,23.741314201197877,Off T,Right Foot,Open Play
Newcastle United,Jack Colback,90.6,26.3,0.016328543,32.435320254315364,Blocked,Left Foot,Open Play
Newcastle United,Aleksandar Mitrović,115.5,25.0,0.017597562,15.660459763365825,Saved,Right Foot,Open Play
Newcastle United,Jonjo Shelvey,92.8,32.2,0.031665113,28.29628950940388,Off T,Right Foot,Open Play
Newcastle United,Yoan Gouffran,99.2,23.6,0.024741713,26.487733009829284,Saved,Right Foot,Open Play
West Bromwich Albion,Darren Fletcher,111.9,35.8,0.058354273,9.124143795447326,Saved,Head,Open Play
Swansea City,Àngel Rangel Zaragoza,93.2,59.2,0.009200764,32.96786313973049,Off T,Right Foot,Open Play
Swansea City,André Ayew Pelé,98.3,54.0,0.020708965,25.824213443975406,Blocked,Left Foot,Open Play
West Bromwich Albion,Darren Fletcher,106.1,48.1,0.0436771,16.087883639559312,Off T,Head,Open Play
Swansea City,Gylfi Þór Sigurðsson,82.2,57.4,0.006088888,41.61249812255928,Saved,Left Foot,Open Play
Swansea City,Ashley Williams,115.8,39.8,0.14042848,4.204759208325731,Off T,Head,Open Play
Swansea City,André Ayew Pelé,102.9,27.8,0.09681095,21.005951537599998,Off T,Left Foot,Open Play
West Bromwich Albion,Craig Dawson,111.3,41.3,0.34138894,8.796590248499703,Off T,Head,Open Play
West Bromwich Albion,José Salomón Rondón Giménez,111.7,38.7,0.11517928,8.401190391843286,Off T,Head,Open Play
West Bromwich Albion,Stéphane Sessègnon,104.5,42.2,0.031176984,15.655350523063992,Wayward,Right Foot,Open Play
West Bromwich Albion,Darren Fletcher,111.3,34.9,0.25011426,10.08464178838297,Off T,Right Foot,Open Play
Swansea City,Alberto Paloschi,109.7,47.5,0.23442024,12.741271522104846,Saved,Right Foot,Open Play
West Bromwich Albion,Stéphane Sessègnon,108.6,17.2,0.008694653,25.491174943497604,Saved,Right Foot,Free Kick
Swansea City,André Ayew Pelé,113.3,29.5,0.08422379,12.455520864259352,Wayward,Left Foot,Open Play
West Bromwich Albion,Darren Fletcher,111.9,42.9,0.08384137,8.60348766489497,Off T,Head,Open Play
West Bromwich Albion,Stéphane Sessègnon,96.6,50.5,0.023652857,25.647806923789805,Saved,Right Foot,Open Play
Swansea City,Gylfi Þór Sigurðsson,108.5,27.1,0.08081106,17.281782315490492,Off T,Left Foot,Open Play
West Bromwich Albion,Darren Fletcher,105.9,34.9,0.041613404,14.993998799519755,Blocked,Left Foot,Open Play
Swansea City,Alberto Paloschi,109.0,38.1,0.061024178,11.16288493177279,Blocked,Right Foot,Open Play
Swansea City,Gylfi Þór Sigurðsson,104.5,51.3,0.09480399,19.181762171396034,Goal,Right Foot,Open Play
Swansea City,Jack Frank Porteous Cork,99.7,51.3,0.03980786,23.233165948703586,Blocked,Right Foot,Open Play
Swansea City,Ashley Williams,109.7,39.0,0.054201037,10.348429832588128,Saved,Head,Open Play
West Bromwich Albion,José Salomón Rondón Giménez,105.8,43.9,0.03386662,14.725827650763812,Off T,Head,Open Play
Swansea City,André Ayew Pelé,100.8,28.2,0.039771523,22.536193112413642,Blocked,Left Foot,Open Play
Swansea City,Gylfi Þór Sigurðsson,96.6,26.5,0.018953351,27.01499583564655,Blocked,Left Foot,Open Play
Swansea City,Àngel Rangel Zaragoza,87.6,31.0,0.014282766,33.62677504608494,Off T,Right Foot,Open Play
West Bromwich Albion,Victor Chinedu Anichebe,108.9,55.9,0.037125155,19.39123513343077,Saved,Right Foot,Open Play
Swansea City,Gylfi Þór Sigurðsson,97.1,48.4,0.04562843,24.392006887503133,Off T,Left Foot,Open Play
Swansea City,Alberto Paloschi,117.0,36.0,0.43057993,5.0,Post,Left Foot,Open Play
Swansea City,Jack Frank Porteous Cork,93.7,33.9,0.02461757,26.99814808463721,Off T,Right Foot,Open Play
West Bromwich Albion,Victor Chinedu Anichebe,98.1,50.8,0.029911207,24.418230894149563,Saved,Right Foot,Open Play
West Bromwich Albion,Saido Berahino,91.3,41.4,0.028352361,28.73412605248331,Off T,Left Foot,Open Play
West Bromwich Albion,Craig Dawson,109.8,49.4,0.14670667,13.870832707519762,Blocked,Right Foot,Open Play
West Bromwich Albion,Victor Chinedu Anichebe,111.5,41.2,0.10681049,8.584287972802404,Blocked,Head,Open Play
West Bromwich Albion,Darren Fletcher,115.5,35.7,0.3017236,6.2241465278381725,Blocked,Right Foot,Open Play
West Bromwich Albion,José Salomón Rondón Giménez,117.8,43.1,0.50976783,3.8013155617496452,Goal,Right Foot,Open Play
Leicester City,Shinji Okazaki,105.6,30.7,0.029108284,17.142053552593985,Saved,Head,Open Play
Leicester City,Jamie Vardy,108.4,32.9,0.057608653,13.600367642089676,Saved,Left Foot,Open Play
Leicester City,Riyad Mahrez,112.1,38.7,0.16984163,8.006247560499244,Off T,Left Foot,Open Play
Leicester City,N''Golo Kanté,87.4,48.2,0.017167004,33.61547262794321,Off T,Right Foot,Open Play
Leicester City,Shinji Okazaki,103.0,31.1,0.08883686,19.18879881597595,Off T,Right Foot,Open Play
Leicester City,Danny Drinkwater,98.8,33.6,0.026239242,22.144976857066258,Goal,Right Foot,Open Play
Leicester City,Shinji Okazaki,108.1,31.3,0.12298644,14.741099009232661,Blocked,Right Foot,Open Play
Stoke City,José Luis Sanmartín Mato,110.8,41.6,0.119682506,9.338094023943006,Saved,Head,Open Play
Leicester City,José Leonardo Ulloa,106.6,53.1,0.061991993,18.739530410338467,Off T,Right Foot,Open Play
Leicester City,Jamie Vardy,115.6,51.3,0.28052744,12.126417442921879,Goal,Right Foot,Open Play
Stoke City,Glenn Whelan,90.8,36.2,0.014470181,29.4462221685567,Blocked,Right Foot,Open Play
Stoke City,Ibrahim Afellay,91.4,38.6,0.017792402,28.63424523188973,Saved,Right Foot,Open Play
Leicester City,Jamie Vardy,105.5,39.3,0.10987725,14.516886718577094,Blocked,Left Foot,Open Play
Leicester City,Robert Huth,99.9,30.6,0.08067413,22.189411889457542,Off T,Right Foot,Free Kick
Leicester City,Marc Albrighton,90.3,33.0,0.016794566,30.51376738457577,Off T,Right Foot,Open Play
Leicester City,Riyad Mahrez,110.5,51.4,0.0805255,14.839474384222642,Wayward,Left Foot,Open Play
Leicester City,José Leonardo Ulloa,113.5,42.8,0.7324569,7.077428911688197,Goal,Right Foot,Open Play
Watford,Odion Jude Ighalo,75.5,46.9,0.0071744667,45.03176656539248,Off T,Right Foot,Open Play
Watford,Almen Abdi,105.4,45.1,0.12999302,15.465122049308238,Off T,Left Foot,Open Play
Liverpool,Philippe Coutinho Correia,109.2,26.3,0.04793271,17.44505660638566,Blocked,Right Foot,Open Play
Liverpool,Martin Škrtel,110.7,44.4,0.05194714,10.288342918079662,Off T,Right Foot,Open Play
Liverpool,Alberto Moreno Pérez,95.0,30.7,0.033510853,26.67376988728815,Off T,Left Foot,Open Play
Watford,Ikechi Anya,109.7,24.6,0.045801688,18.5270073136489,Off T,Left Foot,Open Play
Liverpool,Christian Benteke Liolo,108.5,50.8,0.025909003,15.77624796965362,Off T,Head,Open Play
Watford,Sebastian Prödl,112.4,39.2,0.08600042,7.641989269817114,Blocked,Head,Open Play
Watford,Almen Abdi,102.8,49.9,0.038150314,19.845654436173177,Blocked,Right Foot,Open Play
Liverpool,Christian Benteke Liolo,97.9,33.5,0.07546515,23.03605869067015,Blocked,Right Foot,Free Kick
Liverpool,Christian Benteke Liolo,96.4,33.5,0.024205869,24.478766308782795,Blocked,Right Foot,Open Play
Liverpool,Joe Allen,108.0,40.3,0.6046746,12.003749414245535,Goal,Right Foot,Open Play
Watford,Odion Jude Ighalo,116.4,34.4,0.13679409,6.657326790837294,Off T,Head,Open Play
Watford,Ben Watson,105.5,52.7,0.044709172,19.2753728887407,Blocked,Right Foot,Open Play
Liverpool,Philippe Coutinho Correia,83.8,17.2,0.0055450033,42.781771819315765,Saved Off Target,Right Foot,Open Play
Liverpool,Philippe Coutinho Correia,96.7,38.8,0.07278659,23.330880823492283,Blocked,Right Foot,Open Play
Liverpool,Philippe Coutinho Correia,110.4,38.6,0.4893451,9.701546268507917,Off T,Left Foot,Open Play
Liverpool,Philippe Coutinho Correia,105.5,31.9,0.053962566,16.60903368652132,Saved,Right Foot,Open Play
Watford,Odion Jude Ighalo,104.1,42.3,0.22180255,16.06549096666517,Saved,Right Foot,Open Play
Watford,Adlène Guédioura,92.4,23.8,0.009915449,32.003124847427,Off T,Right Foot,Open Play
Liverpool,Roberto Firmino Barbosa de Oliveira,105.4,58.2,0.013506476,23.332380932943813,Saved,Left Foot,Open Play
Watford,Almen Abdi,99.4,33.8,0.088781305,21.512786895239767,Off T,Right Foot,Free Kick
Watford,Steven Berghuis,102.9,54.6,0.05802372,22.48488381112964,Saved,Left Foot,Open Play
Liverpool,Roberto Firmino Barbosa de Oliveira,101.3,47.1,0.094673306,20.00249984376953,Goal,Right Foot,Open Play
Watford,Odion Jude Ighalo,111.1,53.3,0.08696651,16.00312469488381,Saved,Right Foot,Open Play
Watford,Miguel Ángel Britos Cabrera,113.9,36.8,0.11685121,6.888396039717805,Off T,Head,Open Play
Watford,Odion Jude Ighalo,111.3,41.4,0.18206133,8.811923740024085,Wayward,Left Foot,Open Play
Liverpool,Christian Benteke Liolo,107.9,47.7,0.32852456,14.342245291445824,Saved,Right Foot,Open Play
Liverpool,Christian Benteke Liolo,112.9,34.1,0.0493175,9.231467922275412,Blocked,Head,Open Play
Liverpool,Christian Benteke Liolo,115.5,45.5,0.39657387,7.106335201775948,Wayward,Right Foot,Open Play
Liverpool,Jordon Ibe,116.9,29.9,0.09147343,10.565036677645752,Post,Left Foot,Open Play
Liverpool,Christian Benteke Liolo,103.6,27.4,0.065944314,20.681392603013954,Blocked,Right Foot,Open Play
Liverpool,Christian Benteke Liolo,117.7,36.7,0.6134019,4.02243707222375,Off T,Head,Open Play
Liverpool,Adam David Lallana,97.5,43.3,0.16221291,22.74071238989667,Saved,Head,Open Play
Liverpool,Roberto Firmino Barbosa de Oliveira,98.4,46.0,0.08194362,22.41785003072328,Off T,Right Foot,Open Play
Liverpool,James Philip Milner,109.0,54.8,0.06165968,18.440173534975205,Off T,Right Foot,Open Play
Liverpool,Jordan Brian Henderson,86.4,48.9,0.01243856,34.75873990811519,Off T,Right Foot,Open Play
Liverpool,Jordan Brian Henderson,104.8,31.8,0.061480198,17.270784579746227,Blocked,Left Foot,Open Play
Manchester United,Ander Herrera Agüera,97.6,30.5,0.042349987,24.331255619059206,Off T,Right Foot,Open Play
Liverpool,Jordan Brian Henderson,110.7,51.7,0.1381794,14.945902448497382,Off T,Right Foot,Open Play
Liverpool,Jordan Brian Henderson,96.8,49.3,0.047431692,24.994599416673996,Off T,Right Foot,Open Play
Manchester United,Anthony Martial,107.3,26.9,0.08105973,18.245547402037573,Blocked,Left Foot,Open Play
Liverpool,Emre Can,111.1,28.1,0.17178042,14.860013458944108,Saved,Left Foot,Open Play
Liverpool,Kolo Habib Touré,101.2,53.6,0.036938112,23.20344801963708,Blocked,Right Foot,Open Play
Liverpool,Kolo Habib Touré,107.8,62.1,0.007489008,25.24381112272868,Blocked,Right Foot,Open Play
Liverpool,Nathaniel Edwin Clyne,87.6,40.3,0.016811125,32.40138885912146,Off T,Right Foot,Open Play
Manchester United,Anthony Martial,115.0,27.9,0.08386649,13.092364186807515,Off T,Left Foot,Open Play
Liverpool,Roberto Firmino Barbosa de Oliveira,94.8,51.8,0.020282054,27.82588722754407,Off T,Right Foot,Open Play
Manchester United,Matteo Darmian,92.0,35.3,0.024353059,28.391724146307144,Off T,Left Foot,Open Play
Liverpool,Jordan Brian Henderson,98.8,41.5,0.08170745,21.25299978826519,Saved,Right Foot,Open Play
Liverpool,Emre Can,96.1,50.9,0.04199894,26.2682317638626,Saved,Right Foot,Open Play
Liverpool,Roberto Firmino Barbosa de Oliveira,115.5,27.2,0.029139288,13.567977004697497,Saved,Left Foot,Open Play
Liverpool,Adam David Lallana,92.7,33.5,0.03311132,28.06314308839977,Off T,Left Foot,Open Play
Liverpool,Mamadou Sakho,116.4,36.3,0.22169375,5.16236379965612,Off T,Head,Open Play
Manchester United,Marouane Fellaini-Bakkioui,112.9,39.8,0.089861214,7.1028163428318996,Post,Head,Open Play
Manchester United,Wayne Mark Rooney,113.1,46.1,0.18177626,9.209777413162605,Goal,Right Foot,Open Play
Manchester United,Wayne Mark Rooney,83.5,44.3,0.0057525313,36.75241488664384,Off T,Right Foot,Open Play
Liverpool,Jordon Ibe,95.0,33.1,0.029583633,25.934725755249467,Blocked,Right Foot,Open Play
Liverpool,Christian Benteke Liolo,108.6,31.8,0.10129439,14.04279174523357,Wayward,Right Foot,Open Play
Liverpool,James Philip Milner,103.9,43.6,0.061860166,16.497575579460147,Wayward,Right Foot,Open Play
Watford,Almen Abdi,98.2,56.4,0.025119396,27.28002932549743,Off T,Right Foot,Open Play
Manchester City,Aleksandar Kolarov,92.2,17.7,0.0049998597,35.63888325972069,Off T,Left Foot,Open Play
Watford,Odion Jude Ighalo,107.2,52.2,0.040908344,17.682759965570984,Blocked,Right Foot,Open Play
Watford,Odion Jude Ighalo,110.6,49.6,0.21778537,13.435773144854751,Saved,Right Foot,Open Play
Watford,Ben Watson,91.1,31.9,0.039843235,30.01366355512103,Off T,Right Foot,Free Kick
Manchester City,Kevin De Bruyne,93.5,58.0,0.008933601,32.035136959282696,Saved,Right Foot,Open Play
Manchester City,Gnégnéri Yaya Touré,86.6,42.7,0.02114617,33.50895402724473,Blocked,Right Foot,Open Play
Manchester City,Fernando Luiz Rosa,115.6,49.7,0.20705925,10.651291001564088,Saved,Right Foot,Open Play
Manchester City,Raheem Sterling,109.2,45.0,0.08416189,11.90126043744947,Off T,Right Foot,Open Play
Manchester City,Sergio Leonel Agüero del Castillo,112.3,27.3,0.07782335,14.85193590075045,Off T,Left Foot,Open Play
Manchester City,Aleksandar Kolarov,93.3,26.5,0.022100141,29.91889035375477,Off T,Left Foot,Open Play
Manchester City,David Josué Jiménez Silva,101.5,51.1,0.0655331,21.574522010927613,Blocked,Left Foot,Open Play
Watford,José Manuel Jurado Marín,103.5,22.7,0.018543497,23.90690276886573,Off T,Right Foot,Open Play
Watford,Troy Deeney,107.0,42.8,0.10710593,13.29812016790343,Saved,Head,Open Play
Watford,Ben Watson,97.4,23.4,0.017439494,28.041397968004375,Saved,Right Foot,Open Play
Manchester City,Kevin De Bruyne,101.2,22.3,0.024813127,25.82111539031573,Blocked,Right Foot,Open Play
Manchester City,Fernando Luiz Rosa,108.4,40.0,0.049228273,11.599999999999994,Off T,Head,Open Play
Watford,José Holebas,99.6,28.4,0.059964977,23.46742423019621,Blocked,Left Foot,Open Play
Manchester City,Gnégnéri Yaya Touré,105.7,31.0,0.06967662,16.896449331146467,Off T,Right Foot,Open Play
Manchester City,Kevin De Bruyne,97.1,34.7,0.050847694,23.505318547086322,Saved,Right Foot,Open Play
Manchester City,Sergio Leonel Agüero del Castillo,107.4,33.1,0.083558895,14.36558387257545,Blocked,Left Foot,Open Play
Manchester City,Gnégnéri Yaya Touré,88.6,45.7,0.022186484,31.913163428278313,Off T,Right Foot,Open Play
Watford,Almen Abdi,87.0,33.0,0.019286806,33.734255586866,Off T,Right Foot,Open Play
Watford,Etienne Capoue,107.8,37.3,0.41539562,12.495199078045939,Off T,Left Foot,Open Play
Manchester City,Gnégnéri Yaya Touré,111.6,34.5,0.08161887,10.040418317978594,Goal,Left Foot,Open Play
Manchester City,Sergio Leonel Agüero del Castillo,109.7,36.6,0.069532536,10.846658471621568,Goal,Head,Open Play
Watford,Odion Jude Ighalo,110.9,39.7,0.120015346,9.104943712072025,Saved,Right Foot,Open Play
Norwich City,Wes Hoolahan,94.9,21.0,0.007671473,31.480311307228202,Blocked,Left Foot,Open Play
Liverpool,Roberto Firmino Barbosa de Oliveira,102.7,38.2,0.12079998,17.393389548906214,Off T,Right Foot,Open Play
Liverpool,Roberto Firmino Barbosa de Oliveira,111.7,27.8,0.14304239,14.755676873664587,Goal,Left Foot,Open Play
Liverpool,Jordan Brian Henderson,94.7,37.7,0.039384678,25.404330339530695,Blocked,Right Foot,Open Play
Liverpool,Alberto Moreno Pérez,97.0,47.7,0.03709736,24.254690268069805,Off T,Left Foot,Open Play
Norwich City,Dieumerci Mbokani Bezua,112.9,40.0,0.26699802,7.099999999999994,Goal,Right Foot,Open Play
Liverpool,Nathaniel Edwin Clyne,91.0,55.1,0.006706947,32.695718374123544,Blocked,Right Foot,Open Play
Norwich City,Jonathan Howson,106.7,29.7,0.054556124,16.822009392459627,Blocked,Right Foot,Open Play
Norwich City,Steven Naismith,112.6,54.6,0.053692188,16.368261972488103,Goal,Right Foot,Open Play
Norwich City,Wes Hoolahan,108.0,40.0,0.7835,12.0,Goal,Left Foot,Penalty
Liverpool,Jordan Brian Henderson,107.0,42.9,0.24225384,13.319534526401439,Goal,Right Foot,Open Play
Liverpool,Roberto Firmino Barbosa de Oliveira,109.0,38.3,0.3093684,11.130588483993108,Goal,Right Foot,Open Play
Norwich City,Sébastien Aymar Bassong Nguena,103.0,35.0,0.02936942,17.72004514666935,Saved,Head,Open Play
Liverpool,Alberto Moreno Pérez,99.9,18.6,0.010402418,29.359325605333645,Saved,Left Foot,Open Play
Liverpool,James Philip Milner,107.8,48.0,0.47141078,14.58903697986951,Goal,Right Foot,Open Play
Liverpool,Roberto Firmino Barbosa de Oliveira,102.3,24.3,0.030451417,23.659670327373544,Saved,Right Foot,Open Play
Liverpool,James Philip Milner,96.5,45.4,0.04119532,24.112444919584576,Blocked,Right Foot,Open Play
Liverpool,Lucas Pezzini Leiva,89.4,46.7,0.014358541,31.324910215354166,Blocked,Right Foot,Open Play
Norwich City,Sébastien Aymar Bassong Nguena,96.2,41.0,0.033604987,23.820999139414784,Goal,Left Foot,Open Play
Liverpool,Steven Caulker,106.0,36.7,0.07773794,14.383671297690308,Blocked,Right Foot,Open Play
Liverpool,Adam David Lallana,107.5,32.6,0.07789351,14.52618325645109,Goal,Left Foot,Open Play
West Ham United,Michail Antonio,114.4,50.1,0.035028603,11.548592987892507,Goal,Head,Open Play
West Ham United,Mark Noble,91.9,44.9,0.022778003,28.524024961425056,Saved to Post,Right Foot,Open Play
West Ham United,Dimitri Payet,89.4,30.5,0.029070172,32.04075529696514,Saved,Right Foot,Free Kick
West Ham United,Mark Noble,96.7,35.5,0.038822766,23.730571000294113,Blocked,Right Foot,Open Play
West Ham United,Michail Antonio,112.7,51.2,0.08216555,13.36899397860587,Blocked,Left Foot,Open Play
West Ham United,James Collins,112.3,40.8,0.09693147,7.741446893184764,Off T,Head,Open Play
West Ham United,Michail Antonio,94.1,39.1,0.026150087,25.915632348063596,Blocked,Right Foot,Open Play
West Ham United,Dimitri Payet,99.5,26.0,0.029598393,24.82438317461282,Blocked,Right Foot,Open Play
Tottenham Hotspur,Ben Davies,93.9,38.9,0.028847387,26.123169792351,Off T,Left Foot,Open Play
Tottenham Hotspur,Erik Lamela,112.6,48.2,0.1112207,11.045361017187266,Off T,Head,Open Play
Tottenham Hotspur,Ryan Mason,87.6,29.7,0.014929579,33.99779404608482,Off T,Right Foot,Open Play
West Ham United,Aaron Cresswell,110.3,38.3,0.06640108,9.847842403288148,Off T,Head,Open Play
West Ham United,Pedro Mba Obiang Avomo,98.6,46.6,0.047184467,22.39464221638739,Off T,Right Foot,Open Play
Tottenham Hotspur,Toby Alderweireld,92.2,56.9,0.008331369,32.533828548143546,Saved,Right Foot,Open Play
Tottenham Hotspur,Harry Kane,115.9,39.5,0.53762287,4.130375285612671,Blocked,Left Foot,Open Play
Tottenham Hotspur,Toby Alderweireld,92.1,60.7,0.005454552,34.74046631811382,Off T,Right Foot,Open Play
Tottenham Hotspur,Christian Dannemann Eriksen,111.1,55.9,0.029147469,18.221415971323417,Saved,Right Foot,Open Play
West Ham United,Michail Antonio,113.3,43.0,0.25655216,7.340980860893184,Off T,Right Foot,Open Play
Tottenham Hotspur,Harry Kane,115.3,35.1,0.37545925,6.7896980787071834,Off T,Left Foot,Open Play
Tottenham Hotspur,Heung-Min Son,99.4,57.5,0.021605851,27.029798371427038,Off T,Left Foot,Open Play
West Ham United,Aaron Cresswell,98.7,32.9,0.043394137,22.45217138719549,Off T,Left Foot,Open Play
West Ham United,Aaron Cresswell,82.4,32.7,0.0075482805,38.302088715891195,Blocked,Left Foot,Open Play
West Ham United,Dimitri Payet,95.4,51.0,0.024433414,26.947356085523488,Blocked,Right Foot,Open Play
Everton,Séamus Coleman,108.1,50.7,0.12291277,16.003124694883816,Blocked,Right Foot,Open Play
West Bromwich Albion,José Salomón Rondón Giménez,118.7,42.3,0.7872192,2.6419689627245773,Goal,Other,Open Play
West Bromwich Albion,James McClean,97.2,32.1,0.03235991,24.129857024027306,Off T,Left Foot,Open Play
West Bromwich Albion,Craig Dawson,111.6,51.6,0.024191717,14.32201103197453,Wayward,Head,Open Play
Everton,Séamus Coleman,112.4,53.1,0.03352484,15.144966160411187,Blocked,Right Foot,Open Play
Everton,Séamus Coleman,108.1,44.5,0.060457613,12.722421153223946,Off T,Head,Open Play
Everton,Tom Cleverley,105.8,30.1,0.05187793,17.31040149736568,Blocked,Right Foot,Open Play
Everton,Phil Jagielka,87.1,42.1,0.022983884,32.96695315008653,Off T,Right Foot,Open Play
Everton,Ross Barkley,99.5,55.7,0.027317759,25.82130902955929,Blocked,Right Foot,Open Play
Everton,José Ramiro Funes Mori,115.2,35.4,0.09997052,6.648308055437863,Blocked,Head,Open Play
Everton,Séamus Coleman,88.4,48.8,0.020022895,32.80243893371345,Blocked,Right Foot,Open Play
Everton,Ross Barkley,101.1,32.1,0.04400321,20.48462838325363,Blocked,Left Foot,Open Play
Everton,Aaron Lennon,107.9,50.5,0.06854156,16.0206117236515,Saved,Right Foot,Open Play
Everton,José Ramiro Funes Mori,113.0,26.5,0.036151364,15.20690632574555,Off T,Left Foot,Open Play
West Bromwich Albion,José Salomón Rondón Giménez,116.9,50.3,0.03155778,10.75639344761988,Off T,Right Foot,Open Play
Everton,Ross Barkley,99.7,31.8,0.058403097,21.89360637263765,Post,Right Foot,Open Play
Everton,Ross Barkley,98.8,30.0,0.038432255,23.44013651837378,Blocked,Right Foot,Open Play
Everton,Romelu Lukaku Menama,112.0,28.0,0.04836412,14.422205101855956,Blocked,Left Foot,Open Play
Everton,José Ramiro Funes Mori,84.7,43.1,0.013520824,35.435857545712075,Off T,Left Foot,Open Play
Everton,Gareth Barry,112.3,35.3,0.07950051,9.021086409075131,Blocked,Head,Open Play
Everton,Séamus Coleman,98.0,55.0,0.028404277,26.627053911388696,Blocked,Left Foot,Open Play
Everton,James McCarthy,101.9,50.6,0.044443157,20.975461854271526,Blocked,Right Foot,Open Play
Everton,Séamus Coleman,98.0,53.2,0.02676627,25.65618833731932,Saved,Left Foot,Open Play
Everton,Ross Barkley,102.0,44.9,0.08196242,18.655026132385878,Blocked,Left Foot,Open Play
Everton,James McCarthy,102.7,49.6,0.047633883,19.78509540032597,Saved,Right Foot,Open Play
Everton,Gareth Barry,97.3,32.4,0.036710083,23.938462774372127,Off T,Left Foot,Open Play
Everton,Romelu Lukaku Menama,96.1,36.2,0.040624984,24.20020661068827,Blocked,Left Foot,Open Play
West Bromwich Albion,Chris Brunt,109.1,25.2,0.06284093,18.380696395947574,Off T,Left Foot,Open Play
Everton,Arouna Koné,109.0,56.9,0.023631724,20.16457289406349,Saved,Left Foot,Open Play
Everton,James McCarthy,98.4,42.0,0.0379548,21.692394980729993,Off T,Right Foot,Open Play
Everton,Bryan Oviedo,95.6,23.9,0.015778689,29.233029264857247,Saved,Right Foot,Open Play
Everton,Ross Barkley,98.8,31.5,0.025697783,22.840534144367115,Off T,Left Foot,Open Play
Everton,Arouna Koné,111.0,36.6,0.09019064,9.620810776644554,Blocked,Head,Open Play
Everton,Gareth Barry,112.2,31.8,0.11404038,11.317243480636085,Blocked,Right Foot,Open Play
Everton,Ross Barkley,100.4,44.3,0.1339667,20.066140635408686,Off T,Right Foot,Open Play
Everton,Leon Osman,103.5,48.3,0.037637815,18.469975636150686,Off T,Right Foot,Open Play
West Bromwich Albion,Victor Chinedu Anichebe,106.4,50.8,0.04893414,17.36663467687392,Blocked,Right Foot,Open Play
Everton,Ross Barkley,113.1,42.0,0.18315707,7.184010022264729,Off T,Head,Open Play
Aston Villa,Idrissa Gana Gueye,97.1,28.5,0.03877558,25.625378045991834,Off T,Left Foot,Open Play
Manchester City,Aleksandar Kolarov,109.9,24.5,0.04244063,18.500270268296077,Saved,Left Foot,Open Play
Manchester City,Fernando Francisco Reges,114.2,29.8,0.11304711,11.7337121150981,Off T,Left Foot,Open Play
Aston Villa,Carles Gil de Pareja Vicent,94.1,45.1,0.06248149,26.39734835168109,Off T,Left Foot,Free Kick
Manchester City,Aleksandar Kolarov,104.6,63.8,0.008443771,28.347839423843222,Saved,Left Foot,Free Kick
Manchester City,Raheem Sterling,115.0,40.2,0.4332308,5.0039984012787215,Saved,Head,Open Play
Manchester City,Raheem Sterling,107.2,38.5,0.13140716,12.887590930814026,Blocked,Right Foot,Open Play
Manchester City,Gnégnéri Yaya Touré,110.1,36.0,0.045405004,10.677546534667977,Off T,Head,Open Play
Manchester City,Raheem Sterling,108.3,23.6,0.04006255,20.145719148245863,Blocked,Right Foot,Open Play
Manchester City,Kevin De Bruyne,114.7,41.6,0.6067129,5.536244214266562,Wayward,Right Foot,Open Play
Manchester City,Raheem Sterling,96.3,27.9,0.029122166,26.610148440021902,Off T,Right Foot,Open Play
Aston Villa,Rudy Gestede,109.9,37.6,0.06725711,10.381233067415444,Off T,Left Foot,Open Play
Manchester City,Fernando Francisco Reges,115.5,38.3,0.27148774,4.810405388322279,Post,Head,Open Play
Manchester City,Nicolás Hernán Otamendi,104.0,35.9,0.045374066,16.51696097955069,Blocked,Right Foot,Open Play
Manchester City,Fabian Delph,97.2,37.4,0.03628066,22.947766775876033,Off T,Right Foot,Open Play
Manchester City,Aleksandar Kolarov,111.8,26.9,0.04341658,15.454772725601632,Blocked,Left Foot,Open Play
Liverpool,Jordon Ibe,97.9,29.3,0.025042407,24.5540220737866,Off T,Right Foot,Open Play
AFC Bournemouth,Joshua King,113.2,34.9,0.122098394,8.499999999999998,Off T,Head,Open Play
Liverpool,Christian Benteke Liolo,92.5,30.5,0.024777286,29.09467305195231,Off T,Right Foot,Open Play
Liverpool,Christian Benteke Liolo,116.4,43.4,0.57907337,4.951767361255974,Goal,Right Foot,Open Play
Liverpool,Jordan Brian Henderson,94.6,45.4,0.023597114,25.967672209884356,Post,Right Foot,Open Play
Liverpool,Philippe Coutinho Correia,96.9,41.6,0.04903511,23.155344955322946,Blocked,Right Foot,Open Play
Liverpool,Adam David Lallana,93.7,33.1,0.048346218,27.190071717448628,Saved,Head,Open Play
Liverpool,Philippe Coutinho Correia,100.5,54.2,0.02610605,24.12239623254705,Blocked,Left Foot,Open Play
Liverpool,Philippe Coutinho Correia,104.8,43.2,0.12322622,15.533190271158082,Off T,Left Foot,Open Play
AFC Bournemouth,Matt Ritchie,93.1,36.3,0.03375133,27.153268679847745,Saved,Left Foot,Open Play
AFC Bournemouth,Matt Ritchie,102.0,54.6,0.040807072,23.17671245021606,Off T,Left Foot,Open Play
AFC Bournemouth,Callum Wilson,98.3,55.1,0.028036566,26.436716891475008,Blocked,Left Foot,Open Play
Liverpool,Jordon Ibe,101.1,20.8,0.010115743,26.941603515752362,Off T,Right Foot,Open Play
Liverpool,Philippe Coutinho Correia,98.4,50.0,0.05843259,23.80252087489894,Blocked,Right Foot,Open Play
Liverpool,James Philip Milner,110.5,32.3,0.18024924,12.22865487287952,Off T,Left Foot,Open Play
AFC Bournemouth,Matt Ritchie,101.9,53.2,0.05568635,22.402008838494815,Post,Left Foot,Open Play
AFC Bournemouth,Matt Ritchie,97.9,50.5,0.039444897,24.467529503405114,Blocked,Left Foot,Open Play
AFC Bournemouth,Eunan O''Kane,114.4,51.2,0.06703058,12.521980673998822,Off T,Right Foot,Open Play
AFC Bournemouth,Matt Ritchie,95.0,44.2,0.04147408,25.350345165302976,Blocked,Right Foot,Open Play
Liverpool,Philippe Coutinho Correia,99.1,58.7,0.011369161,28.04460732476032,Blocked,Left Foot,Free Kick
Liverpool,Philippe Coutinho Correia,105.6,56.0,0.05213687,21.525798475317938,Off T,Left Foot,Open Play
Liverpool,Philippe Coutinho Correia,107.4,38.9,0.118142165,12.647924730958824,Blocked,Right Foot,Open Play
Liverpool,Philippe Coutinho Correia,103.4,47.3,0.10055553,18.13422179196008,Blocked,Right Foot,Open Play
AFC Bournemouth,Steve Cook,112.3,31.8,0.07809641,11.248555462813883,Off T,Head,Open Play
AFC Bournemouth,Eunan O''Kane,88.5,38.1,0.018396417,31.557249563293695,Blocked,Right Foot,Open Play
AFC Bournemouth,Lee Tomlin,109.5,54.4,0.046197142,17.821616088334974,Blocked,Right Foot,Open Play
AFC Bournemouth,Tommy Elphick,115.3,38.5,0.1406622,4.9335585534176065,Off T,Head,Open Play
AFC Bournemouth,Lee Tomlin,115.3,47.4,0.07749463,8.766413177577247,Saved,Head,Open Play
Liverpool,Nathaniel Edwin Clyne,96.1,54.5,0.022818265,27.954606060540367,Off T,Left Foot,Open Play
Liverpool,Christian Benteke Liolo,111.8,42.0,0.26658842,8.44037913840368,Saved to Post,Right Foot,Open Play
Liverpool,Adam David Lallana,106.4,47.2,0.06310961,15.388307249337071,Off T,Right Foot,Open Play
Liverpool,James Philip Milner,98.2,35.1,0.050806947,22.343902971504328,Off T,Right Foot,Open Play
Watford,Odion Jude Ighalo,85.5,47.5,0.012684767,35.30580688781946,Saved,Right Foot,Open Play
Watford,Troy Deeney,110.2,36.9,0.08240895,10.278618584226187,Off T,Head,Open Play
Watford,Troy Deeney,107.4,38.3,0.09719173,12.714165328483025,Blocked,Head,Open Play
West Bromwich Albion,Rickie Lambert,87.7,42.4,0.021752944,32.38904135660702,Blocked,Right Foot,Open Play
Watford,Troy Deeney,103.3,61.4,0.011557692,27.14498111990502,Saved,Right Foot,Open Play
Watford,José Manuel Jurado Marín,106.8,31.6,0.097159244,15.646085772486359,Off T,Head,Open Play
West Bromwich Albion,Rickie Lambert,115.5,40.4,0.21011949,4.517742799230607,Wayward,Head,Open Play
West Bromwich Albion,Saido Berahino,116.8,33.0,0.16422348,7.696752561957544,Off T,Head,Open Play
Watford,Allan Romeo Nyom,99.4,30.3,0.04925947,22.769497139814042,Saved,Left Foot,Open Play
Watford,José Manuel Jurado Marín,93.0,35.6,0.05727344,27.356169322476422,Off T,Right Foot,Free Kick
Watford,Odion Jude Ighalo,110.2,27.7,0.067552805,15.726728839781018,Off T,Left Foot,Open Play
Watford,José Manuel Jurado Marín,100.7,22.1,0.024417752,26.32299375071156,Off T,Right Foot,Open Play
Watford,Odion Jude Ighalo,95.7,38.6,0.02059748,24.3402958075698,Saved,Left Foot,Open Play
Watford,Odion Jude Ighalo,103.9,38.7,0.08300489,16.152399202595255,Blocked,Right Foot,Open Play
West Bromwich Albion,José Salomón Rondón Giménez,107.3,53.9,0.07579541,18.828170383762732,Off T,Left Foot,Open Play
Watford,Etienne Capoue,91.8,37.8,0.030354165,28.285685425670707,Blocked,Right Foot,Open Play
Watford,Odion Jude Ighalo,112.4,40.0,0.20005704,7.599999999999994,Off T,Head,Open Play
Watford,Odion Jude Ighalo,86.6,20.0,0.0059945057,38.93019393735408,Saved Off Target,Right Foot,Open Play
Watford,Troy Deeney,95.9,50.3,0.02033482,26.208777155754515,Off T,Right Foot,Open Play
West Bromwich Albion,Saido Berahino,116.9,36.1,0.41949457,4.981967482832455,Off T,Head,Open Play
West Bromwich Albion,Chris Brunt,93.7,26.9,0.03999969,29.381967258847727,Off T,Left Foot,Free Kick
Watford,Almen Abdi,94.0,40.6,0.040625855,26.006922155456998,Saved,Left Foot,Open Play
Arsenal,Mesut Özil,94.2,53.5,0.043451663,29.118550788114437,Blocked,Left Foot,Free Kick
Arsenal,Laurent Koscielny,105.7,34.1,0.024582975,15.469324484281785,Off T,Head,Open Play
Arsenal,Alex Oxlade-Chamberlain,97.5,37.0,0.043670855,22.699118925632334,Off T,Right Foot,Open Play
West Ham United,Aaron Cresswell,93.5,25.8,0.024623927,30.064763428305902,Blocked,Left Foot,Open Play
Arsenal,Olivier Giroud,112.0,31.6,0.08044526,11.6,Blocked,Left Foot,Open Play
Arsenal,Santiago Cazorla González,112.6,24.3,0.013115857,17.356554957709783,Off T,Left Foot,Open Play
West Ham United,Diafra Sakho,102.6,18.8,0.0090547,27.42626478396211,Off T,Right Foot,Open Play
Arsenal,Aaron Ramsey,100.4,57.5,0.019383976,26.275654130772843,Blocked,Right Foot,Open Play
Arsenal,Per Mertesacker,112.5,36.5,0.09420774,8.276472678623424,Saved,Head,Open Play
West Ham United,Dimitri Payet,98.0,47.8,0.04071514,23.34180798481557,Blocked,Right Foot,Open Play
West Ham United,Mauro Matías Zárate,103.1,49.0,0.040643245,19.14706243787804,Off T,Right Foot,Open Play
Arsenal,Aaron Ramsey,93.8,44.2,0.03210138,26.53450583674021,Off T,Right Foot,Open Play
West Ham United,Cheikhou Kouyaté,108.1,40.6,0.16672955,11.915116449284083,Goal,Head,Open Play
Arsenal,Mesut Özil,110.8,33.2,0.057946347,11.440279716860074,Blocked,Right Foot,Open Play
Arsenal,Mathieu Debuchy,101.7,53.7,0.029352702,22.86000874890471,Blocked,Right Foot,Open Play
Arsenal,Alex Oxlade-Chamberlain,105.7,24.4,0.024962533,21.162466774929616,Blocked,Right Foot,Open Play
Arsenal,Olivier Giroud,108.6,27.3,0.051871065,17.066048165876015,Off T,Left Foot,Open Play
Arsenal,Olivier Giroud,102.6,46.0,0.06266185,18.405433980213566,Saved,Left Foot,Open Play
West Ham United,Mauro Matías Zárate,94.2,31.0,0.028914236,27.324714088165678,Goal,Right Foot,Open Play
Arsenal,Olivier Giroud,111.6,39.7,0.07217384,8.405355435673146,Saved,Head,Open Play
Arsenal,Theo Walcott,95.0,55.2,0.01961855,29.25816125459698,Blocked,Right Foot,Open Play
Arsenal,Alexis Alejandro Sánchez Sánchez,106.9,19.0,0.008065485,24.7509595773578,Blocked,Right Foot,Open Play
Arsenal,Olivier Giroud,111.6,38.9,0.07589762,8.471717653463205,Blocked,Head,Open Play
West Ham United,Diafra Sakho,110.1,54.0,0.09022091,17.14671980292441,Saved,Right Foot,Open Play
Arsenal,Theo Walcott,108.5,40.6,0.120825656,11.515641536623134,Blocked,Right Foot,Open Play
Arsenal,Alex Oxlade-Chamberlain,102.3,56.0,0.030950855,23.859798825639754,Off T,Right Foot,Open Play
Arsenal,Santiago Cazorla González,96.9,33.6,0.035296515,23.97018981985749,Saved,Left Foot,Open Play
Arsenal,Olivier Giroud,113.2,48.9,0.20028614,11.200446419674527,Off T,Right Foot,Open Play
West Ham United,Modibo Maïga,90.2,42.0,0.028975181,29.867038688159223,Saved,Left Foot,Open Play
Arsenal,Alexis Alejandro Sánchez Sánchez,106.1,29.6,0.08906327,17.360011520733508,Saved,Right Foot,Open Play
Arsenal,Alexis Alejandro Sánchez Sánchez,108.8,26.0,0.061646305,17.928747864811978,Saved,Right Foot,Open Play
AFC Bournemouth,Marc Pugh,110.5,39.0,0.101413816,9.5524865872714,Off T,Head,Open Play
AFC Bournemouth,Matt Ritchie,88.9,39.4,0.024277288,31.105787242890987,Off T,Left Foot,Open Play
Aston Villa,Idrissa Gana Gueye,91.2,37.8,0.031581946,28.883905553093054,Off T,Right Foot,Open Play
AFC Bournemouth,Joshua King,95.8,51.3,0.031120976,26.70823842936857,Blocked,Right Foot,Open Play
AFC Bournemouth,Andrew Surman,90.6,42.1,0.024744451,29.474904579998224,Off T,Left Foot,Open Play
AFC Bournemouth,Dan Gosling,109.2,39.1,0.43219298,10.837435120913064,Off T,Right Foot,Open Play
AFC Bournemouth,Callum Wilson,107.1,50.0,0.33803347,16.322070947033655,Saved,Right Foot,Open Play
Aston Villa,Leandro Bacuna,96.3,43.6,0.090684436,23.971858501167578,Blocked,Right Foot,Free Kick
AFC Bournemouth,Joshua King,106.8,29.1,0.05056071,17.118703221914913,Off T,Right Foot,Open Play
AFC Bournemouth,Marc Pugh,109.0,39.4,0.098560475,11.01635148313633,Saved,Right Foot,Open Play
Aston Villa,Idrissa Gana Gueye,107.3,31.0,0.10868021,15.565667348366407,Saved,Left Foot,Open Play
AFC Bournemouth,Callum Wilson,100.9,23.4,0.029753286,25.30553299181821,Blocked,Right Foot,Open Play
Aston Villa,Gabriel Imuetinyan Agbonlahor,105.7,37.5,0.1054312,14.51688671857709,Blocked,Left Foot,Open Play
Aston Villa,Rudy Gestede,109.9,49.5,0.11003396,13.865785228395826,Off T,Right Foot,Open Play
Aston Villa,Rudy Gestede,111.7,41.6,0.102998406,8.452810183601661,Goal,Head,Open Play
AFC Bournemouth,Andrew Surman,102.0,30.2,0.03295362,20.494877408757535,Off T,Left Foot,Open Play
AFC Bournemouth,Callum Wilson,113.3,52.1,0.038900133,13.831124321616088,Blocked,Right Foot,Open Play
Aston Villa,Gabriel Imuetinyan Agbonlahor,97.6,41.7,0.10252438,22.464416306683784,Saved,Left Foot,Open Play
AFC Bournemouth,Matt Ritchie,104.3,55.9,0.046736866,22.34502181695064,Off T,Right Foot,Open Play
Swansea City,Bafétimbi Gomis,114.7,31.9,0.0716005,9.67987603226405,Off T,Head,Open Play
Chelsea,Branislav Ivanović,89.6,66.2,0.004586036,40.132281270817394,Off T,Right Foot,Open Play
Swansea City,Bafétimbi Gomis,106.0,44.8,0.18129662,14.799999999999999,Blocked,Left Foot,Open Play
Swansea City,Sung-Yeung Ki,101.6,51.7,0.045967303,21.80481598179632,Saved,Left Foot,Open Play
Chelsea,Nemanja Matić,92.5,52.7,0.022756897,30.290922732726386,Saved Off Target,Left Foot,Open Play
Chelsea,Oscar dos Santos Emboaba Júnior,101.9,15.7,0.008497018,30.3001650160523,Goal,Right Foot,Free Kick
Swansea City,Bafétimbi Gomis,110.4,43.0,0.0826579,10.05783276854412,Saved,Head,Open Play
Swansea City,André Ayew Pelé,114.1,37.9,0.26275134,6.262587324740476,Blocked,Left Foot,Open Play
Swansea City,André Ayew Pelé,113.1,36.8,0.30670494,7.605918747922574,Goal,Left Foot,Open Play
Chelsea,Diego da Silva Costa,119.0,61.3,0.010350313,21.32346125749757,Saved,Right Foot,Open Play
Swansea City,Gylfi Þór Sigurðsson,96.8,28.8,0.031824846,25.76198750096739,Saved,Right Foot,Open Play
Chelsea,Francesc Fàbregas i Soler,102.8,52.1,0.04187798,21.029740844813094,Wayward,Right Foot,Open Play
Swansea City,Gylfi Þór Sigurðsson,97.4,24.4,0.04558823,27.461245419681894,Blocked,Right Foot,Free Kick
Swansea City,Bafétimbi Gomis,112.2,32.3,0.10087849,10.960383204979651,Blocked,Left Foot,Open Play
Swansea City,Federico Fernández,115.0,40.6,0.23998842,5.035871324805669,Off T,Head,Open Play
Swansea City,Gylfi Þór Sigurðsson,104.9,29.9,0.05546757,18.166452598127126,Blocked,Left Foot,Open Play
Swansea City,Bafétimbi Gomis,108.1,40.1,0.7835,11.900420160649796,Goal,Right Foot,Penalty
Swansea City,Jefferson Antonio Montero Vite,99.2,26.9,0.03583321,24.581497106563706,Saved,Right Foot,Open Play
Chelsea,Willian Borges da Silva,109.8,25.2,0.03756898,17.974426277353057,Blocked,Right Foot,Open Play
Swansea City,Jefferson Antonio Montero Vite,114.7,28.5,0.082965866,12.662543188475212,Saved,Right Foot,Open Play
Chelsea,Branislav Ivanović,112.1,38.0,0.13755284,8.14923309275174,Off T,Head,Open Play
Swansea City,Wayne Routledge,109.1,29.8,0.115056254,14.928161306738353,Saved,Right Foot,Open Play
Chelsea,Eden Hazard,114.6,51.4,0.12606794,12.614277624977184,Saved,Right Foot,Open Play
Chelsea,Branislav Ivanović,98.3,56.9,0.023097359,27.504545078950134,Blocked,Right Foot,Open Play
Swansea City,André Ayew Pelé,102.9,58.1,0.029766712,24.900200802403177,Saved,Left Foot,Open Play
Chelsea,Radamel Falcao García Zárate,99.9,37.4,0.07365523,20.26746160721662,Saved,Right Foot,Open Play
